expat_id,previous_company,plan_end_date,reason_left_previous,reason_chose_ratha,had_ratha_before,premium_savings_percent,onboarding_speed_advantage_days,india_coverage_interest,acquisition_cost_estimated,lifetime_value_projected
EXP120902,Allianz,2026-07-09 16:28:34.890199,High premium,Better affordability,False,23.2,4,True,173.35,4738.33
EXP839173,Allianz,2026-07-29 16:28:34.890227,Slow claims processing,Simpler process,False,31.5,7,False,60.22,1798.67
EXP133939,AIG,2026-07-28 16:28:34.890244,High premium,Better affordability,False,26.1,5,False,64.99,3792.94
EXP464402,CHUBB,2026-07-15 16:28:34.890256,Complex onboarding,Better affordability,False,22.1,10,True,115.5,3389.57
EXP981224,IMG Global,2026-06-29 16:28:34.890268,Complex onboarding,Better affordability,False,21.9,7,True,173.9,2911.17
EXP983246,HDFC ERGO,2026-07-29 16:28:34.890279,Limited coverage options,Better customer support,False,29.5,5,False,136.26,3858.14
EXP324701,IMG Global,2026-06-29 16:28:34.890290,Limited coverage options,Faster onboarding,False,25.2,8,True,177.69,3506.9
EXP239999,Allianz,2026-08-05 16:28:34.890300,High premium,India-USA coordination,False,29.3,4,True,52.14,2419.47
EXP759250,Allianz,2026-07-21 16:28:34.890310,Limited coverage options,Better affordability,False,25.3,7,True,198.78,3050.6
EXP334807,HDFC ERGO,2026-07-14 16:28:34.890321,Slow claims processing,Better affordability,False,18.6,10,False,111.57,2196.15
EXP746567,AIG,2026-07-22 16:28:34.890331,High premium,Comprehensive expat coverage,False,18.9,9,True,190.5,3726.52
EXP329229,IMG Global,2026-07-15 16:28:34.890341,No India coverage,Better affordability,False,17.1,9,True,170.62,2326.95
EXP715418,AIG,2026-08-18 16:28:34.890353,Complex onboarding,Better customer support,False,29.4,4,True,73.92,4670.14
EXP450980,Allianz,2026-07-26 16:28:34.890363,High premium,Better affordability,False,27.0,8,False,187.12,1514.95
EXP314332,IMG Global,2026-08-21 16:28:34.890373,Slow claims processing,Better customer support,False,24.6,9,True,114.14,4556.52
EXP501135,HDFC ERGO,2026-08-21 16:28:34.890383,Poor customer service,Better affordability,False,22.5,6,True,81.58,3359.14
EXP788143,AIG,2026-07-21 16:28:34.890394,Poor customer service,Comprehensive expat coverage,False,18.2,7,True,153.88,4585.92
EXP727712,HDFC ERGO,2026-08-19 16:28:34.890403,Complex onboarding,Simpler process,False,34.4,6,True,73.05,3093.09
EXP671263,AIG,2026-07-29 16:28:34.890413,Limited coverage options,Better affordability,False,21.9,10,True,74.43,3776.58
EXP747378,AIG,2026-08-08 16:28:34.890423,No India coverage,Simpler process,False,16.8,6,False,123.1,4478.46
EXP288315,ICICI Lombard,2026-07-10 16:28:34.890433,Slow claims processing,India-USA coordination,False,19.7,8,True,163.1,2654.81
EXP165340,IMG Global,2026-08-06 16:28:34.890443,Slow claims processing,Better customer support,False,24.7,10,False,127.55,3992.67
EXP434611,ICICI Lombard,2026-07-27 16:28:34.890452,Slow claims processing,Comprehensive expat coverage,False,33.3,10,True,129.17,3451.34
EXP291539,IMG Global,2026-07-20 16:28:34.890462,Slow claims processing,Better customer support,False,19.9,4,True,189.71,4469.87
EXP944911,Allianz,2026-08-27 16:28:34.890472,Complex onboarding,Better customer support,False,19.2,5,True,52.17,3172.34
EXP911225,Allianz,2026-07-04 16:28:34.890482,No India coverage,Faster onboarding,False,18.1,7,False,74.59,2270.8
EXP733496,CHUBB,2026-08-20 16:28:34.890492,Complex onboarding,Faster onboarding,False,31.9,4,True,167.58,3893.18
EXP126227,Allianz,2026-07-07 16:28:34.890502,High premium,Better affordability,False,26.9,10,True,50.65,2026.3
EXP627917,ICICI Lombard,2026-07-01 16:28:34.890512,Limited coverage options,Faster onboarding,False,15.5,10,True,141.87,1515.15
EXP892927,IMG Global,2026-06-28 16:28:34.890521,No India coverage,Comprehensive expat coverage,False,27.8,6,False,199.74,4945.22
EXP863710,ICICI Lombard,2026-07-29 16:28:34.890531,Slow claims processing,Faster onboarding,False,34.8,5,True,95.94,4479.11
EXP473932,CHUBB,2026-08-20 16:28:34.890541,Limited coverage options,Simpler process,False,20.5,8,True,138.46,4279.89
EXP280602,IMG Global,2026-08-01 16:28:34.890550,Poor customer service,Faster onboarding,False,34.4,8,True,108.52,2266.84
EXP268738,ICICI Lombard,2026-06-30 16:28:34.890560,No India coverage,Simpler process,False,21.8,4,True,158.06,3998.19
EXP617118,ICICI Lombard,2026-07-18 16:28:34.890570,Slow claims processing,India-USA coordination,False,25.7,9,False,187.71,3942.79
EXP157661,CHUBB,2026-08-07 16:28:34.890579,Complex onboarding,Better customer support,False,25.8,6,False,124.39,3427.11
EXP621203,HDFC ERGO,2026-07-17 16:28:34.890589,Complex onboarding,Simpler process,False,25.2,7,True,104.93,2670.41
EXP650628,ICICI Lombard,2026-08-16 16:28:34.890599,No India coverage,Better customer support,False,33.8,4,True,104.41,2861.74
EXP604559,ICICI Lombard,2026-08-22 16:28:34.890608,Limited coverage options,Faster onboarding,False,26.5,5,False,74.13,3523.98
EXP732998,HDFC ERGO,2026-08-16 16:28:34.890618,No India coverage,Better affordability,False,26.9,10,False,183.39,1813.46
EXP136642,HDFC ERGO,2026-08-01 16:28:34.890628,Complex onboarding,Better affordability,False,28.6,4,True,188.98,2390.75
EXP448535,HDFC ERGO,2026-07-18 16:28:34.890638,Slow claims processing,Comprehensive expat coverage,False,19.4,8,False,194.92,2866.73
EXP480640,CHUBB,2026-08-12 16:28:34.890647,Limited coverage options,India-USA coordination,False,28.2,6,True,103.85,3358.64
EXP639955,HDFC ERGO,2026-06-30 16:28:34.890657,No India coverage,Comprehensive expat coverage,False,28.3,5,False,83.49,2507.65
EXP249079,ICICI Lombard,2026-07-17 16:28:34.890666,Poor customer service,Better affordability,False,29.2,8,True,99.24,3584.12
EXP311045,CHUBB,2026-08-14 16:28:34.890676,Complex onboarding,Comprehensive expat coverage,False,33.9,9,True,156.11,2087.08
EXP284852,ICICI Lombard,2026-07-20 16:28:34.890686,Slow claims processing,Simpler process,False,28.8,4,True,137.78,3463.24
EXP212260,AIG,2026-07-10 16:28:34.890695,Complex onboarding,Better affordability,False,31.4,6,True,79.64,1759.82
EXP649403,CHUBB,2026-08-20 16:28:34.890705,Slow claims processing,Faster onboarding,False,16.9,10,True,129.33,4709.06
EXP355194,IMG Global,2026-08-12 16:28:34.890714,No India coverage,India-USA coordination,False,23.3,10,True,173.15,2583.75
EXP565198,AIG,2026-07-11 16:28:34.890724,No India coverage,Simpler process,False,18.3,9,True,173.76,4161.42
EXP956463,CHUBB,2026-07-31 16:28:34.890733,Complex onboarding,Better customer support,False,26.8,9,True,175.79,1528.02
EXP928748,CHUBB,2026-07-19 16:28:34.890746,High premium,Better customer support,False,21.1,5,True,173.24,4816.06
EXP395709,HDFC ERGO,2026-07-17 16:28:34.890757,No India coverage,India-USA coordination,False,33.5,6,True,139.62,3826.65
EXP831295,HDFC ERGO,2026-07-23 16:28:34.890766,Poor customer service,Better customer support,False,32.7,7,True,176.21,4360.96
EXP615290,Allianz,2026-07-30 16:28:34.890776,Complex onboarding,Simpler process,False,15.7,9,True,186.63,3190.84
EXP135020,HDFC ERGO,2026-07-05 16:28:34.890786,Limited coverage options,Faster onboarding,False,18.0,5,True,196.67,1663.87
EXP670843,IMG Global,2026-08-27 16:28:34.890796,Limited coverage options,Better customer support,False,23.4,9,True,69.26,3588.92
EXP671511,HDFC ERGO,2026-08-10 16:28:34.890805,Poor customer service,Simpler process,False,23.1,8,True,85.28,4091.32
EXP148323,HDFC ERGO,2026-07-30 16:28:34.890815,Limited coverage options,India-USA coordination,False,22.9,7,False,115.7,2500.67
EXP198741,AIG,2026-07-16 16:28:34.890825,Limited coverage options,Better customer support,False,30.7,9,False,103.55,3027.77
EXP416409,ICICI Lombard,2026-07-23 16:28:34.890835,No India coverage,Better customer support,False,22.1,4,True,133.62,3712.76
EXP488883,Allianz,2026-08-15 16:28:34.890844,High premium,Comprehensive expat coverage,False,24.3,9,True,148.2,2058.41
EXP541282,CHUBB,2026-08-03 16:28:34.890854,No India coverage,India-USA coordination,False,29.6,4,True,103.72,2981.81
EXP621336,AIG,2026-08-21 16:28:34.890864,Poor customer service,Simpler process,False,16.8,7,True,142.79,3053.93
EXP680986,AIG,2026-08-08 16:28:34.890873,High premium,Comprehensive expat coverage,False,21.9,9,True,140.26,3629.55
EXP758202,HDFC ERGO,2026-08-12 16:28:34.890883,Poor customer service,Faster onboarding,False,15.1,5,False,197.34,1585.71
EXP253987,HDFC ERGO,2026-07-26 16:28:34.890893,High premium,India-USA coordination,False,34.0,5,True,185.37,4119.32
EXP141825,CHUBB,2026-07-27 16:28:34.890902,Limited coverage options,Better customer support,False,19.6,4,True,81.37,2443.51
EXP619111,Allianz,2026-08-25 16:28:34.890912,Complex onboarding,Simpler process,False,15.6,7,False,185.45,3193.31
EXP666707,IMG Global,2026-07-20 16:28:34.890921,Limited coverage options,Better affordability,False,20.0,10,False,127.26,3205.92
EXP903019,CHUBB,2026-07-09 16:28:34.890931,Poor customer service,Faster onboarding,False,34.8,6,True,187.18,2636.46
EXP774371,AIG,2026-08-19 16:28:34.890941,Complex onboarding,Better customer support,False,30.8,9,False,113.61,3834.61
EXP695678,Allianz,2026-07-21 16:28:34.890950,Limited coverage options,Comprehensive expat coverage,False,26.5,6,True,137.57,1668.46
EXP446754,HDFC ERGO,2026-07-06 16:28:34.890960,High premium,India-USA coordination,False,24.9,5,True,177.57,3741.75
EXP573003,IMG Global,2026-07-30 16:28:34.890969,Complex onboarding,Faster onboarding,False,16.5,4,False,155.59,4252.43
EXP144367,ICICI Lombard,2026-07-11 16:28:34.890979,Limited coverage options,Better affordability,False,20.7,9,True,74.79,2334.62
EXP381797,AIG,2026-07-08 16:28:34.890989,Poor customer service,Comprehensive expat coverage,False,21.7,4,False,103.37,2378.77
EXP291388,ICICI Lombard,2026-08-08 16:28:34.890999,Limited coverage options,Faster onboarding,False,22.4,9,False,129.94,4766.72
EXP947183,CHUBB,2026-07-29 16:28:34.891008,Complex onboarding,Simpler process,False,33.5,10,True,184.96,1730.63
EXP413731,HDFC ERGO,2026-08-17 16:28:34.891018,High premium,Faster onboarding,False,32.0,4,True,102.22,3991.25
EXP873702,ICICI Lombard,2026-07-16 16:28:34.891027,High premium,Comprehensive expat coverage,False,18.9,9,False,187.66,2284.29
EXP854249,AIG,2026-08-02 16:28:34.891037,Complex onboarding,India-USA coordination,False,21.7,10,False,197.4,2292.72
EXP786620,CHUBB,2026-08-23 16:28:34.891046,Complex onboarding,Comprehensive expat coverage,False,20.0,10,False,189.94,2408.72
EXP826611,IMG Global,2026-08-24 16:28:34.891056,Complex onboarding,Faster onboarding,False,27.8,4,True,71.36,1980.29
EXP326259,ICICI Lombard,2026-07-11 16:28:34.891065,High premium,Better affordability,False,26.5,7,True,155.53,2317.24
EXP763397,Allianz,2026-07-11 16:28:34.891075,Complex onboarding,Better affordability,False,31.3,4,True,179.89,4561.36
EXP137966,ICICI Lombard,2026-08-25 16:28:34.891085,Limited coverage options,India-USA coordination,False,17.8,6,True,111.59,4853.14
EXP704938,ICICI Lombard,2026-07-31 16:28:34.891094,High premium,Simpler process,False,20.2,7,True,79.53,3236.06
EXP476914,IMG Global,2026-08-04 16:28:34.891104,Complex onboarding,Comprehensive expat coverage,False,21.6,9,False,125.27,3872.06
EXP960428,HDFC ERGO,2026-08-26 16:28:34.891113,Complex onboarding,Faster onboarding,False,15.2,5,True,120.56,4081.69
EXP574084,HDFC ERGO,2026-08-14 16:28:34.891123,Poor customer service,Better affordability,False,18.7,5,True,188.14,2081.51
EXP698715,ICICI Lombard,2026-07-09 16:28:34.891134,Complex onboarding,Better affordability,False,28.3,5,False,161.25,1536.75
EXP939724,HDFC ERGO,2026-08-18 16:28:34.891144,Complex onboarding,Simpler process,False,19.2,4,True,151.49,3629.28
EXP479684,CHUBB,2026-07-22 16:28:34.891153,High premium,Simpler process,False,17.2,6,False,187.62,2270.37
EXP998524,CHUBB,2026-07-13 16:28:34.891163,Complex onboarding,Simpler process,False,19.7,8,True,191.22,3272.0
EXP974389,HDFC ERGO,2026-07-31 16:28:34.891172,High premium,Better affordability,False,32.0,5,False,50.41,1978.92
EXP390503,ICICI Lombard,2026-08-22 16:28:34.891182,Limited coverage options,Better affordability,False,27.6,4,False,67.81,2988.61
EXP970735,AIG,2026-08-18 16:28:34.891191,No India coverage,Comprehensive expat coverage,False,21.6,10,False,124.88,4889.67
EXP111766,ICICI Lombard,2026-07-01 16:28:34.891201,High premium,Better customer support,False,29.1,7,False,189.05,3498.65
EXP799214,AIG,2026-06-30 16:28:34.891210,Limited coverage options,India-USA coordination,False,16.9,5,True,78.52,2950.08
EXP448325,Allianz,2026-07-23 16:28:34.891220,Complex onboarding,India-USA coordination,False,20.1,9,True,59.27,1604.25
EXP280364,AIG,2026-07-03 16:28:34.891229,Slow claims processing,Comprehensive expat coverage,False,15.6,6,True,187.68,2127.63
EXP779132,AIG,2026-08-11 16:28:34.891239,Poor customer service,Faster onboarding,False,26.8,9,True,143.78,4170.56
EXP420026,IMG Global,2026-08-02 16:28:34.891248,Limited coverage options,Faster onboarding,False,34.6,6,True,151.97,3344.43
EXP153446,ICICI Lombard,2026-07-18 16:28:34.891258,Poor customer service,Simpler process,False,19.8,5,True,187.35,4539.95
EXP844678,IMG Global,2026-08-01 16:28:34.891267,Complex onboarding,Better affordability,False,18.0,5,False,117.65,4702.97
EXP413688,Allianz,2026-08-15 16:28:34.891277,Poor customer service,Comprehensive expat coverage,False,21.1,8,True,100.06,2110.62
EXP814337,AIG,2026-07-05 16:28:34.891287,Poor customer service,India-USA coordination,False,31.6,9,True,72.14,2117.99
EXP274791,IMG Global,2026-08-07 16:28:34.891297,Poor customer service,India-USA coordination,False,33.1,5,False,123.43,4831.8
EXP429899,AIG,2026-07-25 16:28:34.891306,High premium,Better affordability,False,27.5,7,True,176.78,3639.42
EXP443581,IMG Global,2026-08-12 16:28:34.891316,Slow claims processing,Better customer support,False,29.7,5,False,194.31,1917.32
EXP946269,AIG,2026-07-31 16:28:34.891325,Slow claims processing,Simpler process,False,31.6,5,True,63.2,4905.27
EXP106830,Allianz,2026-07-29 16:28:34.891335,Complex onboarding,Faster onboarding,False,17.5,4,True,121.67,3938.0
EXP208567,Allianz,2026-07-09 16:28:34.891345,Limited coverage options,Comprehensive expat coverage,False,22.8,7,False,136.23,2877.33
EXP972297,HDFC ERGO,2026-07-28 16:28:34.891354,Slow claims processing,Comprehensive expat coverage,False,24.6,8,False,113.03,2115.46
EXP253486,ICICI Lombard,2026-08-16 16:28:34.891364,Poor customer service,India-USA coordination,False,31.0,4,True,99.13,4665.5
EXP731269,AIG,2026-08-25 16:28:34.891373,No India coverage,Faster onboarding,False,17.6,4,False,144.24,2155.06
EXP260558,CHUBB,2026-08-08 16:28:34.891383,Poor customer service,Comprehensive expat coverage,False,33.3,5,True,188.23,4253.23
EXP873384,HDFC ERGO,2026-07-15 16:28:34.891392,Complex onboarding,Faster onboarding,False,29.5,6,True,190.48,4009.28
EXP555855,HDFC ERGO,2026-08-18 16:28:34.891402,No India coverage,Better customer support,False,15.6,5,False,141.35,2386.32
EXP805525,AIG,2026-07-27 16:28:34.891412,High premium,Better customer support,False,25.7,6,False,199.97,2642.22
EXP497421,ICICI Lombard,2026-07-15 16:28:34.891421,Limited coverage options,India-USA coordination,False,20.2,8,True,74.45,2641.99
EXP716862,AIG,2026-08-23 16:28:34.891431,Complex onboarding,India-USA coordination,False,25.5,5,False,116.08,4946.95
EXP625708,Allianz,2026-08-26 16:28:34.891440,Limited coverage options,Faster onboarding,False,26.6,5,True,63.57,1513.64
EXP220585,HDFC ERGO,2026-08-13 16:28:34.891450,Limited coverage options,India-USA coordination,False,20.4,5,True,188.56,2642.38
EXP950011,Allianz,2026-07-13 16:28:34.891459,Slow claims processing,India-USA coordination,False,21.4,6,True,67.04,2062.18
EXP431116,IMG Global,2026-07-04 16:28:34.891469,Complex onboarding,India-USA coordination,False,17.7,9,True,113.5,1557.59
EXP531386,IMG Global,2026-08-22 16:28:34.891478,High premium,Better affordability,False,22.9,9,True,113.71,2995.85
EXP848787,CHUBB,2026-08-25 16:28:34.891488,Limited coverage options,Better affordability,False,15.2,4,True,165.52,1937.0
EXP978736,HDFC ERGO,2026-08-11 16:28:34.891498,No India coverage,Better affordability,False,19.0,9,True,130.72,2010.37
EXP160296,CHUBB,2026-07-08 16:28:34.891507,High premium,India-USA coordination,False,27.7,4,True,77.03,4950.81
EXP425734,HDFC ERGO,2026-07-03 16:28:34.891518,Limited coverage options,Simpler process,False,21.2,8,True,117.62,1747.07
EXP167600,CHUBB,2026-07-26 16:28:34.891528,No India coverage,India-USA coordination,False,23.3,9,True,113.12,3664.4
EXP188276,AIG,2026-07-21 16:28:34.891537,Poor customer service,Better customer support,False,33.1,5,True,115.13,4597.08
EXP220122,ICICI Lombard,2026-07-06 16:28:34.891547,Limited coverage options,Better affordability,False,34.3,8,True,168.18,2673.96
EXP575189,Allianz,2026-07-10 16:28:34.891556,Slow claims processing,Better affordability,False,30.6,10,True,143.0,4076.13
EXP692939,CHUBB,2026-08-02 16:28:34.891566,Slow claims processing,Better affordability,False,29.0,10,True,123.87,3995.16
EXP148547,AIG,2026-06-30 16:28:34.891576,Poor customer service,Better customer support,False,32.7,10,True,199.07,1736.23
EXP568537,Allianz,2026-08-12 16:28:34.891585,Slow claims processing,Simpler process,False,18.2,4,True,134.33,3476.46
EXP230581,ICICI Lombard,2026-07-04 16:28:34.891595,Limited coverage options,Faster onboarding,False,29.3,7,True,162.91,4926.37
EXP232586,Allianz,2026-07-27 16:28:34.891604,Limited coverage options,Comprehensive expat coverage,False,15.7,4,False,106.19,2629.99
EXP496515,Allianz,2026-08-21 16:28:34.891614,Complex onboarding,Better customer support,False,19.2,6,True,148.43,2257.16
EXP125405,CHUBB,2026-08-03 16:28:34.891623,Poor customer service,Better customer support,False,19.6,10,True,126.21,3104.84
EXP405436,Allianz,2026-08-25 16:28:34.891633,High premium,Simpler process,False,27.1,7,False,174.55,4159.3
EXP756095,HDFC ERGO,2026-07-20 16:28:34.891642,Slow claims processing,Faster onboarding,False,34.9,4,True,120.66,3715.2
EXP298071,CHUBB,2026-08-18 16:28:34.891652,Limited coverage options,Better affordability,False,16.0,4,True,82.24,3811.3
EXP980803,IMG Global,2026-07-20 16:28:34.891661,Slow claims processing,Better affordability,False,31.2,8,False,152.08,4784.95
EXP949219,IMG Global,2026-07-21 16:28:34.891671,Limited coverage options,India-USA coordination,False,15.0,7,True,68.86,2211.33
EXP322469,Allianz,2026-06-28 16:28:34.891681,Limited coverage options,Better customer support,False,15.2,10,True,186.3,1746.91
EXP285183,IMG Global,2026-08-14 16:28:34.891691,Slow claims processing,Faster onboarding,False,21.7,6,True,105.61,3486.15
EXP719802,HDFC ERGO,2026-07-10 16:28:34.891700,Poor customer service,India-USA coordination,False,32.8,7,False,59.81,2842.87
EXP796416,ICICI Lombard,2026-08-23 16:28:34.891710,Limited coverage options,Better customer support,False,22.3,7,False,133.71,3549.22
EXP141642,HDFC ERGO,2026-08-06 16:28:34.891719,High premium,India-USA coordination,False,20.8,6,True,172.62,4167.81
EXP819865,AIG,2026-07-23 16:28:34.891729,High premium,Simpler process,False,24.2,9,True,62.23,2182.65
EXP911069,CHUBB,2026-07-03 16:28:34.891739,Limited coverage options,India-USA coordination,False,15.9,6,True,168.1,2087.6
EXP585594,HDFC ERGO,2026-08-27 16:28:34.891748,Poor customer service,Better affordability,False,31.5,8,True,65.81,3432.31
EXP712479,AIG,2026-08-03 16:28:34.891758,High premium,Faster onboarding,False,20.6,6,False,92.02,1584.79
EXP559936,ICICI Lombard,2026-07-06 16:28:34.891767,Poor customer service,Comprehensive expat coverage,False,16.0,5,False,141.59,2217.27
EXP756864,IMG Global,2026-08-26 16:28:34.891777,No India coverage,Comprehensive expat coverage,False,20.1,10,True,138.77,3777.3
EXP269254,CHUBB,2026-08-23 16:28:34.891786,Slow claims processing,Simpler process,False,17.2,9,True,87.98,3039.68
EXP207764,IMG Global,2026-07-13 16:28:34.891796,Limited coverage options,Better affordability,False,34.9,6,False,151.93,3447.79
EXP195439,AIG,2026-07-30 16:28:34.891807,No India coverage,Simpler process,False,16.1,9,False,151.49,1859.79
EXP530354,Allianz,2026-07-23 16:28:34.891817,No India coverage,Better affordability,False,26.6,6,False,101.52,2558.4
EXP989267,ICICI Lombard,2026-08-04 16:28:34.891827,Poor customer service,Comprehensive expat coverage,False,24.7,6,False,69.05,4406.09
EXP163680,AIG,2026-07-28 16:28:34.891836,Poor customer service,India-USA coordination,False,30.4,10,True,151.9,2697.07
EXP574027,Allianz,2026-08-14 16:28:34.891846,Limited coverage options,Faster onboarding,False,33.1,6,False,177.95,1859.2
EXP306236,HDFC ERGO,2026-08-19 16:28:34.891855,Poor customer service,Better customer support,False,34.6,10,False,64.54,2395.89
EXP904293,Allianz,2026-08-17 16:28:34.891865,High premium,Better affordability,False,25.7,6,False,70.1,4049.09
EXP904966,AIG,2026-07-10 16:28:34.891874,Limited coverage options,India-USA coordination,False,25.2,5,True,103.97,4777.54
EXP672465,IMG Global,2026-08-22 16:28:34.891884,No India coverage,Simpler process,False,17.1,5,True,196.86,2991.9
EXP422885,Allianz,2026-07-03 16:28:34.891893,High premium,Simpler process,False,22.7,9,True,159.39,4737.41
EXP212279,AIG,2026-07-09 16:28:34.891904,High premium,Comprehensive expat coverage,False,17.7,10,False,121.43,4496.53
EXP758476,Allianz,2026-08-09 16:28:34.891914,Slow claims processing,Faster onboarding,False,22.7,4,True,95.29,3866.41
EXP921716,IMG Global,2026-07-13 16:28:34.891924,Slow claims processing,Simpler process,False,34.2,8,True,85.96,3356.12
EXP481019,CHUBB,2026-07-16 16:28:34.891933,Slow claims processing,Faster onboarding,False,19.7,8,False,111.88,4719.62
EXP504690,HDFC ERGO,2026-06-29 16:28:34.891943,High premium,Comprehensive expat coverage,False,27.2,5,False,171.88,2076.85
EXP370394,Allianz,2026-06-30 16:28:34.891952,Poor customer service,Faster onboarding,False,25.6,7,True,106.72,3199.26
EXP257487,CHUBB,2026-08-21 16:28:34.891961,Complex onboarding,Better affordability,False,33.2,10,False,148.3,3760.41
EXP721666,Allianz,2026-07-22 16:28:34.891971,High premium,Better customer support,False,19.8,10,True,181.38,4435.72
EXP905706,AIG,2026-08-13 16:28:34.891981,Poor customer service,Comprehensive expat coverage,False,19.2,6,True,172.38,4874.76
EXP350585,AIG,2026-07-24 16:28:34.891990,Limited coverage options,Better affordability,False,20.5,5,False,168.13,2317.25
EXP187701,CHUBB,2026-08-07 16:28:34.892000,No India coverage,Better affordability,False,18.6,5,False,119.09,1787.82
EXP969016,AIG,2026-08-26 16:28:34.892009,No India coverage,Better customer support,False,29.2,5,False,119.01,2367.15
EXP591398,Allianz,2026-08-07 16:28:34.892018,Complex onboarding,Simpler process,False,23.7,10,True,192.37,1603.73
EXP904808,CHUBB,2026-08-13 16:28:34.892028,No India coverage,Faster onboarding,False,31.4,7,True,183.92,3066.41
EXP929276,CHUBB,2026-07-07 16:28:34.892037,No India coverage,Better customer support,False,23.1,8,True,117.64,4498.73
EXP301917,Allianz,2026-08-02 16:28:34.892047,Slow claims processing,Simpler process,False,32.7,10,True,80.83,2057.25
EXP221845,IMG Global,2026-07-24 16:28:34.892056,No India coverage,Comprehensive expat coverage,False,30.1,9,True,80.04,4563.11
EXP228061,Allianz,2026-08-11 16:28:34.892066,Slow claims processing,Better customer support,False,19.8,6,True,107.41,4926.81
EXP233177,AIG,2026-08-26 16:28:34.892075,Slow claims processing,Better affordability,False,29.2,5,False,155.23,4977.78
EXP497923,ICICI Lombard,2026-08-01 16:28:34.892085,Poor customer service,Simpler process,False,20.5,5,True,185.51,2937.17
EXP305065,ICICI Lombard,2026-07-07 16:28:34.892094,No India coverage,Comprehensive expat coverage,False,17.1,9,True,74.79,1880.7
EXP395066,IMG Global,2026-07-27 16:28:34.892104,Limited coverage options,Better affordability,False,27.5,7,False,100.98,4182.82
EXP152597,AIG,2026-08-27 16:28:34.892113,Complex onboarding,India-USA coordination,False,21.0,8,True,136.68,4268.13
EXP357312,HDFC ERGO,2026-08-24 16:28:34.892123,Complex onboarding,Comprehensive expat coverage,False,18.2,10,True,151.74,1851.68
EXP819384,HDFC ERGO,2026-08-20 16:28:34.892132,Limited coverage options,Comprehensive expat coverage,False,15.5,4,True,52.76,1985.84
EXP172439,IMG Global,2026-07-13 16:28:34.892142,Slow claims processing,Simpler process,False,30.2,7,True,108.48,4743.21
EXP162720,CHUBB,2026-07-22 16:28:34.892151,Limited coverage options,Faster onboarding,False,17.6,10,True,65.39,2997.49
EXP481980,HDFC ERGO,2026-07-09 16:28:34.892161,Poor customer service,Better customer support,False,16.5,9,True,137.45,2314.84
EXP443619,IMG Global,2026-07-14 16:28:34.892171,High premium,Simpler process,False,29.2,9,True,191.2,4198.93
EXP125190,Allianz,2026-07-05 16:28:34.892182,No India coverage,Comprehensive expat coverage,False,27.1,8,True,190.97,1546.74
EXP816015,CHUBB,2026-07-26 16:28:34.892192,Complex onboarding,Comprehensive expat coverage,False,19.1,5,False,118.28,3437.36
EXP704149,IMG Global,2026-08-15 16:28:34.892202,High premium,Better affordability,False,28.0,10,False,135.92,3557.83
EXP233149,CHUBB,2026-07-12 16:28:34.892212,Complex onboarding,Better customer support,False,21.8,5,True,175.85,1636.44
EXP129831,ICICI Lombard,2026-07-03 16:28:34.892222,Complex onboarding,Better affordability,False,16.3,8,True,95.87,1867.56
EXP112333,ICICI Lombard,2026-07-28 16:28:34.892231,Poor customer service,Comprehensive expat coverage,False,26.4,8,False,153.43,4753.15
EXP809961,ICICI Lombard,2026-07-25 16:28:34.892241,Limited coverage options,Comprehensive expat coverage,False,32.4,8,True,62.01,4581.13
EXP303324,IMG Global,2026-07-05 16:28:34.892251,Limited coverage options,Simpler process,False,33.2,6,True,168.74,1672.05
EXP696086,CHUBB,2026-07-27 16:28:34.892260,High premium,India-USA coordination,False,27.9,4,False,64.68,4981.53
EXP705316,HDFC ERGO,2026-07-26 16:28:34.892270,No India coverage,Simpler process,False,27.3,6,True,168.25,2294.18
EXP302203,ICICI Lombard,2026-08-16 16:28:34.892279,High premium,India-USA coordination,False,34.5,6,False,182.9,4802.96
EXP178191,CHUBB,2026-07-16 16:28:34.892291,Limited coverage options,India-USA coordination,False,17.6,5,False,148.0,4824.26
EXP124707,ICICI Lombard,2026-08-21 16:28:34.892300,Slow claims processing,Faster onboarding,False,22.1,6,True,180.46,1535.91
EXP238656,Allianz,2026-08-11 16:28:34.892310,Limited coverage options,Faster onboarding,False,24.0,5,True,173.41,3338.66
EXP604470,AIG,2026-07-17 16:28:34.892320,No India coverage,Comprehensive expat coverage,False,33.8,6,True,162.92,2946.94
EXP336082,CHUBB,2026-07-18 16:28:34.892330,Poor customer service,Better customer support,False,28.7,6,True,182.88,4611.72
EXP731704,CHUBB,2026-08-27 16:28:34.892339,Complex onboarding,Simpler process,False,23.9,6,False,87.7,3137.78
EXP838951,IMG Global,2026-06-29 16:28:34.892349,Complex onboarding,India-USA coordination,False,16.2,7,True,80.61,4659.91
EXP515229,ICICI Lombard,2026-07-20 16:28:34.892358,High premium,Simpler process,False,17.3,9,True,156.02,2838.38
EXP390725,HDFC ERGO,2026-07-24 16:28:34.892368,Slow claims processing,Simpler process,False,18.8,8,True,169.3,3322.3
EXP772237,ICICI Lombard,2026-07-03 16:28:34.892377,Limited coverage options,Simpler process,False,18.1,4,True,87.16,2559.22
EXP668385,ICICI Lombard,2026-07-15 16:28:34.892387,Slow claims processing,Comprehensive expat coverage,False,32.0,6,False,190.91,4698.37
EXP352615,AIG,2026-07-11 16:28:34.892397,Limited coverage options,Simpler process,False,17.3,8,False,186.75,3483.17
EXP605753,AIG,2026-08-09 16:28:34.892406,Complex onboarding,Comprehensive expat coverage,False,21.7,6,True,143.72,4999.4
EXP195199,AIG,2026-07-02 16:28:34.892416,Complex onboarding,Simpler process,False,20.8,4,False,80.41,4261.78
EXP266637,ICICI Lombard,2026-07-19 16:28:34.892425,Slow claims processing,Comprehensive expat coverage,False,29.4,9,True,189.61,2118.95
EXP481777,Allianz,2026-07-20 16:28:34.892434,High premium,Better customer support,False,31.5,6,True,136.13,3498.74
EXP974272,HDFC ERGO,2026-08-07 16:28:34.892444,Limited coverage options,Better customer support,False,21.9,7,False,147.09,3493.18
EXP862761,HDFC ERGO,2026-08-23 16:28:34.892454,Complex onboarding,Better affordability,False,23.4,6,False,154.96,2776.09
EXP738154,HDFC ERGO,2026-07-31 16:28:34.892463,Slow claims processing,Faster onboarding,False,19.2,10,False,74.94,4693.34
EXP706931,IMG Global,2026-07-05 16:28:34.892473,High premium,India-USA coordination,False,34.2,5,True,81.52,4912.73
EXP916936,ICICI Lombard,2026-08-23 16:28:34.892482,No India coverage,Faster onboarding,False,34.8,10,True,186.11,4677.39
EXP314636,Allianz,2026-07-04 16:28:34.892492,Poor customer service,Better affordability,False,16.8,7,True,100.02,4025.59
EXP927190,IMG Global,2026-08-25 16:28:34.892502,Complex onboarding,Simpler process,False,29.1,4,True,183.75,3935.8
EXP799891,IMG Global,2026-07-13 16:28:34.892511,Poor customer service,Faster onboarding,False,31.6,6,True,165.65,3989.18
EXP433169,Allianz,2026-08-21 16:28:34.892521,No India coverage,Better customer support,False,26.3,7,True,168.99,2592.74
EXP472499,HDFC ERGO,2026-08-21 16:28:34.892531,No India coverage,Simpler process,False,27.0,10,False,110.05,4420.12
EXP333174,CHUBB,2026-07-17 16:28:34.892540,Poor customer service,Simpler process,False,15.0,8,False,80.08,3201.68
EXP472992,Allianz,2026-08-01 16:28:34.892550,High premium,Simpler process,False,16.1,10,True,147.38,4846.38
EXP575272,Allianz,2026-07-02 16:28:34.892560,Poor customer service,India-USA coordination,False,20.9,9,True,85.39,3374.86
EXP841570,Allianz,2026-07-14 16:28:34.892569,No India coverage,Simpler process,False,20.4,8,True,176.27,4563.07
EXP624053,Allianz,2026-07-07 16:28:34.892579,No India coverage,Simpler process,False,33.5,4,True,74.72,1626.03
EXP678777,Allianz,2026-08-05 16:28:34.892588,Poor customer service,Comprehensive expat coverage,False,26.0,7,True,74.47,3240.23
EXP370504,CHUBB,2026-08-23 16:28:34.892598,Limited coverage options,Simpler process,False,22.0,10,False,192.54,3730.4
EXP166894,IMG Global,2026-07-26 16:28:34.892607,No India coverage,India-USA coordination,False,21.9,8,True,176.62,3835.99
EXP531409,Allianz,2026-07-05 16:28:34.892617,High premium,Better affordability,False,33.8,9,False,151.76,2241.25
EXP967795,ICICI Lombard,2026-08-27 16:28:34.892627,High premium,India-USA coordination,False,22.0,6,True,182.34,3070.45
EXP188168,Allianz,2026-07-19 16:28:34.892636,Limited coverage options,Simpler process,False,26.1,7,True,144.8,2445.23
EXP443648,AIG,2026-07-26 16:28:34.892646,No India coverage,Better affordability,False,23.1,9,False,144.69,3747.83
EXP694090,ICICI Lombard,2026-07-16 16:28:34.892655,Slow claims processing,Better affordability,False,16.0,6,True,78.05,2502.16
EXP999925,ICICI Lombard,2026-08-15 16:28:34.892665,Poor customer service,Simpler process,False,23.4,8,True,197.2,3661.49
EXP987299,ICICI Lombard,2026-08-23 16:28:34.892676,High premium,Faster onboarding,False,31.0,6,True,66.3,2013.04
EXP890186,Allianz,2026-08-22 16:28:34.892685,Limited coverage options,Comprehensive expat coverage,False,30.8,4,True,72.62,3017.25
EXP438052,IMG Global,2026-07-04 16:28:34.892695,High premium,Better affordability,False,23.6,8,True,194.16,2071.15
EXP794839,AIG,2026-07-02 16:28:34.892704,Limited coverage options,Simpler process,False,22.5,7,True,179.05,2940.96
EXP436109,AIG,2026-07-09 16:28:34.892714,Slow claims processing,Comprehensive expat coverage,False,31.6,7,True,163.15,4124.32
EXP176889,ICICI Lombard,2026-07-30 16:28:34.892724,Poor customer service,India-USA coordination,False,34.1,9,False,78.54,3121.18
EXP518529,CHUBB,2026-07-15 16:28:34.892734,Slow claims processing,Faster onboarding,False,30.9,10,True,157.63,4455.96
EXP927971,IMG Global,2026-07-28 16:28:34.892744,Slow claims processing,Simpler process,False,24.1,10,False,103.46,2153.15
EXP145425,ICICI Lombard,2026-08-06 16:28:34.892754,Complex onboarding,Comprehensive expat coverage,False,15.3,10,False,67.64,2441.85
EXP673149,ICICI Lombard,2026-08-22 16:28:34.892763,No India coverage,Better customer support,False,20.5,4,False,113.58,3411.33
EXP990370,HDFC ERGO,2026-07-31 16:28:34.892773,Limited coverage options,Simpler process,False,19.1,6,False,102.76,1831.64
EXP914352,AIG,2026-07-04 16:28:34.892783,High premium,Comprehensive expat coverage,False,30.1,4,True,71.93,2204.03
EXP859294,AIG,2026-08-17 16:28:34.892792,Limited coverage options,Simpler process,False,34.8,6,True,143.53,3425.44
EXP307692,HDFC ERGO,2026-07-07 16:28:34.892802,Limited coverage options,Faster onboarding,False,33.8,6,True,95.49,4587.94
EXP120262,CHUBB,2026-06-30 16:28:34.892812,Limited coverage options,India-USA coordination,False,15.2,8,True,96.65,2025.81
EXP523744,AIG,2026-08-22 16:28:34.892822,Slow claims processing,Better customer support,False,17.6,9,True,181.88,3639.36
EXP644813,Allianz,2026-08-17 16:28:34.892831,No India coverage,Better customer support,False,23.3,8,True,125.37,1716.94
EXP575973,ICICI Lombard,2026-07-18 16:28:34.892841,Poor customer service,Comprehensive expat coverage,False,24.3,6,False,91.75,2411.75
EXP818635,ICICI Lombard,2026-08-14 16:28:34.892850,Complex onboarding,India-USA coordination,False,29.5,7,False,162.24,4653.18
EXP114426,IMG Global,2026-08-01 16:28:34.892860,High premium,Faster onboarding,False,19.1,9,True,114.69,2456.28
EXP502022,HDFC ERGO,2026-07-11 16:28:34.892869,Complex onboarding,India-USA coordination,False,30.6,10,True,143.45,1913.22
EXP172091,CHUBB,2026-08-19 16:28:34.892879,Complex onboarding,Simpler process,False,26.2,9,True,169.8,2546.44
EXP896226,CHUBB,2026-07-19 16:28:34.892889,Complex onboarding,Comprehensive expat coverage,False,17.7,10,True,121.45,1815.71
EXP817208,IMG Global,2026-07-02 16:28:34.892898,No India coverage,Simpler process,False,28.6,10,True,124.75,4150.07
EXP249492,CHUBB,2026-08-17 16:28:34.892908,Poor customer service,Faster onboarding,False,28.2,8,True,154.56,4198.47
EXP779758,ICICI Lombard,2026-07-04 16:28:34.892917,No India coverage,India-USA coordination,False,31.5,5,True,107.53,4953.7
EXP208652,CHUBB,2026-08-25 16:28:34.892927,Poor customer service,Better customer support,False,17.6,10,True,172.58,4226.29
EXP972175,CHUBB,2026-08-09 16:28:34.892936,Slow claims processing,Comprehensive expat coverage,False,31.6,7,True,112.01,4133.2
EXP639087,CHUBB,2026-08-22 16:28:34.892946,High premium,Better affordability,False,20.3,8,False,141.84,3556.43
EXP993453,CHUBB,2026-08-04 16:28:34.892955,No India coverage,Better affordability,False,30.9,9,True,72.67,3578.47
EXP213301,HDFC ERGO,2026-07-03 16:28:34.892965,Limited coverage options,Faster onboarding,False,35.0,4,True,146.21,3205.64
EXP415913,HDFC ERGO,2026-08-27 16:28:34.892974,No India coverage,Faster onboarding,False,18.1,8,True,128.85,4220.58
EXP563511,HDFC ERGO,2026-08-15 16:28:34.892983,High premium,Better customer support,False,23.9,4,True,189.7,2909.59
EXP879767,ICICI Lombard,2026-08-10 16:28:34.892993,No India coverage,Better affordability,False,27.1,4,True,177.17,3725.04
EXP366516,ICICI Lombard,2026-08-18 16:28:34.893002,No India coverage,Simpler process,False,28.4,8,True,115.82,4990.98
EXP468125,Allianz,2026-07-10 16:28:34.893012,No India coverage,Better affordability,False,21.2,4,True,106.09,2575.76
EXP642075,IMG Global,2026-08-13 16:28:34.893021,Slow claims processing,Better customer support,False,17.5,8,True,161.64,4638.95
EXP268862,ICICI Lombard,2026-08-25 16:28:34.893031,Poor customer service,Simpler process,False,23.8,7,False,150.25,4122.41
EXP366828,HDFC ERGO,2026-07-30 16:28:34.893040,Complex onboarding,Simpler process,False,25.1,8,False,152.36,2115.8
EXP641825,AIG,2026-07-02 16:28:34.893050,Poor customer service,Comprehensive expat coverage,False,22.1,7,True,80.27,4330.44
EXP905576,IMG Global,2026-06-30 16:28:34.893063,No India coverage,Better affordability,False,24.1,7,True,143.39,2833.1
EXP158206,Allianz,2026-07-15 16:28:34.893072,Poor customer service,India-USA coordination,False,33.2,4,False,169.29,3464.71
EXP707931,Allianz,2026-07-07 16:28:34.893082,Poor customer service,Better customer support,False,22.2,9,True,168.29,2249.25
EXP442119,HDFC ERGO,2026-08-27 16:28:34.893091,Poor customer service,Better affordability,False,19.3,6,False,191.83,2038.19
EXP305095,AIG,2026-07-31 16:28:34.893101,Poor customer service,Simpler process,False,22.8,6,True,144.54,1911.08
EXP329479,Allianz,2026-06-29 16:28:34.893110,High premium,Faster onboarding,False,33.8,7,True,158.12,3774.6
EXP687812,AIG,2026-08-26 16:28:34.893120,Complex onboarding,Better affordability,False,26.8,10,True,182.35,2724.03
EXP680913,ICICI Lombard,2026-07-07 16:28:34.893129,Slow claims processing,Better affordability,False,15.8,9,True,77.95,1647.48
EXP814949,Allianz,2026-07-24 16:28:34.893139,Complex onboarding,Simpler process,False,26.7,7,False,192.84,4445.88
EXP183288,ICICI Lombard,2026-08-23 16:28:34.893148,Poor customer service,Comprehensive expat coverage,False,31.4,7,True,117.28,2120.79
EXP307875,HDFC ERGO,2026-06-29 16:28:34.893158,Poor customer service,Comprehensive expat coverage,False,31.7,6,True,55.76,4236.6
EXP409281,IMG Global,2026-08-21 16:28:34.893167,No India coverage,Better customer support,False,29.8,8,True,198.13,2545.82
EXP148747,ICICI Lombard,2026-08-06 16:28:34.893177,Complex onboarding,India-USA coordination,False,19.8,10,True,176.14,4969.54
EXP678280,CHUBB,2026-06-28 16:28:34.893186,Poor customer service,India-USA coordination,False,33.0,9,True,136.01,2451.61
EXP669535,CHUBB,2026-08-16 16:28:34.893196,Complex onboarding,India-USA coordination,False,32.9,8,False,58.86,3648.83
EXP535997,ICICI Lombard,2026-07-31 16:28:34.893207,Slow claims processing,India-USA coordination,False,22.9,5,True,183.23,1824.99
EXP904571,IMG Global,2026-08-20 16:28:34.893217,No India coverage,Simpler process,False,19.3,9,True,148.85,1709.12
EXP104935,HDFC ERGO,2026-07-23 16:28:34.893227,No India coverage,Better customer support,False,29.9,6,True,100.41,4952.53
EXP969865,CHUBB,2026-07-22 16:28:34.893237,Poor customer service,Better customer support,False,32.8,6,True,123.41,4133.46
EXP978725,HDFC ERGO,2026-08-27 16:28:34.893247,Limited coverage options,Comprehensive expat coverage,False,25.3,7,True,184.77,2969.97
EXP350985,CHUBB,2026-08-20 16:28:34.893257,Limited coverage options,Faster onboarding,False,15.7,8,True,144.2,3381.8
EXP157161,HDFC ERGO,2026-07-30 16:28:34.893266,Limited coverage options,Comprehensive expat coverage,False,34.4,9,False,173.4,4130.08
EXP126926,IMG Global,2026-08-03 16:28:34.893276,Complex onboarding,India-USA coordination,False,32.5,9,True,197.59,2620.96
EXP822222,CHUBB,2026-07-24 16:28:34.893285,Complex onboarding,Better customer support,False,28.6,6,False,69.14,1564.29
EXP895153,ICICI Lombard,2026-07-13 16:28:34.893295,Limited coverage options,Better customer support,False,18.1,7,False,169.75,2048.98
EXP370206,AIG,2026-06-30 16:28:34.893305,High premium,Better customer support,False,19.0,6,True,99.87,2669.97
EXP118483,HDFC ERGO,2026-06-29 16:28:34.893314,Complex onboarding,Comprehensive expat coverage,False,20.2,8,False,126.23,2566.08
EXP271870,CHUBB,2026-08-05 16:28:34.893357,Poor customer service,Comprehensive expat coverage,False,24.7,6,True,183.81,4703.96
EXP295735,ICICI Lombard,2026-07-17 16:28:34.893368,Slow claims processing,Faster onboarding,False,16.7,10,True,136.68,4682.98
EXP266898,HDFC ERGO,2026-08-24 16:28:34.893377,Limited coverage options,Faster onboarding,False,34.6,9,True,171.81,1909.16
EXP527051,HDFC ERGO,2026-07-07 16:28:34.893387,High premium,Better affordability,False,16.9,8,False,94.41,3141.68
EXP971169,HDFC ERGO,2026-07-17 16:28:34.893397,Limited coverage options,Better customer support,False,33.1,10,False,179.06,2848.19
EXP805636,HDFC ERGO,2026-07-13 16:28:34.893406,Poor customer service,Simpler process,False,25.9,4,True,94.98,1627.04
EXP556644,ICICI Lombard,2026-08-12 16:28:34.893416,High premium,India-USA coordination,False,19.5,10,True,159.6,4012.54
EXP904953,CHUBB,2026-07-03 16:28:34.893426,No India coverage,Faster onboarding,False,29.0,8,True,75.76,4483.91
EXP610233,ICICI Lombard,2026-06-30 16:28:34.893436,No India coverage,India-USA coordination,False,27.5,6,False,84.42,4330.66
EXP619256,Allianz,2026-07-25 16:28:34.893445,Poor customer service,Better affordability,False,24.4,7,True,107.64,4713.81
EXP358825,IMG Global,2026-07-23 16:28:34.893455,Slow claims processing,India-USA coordination,False,27.4,4,True,168.66,3896.78
EXP800795,CHUBB,2026-07-31 16:28:34.893465,High premium,Better affordability,False,24.7,10,False,156.99,1867.39
EXP148398,IMG Global,2026-07-26 16:28:34.893476,Poor customer service,Better customer support,False,34.7,9,True,137.53,4481.47
EXP685034,CHUBB,2026-08-08 16:28:34.893488,Complex onboarding,Faster onboarding,False,31.1,4,True,180.3,4400.79
EXP279906,Allianz,2026-08-13 16:28:34.893498,Limited coverage options,Better customer support,False,20.9,8,True,114.28,4227.87
EXP433053,IMG Global,2026-06-28 16:28:34.893507,Complex onboarding,Better affordability,False,21.0,5,True,146.19,4426.94
EXP961893,HDFC ERGO,2026-08-02 16:28:34.893517,Slow claims processing,Better affordability,False,30.0,5,True,118.48,1625.45
EXP214671,IMG Global,2026-07-23 16:28:34.893526,Poor customer service,Better customer support,False,29.4,5,True,192.92,2110.53
EXP444462,CHUBB,2026-07-25 16:28:34.893536,Poor customer service,Better customer support,False,16.0,8,True,117.79,4085.43
EXP588654,CHUBB,2026-08-11 16:28:34.893546,Slow claims processing,India-USA coordination,False,34.8,10,True,75.59,4096.47
EXP108634,CHUBB,2026-07-30 16:28:34.893555,No India coverage,Better affordability,False,17.6,8,False,54.25,2046.62
EXP863885,Allianz,2026-07-02 16:28:34.893565,Limited coverage options,India-USA coordination,False,34.5,9,True,192.89,1754.77
EXP565733,HDFC ERGO,2026-08-09 16:28:34.893574,Slow claims processing,Comprehensive expat coverage,False,34.2,4,True,195.26,3874.94
EXP796808,HDFC ERGO,2026-07-19 16:28:34.893584,No India coverage,Better affordability,False,16.1,6,False,182.15,2318.33
EXP380819,CHUBB,2026-08-03 16:28:34.893594,Poor customer service,Comprehensive expat coverage,False,20.2,6,True,175.82,3505.06
EXP170032,CHUBB,2026-08-23 16:28:34.893603,Poor customer service,Simpler process,False,21.8,5,False,85.5,1515.37
EXP931195,CHUBB,2026-08-27 16:28:34.893613,Complex onboarding,India-USA coordination,False,26.9,10,True,74.5,2532.07
EXP205816,AIG,2026-08-10 16:28:34.893622,Complex onboarding,Simpler process,False,33.3,9,True,108.8,3819.87
EXP368420,HDFC ERGO,2026-08-20 16:28:34.893632,Slow claims processing,Comprehensive expat coverage,False,33.0,9,True,114.9,2113.18
EXP270156,HDFC ERGO,2026-07-20 16:28:34.893642,High premium,Better affordability,False,30.9,6,True,115.33,4464.76
EXP659451,IMG Global,2026-07-28 16:28:34.893651,Poor customer service,Faster onboarding,False,28.9,9,False,190.15,2427.22
EXP490162,ICICI Lombard,2026-07-10 16:28:34.893661,Complex onboarding,Better affordability,False,29.0,8,False,106.51,2485.22
EXP682906,Allianz,2026-07-11 16:28:34.893671,No India coverage,India-USA coordination,False,23.6,10,True,115.3,3631.65
EXP442032,Allianz,2026-08-20 16:28:34.893680,Limited coverage options,Better customer support,False,22.2,5,False,86.17,3898.04
EXP597554,Allianz,2026-06-29 16:28:34.893690,Complex onboarding,Better customer support,False,26.2,9,True,114.6,4649.04
EXP887711,Allianz,2026-08-27 16:28:34.893700,High premium,Better customer support,False,21.8,9,True,163.96,2264.65
EXP703962,ICICI Lombard,2026-06-28 16:28:34.893710,High premium,Faster onboarding,False,27.8,10,False,75.71,1507.52
EXP274207,CHUBB,2026-08-07 16:28:34.893719,No India coverage,Better affordability,False,26.8,10,True,95.64,3733.19
EXP442594,ICICI Lombard,2026-07-19 16:28:34.893729,Poor customer service,Faster onboarding,False,34.8,4,True,151.14,4260.34
EXP815675,CHUBB,2026-07-17 16:28:34.893738,Slow claims processing,Better customer support,False,22.8,9,True,127.35,2461.63
EXP781951,CHUBB,2026-08-09 16:28:34.893748,Limited coverage options,Better customer support,False,32.6,7,True,197.93,1956.13
EXP839486,Allianz,2026-08-25 16:28:34.893758,Slow claims processing,Comprehensive expat coverage,False,28.1,6,False,174.56,2247.95
EXP240713,Allianz,2026-08-16 16:28:34.893767,Poor customer service,Comprehensive expat coverage,False,34.5,10,True,175.11,3026.93
EXP103340,Allianz,2026-07-19 16:28:34.893777,Slow claims processing,India-USA coordination,False,21.4,8,True,189.43,3474.36
EXP634621,AIG,2026-07-11 16:28:34.893786,No India coverage,Better affordability,False,28.3,5,False,85.12,4371.76
EXP157884,CHUBB,2026-08-25 16:28:34.893796,Slow claims processing,Better affordability,False,32.2,10,False,130.96,4464.93
EXP543773,ICICI Lombard,2026-06-28 16:28:34.893805,Limited coverage options,Better customer support,False,21.3,7,False,163.07,3567.81
EXP145230,Allianz,2026-07-30 16:28:34.893815,Poor customer service,Faster onboarding,False,20.6,5,True,154.41,3372.64
EXP954735,HDFC ERGO,2026-07-18 16:28:34.893824,Slow claims processing,Simpler process,False,34.6,6,True,123.3,1524.55
EXP704640,ICICI Lombard,2026-08-24 16:28:34.893834,Limited coverage options,Simpler process,False,32.0,8,True,80.73,2152.19
EXP693401,AIG,2026-07-07 16:28:34.893844,Complex onboarding,Better customer support,False,20.0,10,True,60.27,4141.43
EXP338379,Allianz,2026-08-13 16:28:34.893854,Limited coverage options,India-USA coordination,False,30.6,10,True,147.46,3356.88
EXP888399,HDFC ERGO,2026-07-02 16:28:34.893863,Limited coverage options,Better customer support,False,26.9,7,True,198.71,4031.98
EXP182413,HDFC ERGO,2026-07-04 16:28:34.893874,Complex onboarding,Faster onboarding,False,27.7,8,False,182.03,1778.8
EXP723032,Allianz,2026-07-29 16:28:34.893884,Complex onboarding,Faster onboarding,False,21.2,7,True,81.34,3831.23
EXP502113,Allianz,2026-08-03 16:28:34.893894,Limited coverage options,Better customer support,False,28.6,10,True,88.34,4482.11
EXP893914,IMG Global,2026-07-26 16:28:34.893903,Complex onboarding,Simpler process,False,33.9,10,True,65.88,1845.04
EXP369898,HDFC ERGO,2026-08-25 16:28:34.893913,No India coverage,Simpler process,False,21.7,8,False,195.95,1745.3
EXP474021,IMG Global,2026-06-29 16:28:34.893923,Slow claims processing,Better affordability,False,27.1,7,False,92.12,4533.89
EXP252782,ICICI Lombard,2026-07-22 16:28:34.893932,Complex onboarding,Better customer support,False,19.7,7,True,198.51,2862.37
EXP197941,CHUBB,2026-08-05 16:28:34.893942,Complex onboarding,Faster onboarding,False,22.2,9,True,85.18,4537.43
EXP361230,CHUBB,2026-07-20 16:28:34.893951,Limited coverage options,Simpler process,False,35.0,8,True,197.63,4037.28
EXP299959,HDFC ERGO,2026-07-13 16:28:34.893961,No India coverage,Faster onboarding,False,18.4,4,True,172.65,2441.62
EXP163159,AIG,2026-07-31 16:28:34.893970,High premium,Simpler process,False,30.3,10,True,129.33,2942.63
EXP760717,ICICI Lombard,2026-07-15 16:28:34.893980,Complex onboarding,Better customer support,False,24.9,9,True,181.27,3180.37
EXP468551,IMG Global,2026-08-11 16:28:34.893989,Limited coverage options,Simpler process,False,29.5,4,True,183.15,3814.11
EXP349197,Allianz,2026-08-24 16:28:34.893999,Slow claims processing,Simpler process,False,16.2,4,False,123.05,3496.11
EXP844816,ICICI Lombard,2026-07-30 16:28:34.894008,Complex onboarding,Better affordability,False,31.9,9,True,65.62,1867.5
EXP782692,IMG Global,2026-07-25 16:28:34.894018,Poor customer service,Simpler process,False,28.4,6,True,119.25,4847.34
EXP345011,AIG,2026-08-18 16:28:34.894028,Slow claims processing,Better customer support,False,29.0,8,True,121.27,4154.67
EXP327457,ICICI Lombard,2026-06-30 16:28:34.894037,Poor customer service,Better customer support,False,33.7,6,True,74.49,4653.82
EXP515710,HDFC ERGO,2026-07-19 16:28:34.894047,Poor customer service,Simpler process,False,30.2,8,True,142.35,4883.34
EXP139727,IMG Global,2026-08-07 16:28:34.894056,Slow claims processing,Better customer support,False,26.9,9,False,173.02,1772.54
EXP629593,IMG Global,2026-07-06 16:28:34.894066,Complex onboarding,Better customer support,False,29.7,10,True,174.6,2666.17
EXP604756,CHUBB,2026-07-24 16:28:34.894075,Slow claims processing,Faster onboarding,False,30.8,5,True,129.89,4114.23
EXP642509,Allianz,2026-08-22 16:28:34.894085,Slow claims processing,Simpler process,False,17.3,7,False,151.81,2851.14
EXP223403,ICICI Lombard,2026-07-28 16:28:34.894094,Limited coverage options,Simpler process,False,31.4,10,True,53.71,3690.33
EXP171031,HDFC ERGO,2026-07-29 16:28:34.894104,Complex onboarding,Faster onboarding,False,26.3,5,True,114.3,4860.98
EXP513783,IMG Global,2026-07-17 16:28:34.894114,Complex onboarding,Comprehensive expat coverage,False,25.2,8,True,191.07,4243.19
EXP169899,HDFC ERGO,2026-08-05 16:28:34.894123,No India coverage,Better affordability,False,16.3,5,False,111.93,4795.2
EXP398927,HDFC ERGO,2026-08-15 16:28:34.894132,Complex onboarding,Better affordability,False,26.9,7,False,147.33,4658.6
EXP285579,AIG,2026-07-28 16:28:34.894142,Complex onboarding,Better affordability,False,33.7,10,True,66.33,2229.88
EXP938034,ICICI Lombard,2026-08-01 16:28:34.894152,No India coverage,Faster onboarding,False,34.3,7,True,117.98,4150.63
EXP191798,HDFC ERGO,2026-08-02 16:28:34.894162,Poor customer service,India-USA coordination,False,23.8,9,True,70.2,1608.4
EXP490484,Allianz,2026-07-05 16:28:34.894171,High premium,Faster onboarding,False,16.6,8,True,94.62,1500.63
EXP182554,HDFC ERGO,2026-08-03 16:28:34.894181,Poor customer service,Faster onboarding,False,29.5,4,True,108.5,3798.64
EXP906289,CHUBB,2026-07-16 16:28:34.894191,High premium,Faster onboarding,False,32.3,7,False,115.75,2926.25
EXP853443,ICICI Lombard,2026-08-09 16:28:34.894200,Complex onboarding,Simpler process,False,23.1,6,False,124.61,4111.93
EXP944176,AIG,2026-07-20 16:28:34.894210,Complex onboarding,Simpler process,False,20.3,6,False,128.77,3639.14
EXP128984,IMG Global,2026-08-21 16:28:34.894219,Slow claims processing,India-USA coordination,False,15.6,8,True,116.7,3358.05
EXP532633,CHUBB,2026-08-26 16:28:34.894229,Complex onboarding,India-USA coordination,False,26.2,7,True,142.35,2942.99
EXP805642,ICICI Lombard,2026-08-23 16:28:34.894238,No India coverage,Better affordability,False,26.3,6,False,192.97,3904.51
EXP932366,AIG,2026-07-20 16:28:34.894247,Limited coverage options,Better customer support,False,25.2,7,False,107.72,1735.16
EXP780922,CHUBB,2026-07-24 16:28:34.894259,Complex onboarding,Comprehensive expat coverage,False,20.2,7,True,56.49,1943.96
EXP751894,IMG Global,2026-07-19 16:28:34.894268,No India coverage,Better affordability,False,28.3,7,False,198.2,3772.08
EXP855096,CHUBB,2026-07-07 16:28:34.894278,Limited coverage options,Better customer support,False,21.8,4,True,59.53,4561.88
EXP128802,IMG Global,2026-08-04 16:28:34.894287,Poor customer service,Better affordability,False,23.3,7,True,178.62,4614.0
EXP870972,AIG,2026-07-05 16:28:34.894297,High premium,Better customer support,False,22.8,10,True,62.93,2621.99
EXP962111,ICICI Lombard,2026-07-15 16:28:34.894306,No India coverage,India-USA coordination,False,28.1,6,True,163.85,4992.45
EXP302519,Allianz,2026-07-11 16:28:34.894316,High premium,Better affordability,False,15.5,9,True,179.05,3995.85
EXP723999,AIG,2026-07-26 16:28:34.894325,No India coverage,Comprehensive expat coverage,False,31.3,4,False,53.02,3118.47
EXP461394,Allianz,2026-07-24 16:28:34.894335,High premium,Better customer support,False,16.2,6,False,141.39,1633.46
EXP128889,IMG Global,2026-07-24 16:28:34.894345,Poor customer service,Better affordability,False,31.2,10,False,198.8,3570.47
EXP770653,AIG,2026-07-31 16:28:34.894354,Poor customer service,Better affordability,False,15.1,7,True,57.6,2491.2
EXP431163,IMG Global,2026-07-26 16:28:34.894364,Slow claims processing,Faster onboarding,False,28.9,7,True,122.91,3762.05
EXP410659,Allianz,2026-07-27 16:28:34.894373,No India coverage,Comprehensive expat coverage,False,30.4,4,True,186.39,1761.04
EXP292168,IMG Global,2026-07-21 16:28:34.894383,No India coverage,Better affordability,False,32.5,10,True,122.18,4771.14
EXP531396,AIG,2026-07-28 16:28:34.894392,Limited coverage options,Faster onboarding,False,15.9,6,True,185.64,4467.81
EXP789871,ICICI Lombard,2026-07-03 16:28:34.894402,High premium,Faster onboarding,False,23.4,8,True,144.79,4785.85
EXP162298,AIG,2026-07-10 16:28:34.894411,Slow claims processing,Comprehensive expat coverage,False,22.5,8,False,113.52,2766.61
EXP886059,HDFC ERGO,2026-07-18 16:28:34.894421,No India coverage,India-USA coordination,False,15.5,6,True,122.08,3431.24
EXP852776,IMG Global,2026-08-13 16:28:34.894430,Limited coverage options,Faster onboarding,False,32.8,4,False,141.56,4792.11
EXP871674,ICICI Lombard,2026-08-06 16:28:34.894440,High premium,Better customer support,False,33.5,4,False,96.71,2841.05
EXP294319,IMG Global,2026-07-01 16:28:34.894449,Poor customer service,Faster onboarding,False,31.1,6,False,173.66,4705.76
EXP376408,Allianz,2026-08-12 16:28:34.894459,Poor customer service,India-USA coordination,False,34.1,7,False,90.21,4608.51
EXP243305,IMG Global,2026-07-09 16:28:34.894468,No India coverage,Simpler process,False,29.1,6,False,96.97,4336.6
EXP590923,AIG,2026-07-12 16:28:34.894478,No India coverage,India-USA coordination,False,23.4,8,True,116.9,1743.14
EXP783227,CHUBB,2026-08-11 16:28:34.894488,Complex onboarding,Simpler process,False,19.2,9,True,85.62,4112.44
EXP295663,IMG Global,2026-07-03 16:28:34.894497,High premium,Simpler process,False,25.4,9,False,147.87,3641.6
EXP478434,Allianz,2026-08-11 16:28:34.894507,Limited coverage options,India-USA coordination,False,17.0,5,False,93.09,4863.87
EXP998552,ICICI Lombard,2026-07-01 16:28:34.894516,Limited coverage options,Better customer support,False,25.7,9,True,79.1,2373.71
EXP413551,Allianz,2026-08-17 16:28:34.894526,No India coverage,Simpler process,False,31.9,7,True,105.67,1687.84
EXP730742,ICICI Lombard,2026-07-06 16:28:34.894536,Complex onboarding,Comprehensive expat coverage,False,21.6,8,True,132.35,2871.15
EXP290739,AIG,2026-07-26 16:28:34.894545,Poor customer service,Better customer support,False,25.6,8,False,131.5,4054.37
EXP613274,AIG,2026-07-18 16:28:34.894555,Limited coverage options,Better customer support,False,23.8,4,True,189.87,1954.43
EXP731373,Allianz,2026-08-21 16:28:34.894564,Limited coverage options,Better affordability,False,32.1,10,True,59.11,1777.1
EXP170092,AIG,2026-07-22 16:28:34.894574,No India coverage,Simpler process,False,16.0,6,True,184.85,4847.69
EXP217490,ICICI Lombard,2026-08-17 16:28:34.894583,Poor customer service,Better customer support,False,15.6,9,True,171.26,2930.22
EXP556809,HDFC ERGO,2026-07-09 16:28:34.894593,Slow claims processing,Faster onboarding,False,21.4,10,True,68.01,4718.29
EXP566522,CHUBB,2026-07-06 16:28:34.894602,No India coverage,Faster onboarding,False,27.9,7,False,124.42,1800.78
EXP749683,CHUBB,2026-08-16 16:28:34.894612,Complex onboarding,Better customer support,False,34.6,9,True,152.69,2821.85
EXP652774,ICICI Lombard,2026-07-29 16:28:34.894621,Slow claims processing,India-USA coordination,False,26.1,9,True,142.98,2675.19
EXP991521,IMG Global,2026-08-16 16:28:34.894631,High premium,India-USA coordination,False,20.6,9,False,196.34,3491.56
EXP984286,HDFC ERGO,2026-07-19 16:28:34.894645,No India coverage,Better customer support,False,19.6,8,True,75.0,2158.58
EXP461869,CHUBB,2026-07-31 16:28:34.894654,No India coverage,India-USA coordination,False,19.9,8,False,55.64,3943.38
EXP463946,IMG Global,2026-08-05 16:28:34.894664,Poor customer service,Faster onboarding,False,21.7,9,False,133.98,4628.6
EXP877854,Allianz,2026-08-13 16:28:34.894673,Limited coverage options,Better affordability,False,29.5,4,True,145.8,3211.56
EXP919435,IMG Global,2026-08-09 16:28:34.894683,No India coverage,India-USA coordination,False,33.0,10,True,68.0,1540.91
EXP511122,AIG,2026-08-25 16:28:34.894693,Limited coverage options,Comprehensive expat coverage,False,17.9,7,True,180.11,2087.2
EXP960755,ICICI Lombard,2026-07-11 16:28:34.894702,Complex onboarding,Faster onboarding,False,22.6,9,True,163.78,2747.55
EXP228683,IMG Global,2026-08-22 16:28:34.894712,Complex onboarding,Comprehensive expat coverage,False,33.3,7,True,189.1,4950.45
EXP547982,AIG,2026-08-05 16:28:34.894721,No India coverage,Comprehensive expat coverage,False,28.5,5,True,191.5,2699.36
EXP907250,IMG Global,2026-07-05 16:28:34.894731,Complex onboarding,Comprehensive expat coverage,False,28.4,10,True,90.1,3348.39
EXP390709,IMG Global,2026-06-30 16:28:34.894740,Complex onboarding,India-USA coordination,False,17.6,8,True,176.08,4814.86
EXP602479,AIG,2026-08-27 16:28:34.894750,Limited coverage options,India-USA coordination,False,28.2,10,True,187.93,2402.96
EXP751539,HDFC ERGO,2026-06-29 16:28:34.894759,Slow claims processing,Comprehensive expat coverage,False,24.7,4,False,170.28,2930.95
EXP685481,HDFC ERGO,2026-07-11 16:28:34.894769,No India coverage,Comprehensive expat coverage,False,15.5,5,True,150.56,4707.79
EXP812276,HDFC ERGO,2026-08-27 16:28:34.894779,Complex onboarding,Simpler process,False,19.9,6,True,191.74,3584.59
EXP124016,ICICI Lombard,2026-08-14 16:28:34.894788,Slow claims processing,Faster onboarding,False,17.0,8,True,91.08,3919.14
EXP781059,AIG,2026-07-16 16:28:34.894798,High premium,Faster onboarding,False,30.6,10,False,90.53,2810.56
EXP350474,ICICI Lombard,2026-08-19 16:28:34.894807,Poor customer service,Better affordability,False,20.8,4,False,146.06,1592.37
EXP260860,IMG Global,2026-07-01 16:28:34.894817,Complex onboarding,Faster onboarding,False,28.8,9,True,171.93,4297.59
EXP106224,ICICI Lombard,2026-07-13 16:28:34.894826,Slow claims processing,Faster onboarding,False,33.3,5,True,167.54,4667.49
EXP206437,IMG Global,2026-07-14 16:28:34.894836,High premium,Better affordability,False,21.5,6,True,172.91,1977.74
EXP584900,HDFC ERGO,2026-08-27 16:28:34.894846,Complex onboarding,Better affordability,False,33.3,10,True,139.8,4116.81
EXP686315,Allianz,2026-07-07 16:28:34.894855,Slow claims processing,Comprehensive expat coverage,False,15.1,6,True,195.94,4818.8
EXP170492,ICICI Lombard,2026-08-20 16:28:34.894865,Poor customer service,Better customer support,False,16.1,9,True,158.33,2459.21
EXP740811,ICICI Lombard,2026-08-12 16:28:34.894874,Slow claims processing,India-USA coordination,False,28.4,5,True,160.19,3585.04
EXP346289,CHUBB,2026-07-12 16:28:34.894884,Limited coverage options,Simpler process,False,30.4,5,True,100.01,3180.99
EXP169893,ICICI Lombard,2026-07-26 16:28:34.894893,Slow claims processing,Comprehensive expat coverage,False,26.0,4,True,64.82,4456.42
EXP809229,IMG Global,2026-07-20 16:28:34.894903,High premium,India-USA coordination,False,19.6,7,True,159.71,2665.77
EXP209120,Allianz,2026-07-12 16:28:34.894912,No India coverage,Simpler process,False,18.1,9,False,67.72,1751.43
EXP885837,Allianz,2026-08-03 16:28:34.894922,Complex onboarding,Better customer support,False,31.7,5,False,132.74,2475.59
EXP130247,HDFC ERGO,2026-07-30 16:28:34.894931,Complex onboarding,Simpler process,False,25.2,4,True,159.11,2012.66
EXP887545,ICICI Lombard,2026-07-06 16:28:34.894941,High premium,Better customer support,False,24.3,10,False,183.5,4201.75
EXP460150,AIG,2026-07-06 16:28:34.894950,Limited coverage options,Comprehensive expat coverage,False,29.8,4,True,114.83,2599.37
EXP143256,CHUBB,2026-07-04 16:28:34.894960,High premium,Simpler process,False,27.9,10,False,175.7,2747.07
EXP228418,IMG Global,2026-07-27 16:28:34.894969,No India coverage,Better affordability,False,18.6,10,True,195.54,4893.35
EXP457067,ICICI Lombard,2026-07-06 16:28:34.894979,Complex onboarding,Simpler process,False,29.5,6,False,97.34,2419.62
EXP669142,Allianz,2026-07-31 16:28:34.894988,No India coverage,Comprehensive expat coverage,False,21.3,5,True,170.88,4307.03
EXP953704,AIG,2026-08-01 16:28:34.894997,Limited coverage options,Better customer support,False,25.2,7,True,117.82,4498.22
EXP627292,Allianz,2026-07-07 16:28:34.895007,No India coverage,India-USA coordination,False,34.7,5,True,57.04,2490.08
EXP123839,AIG,2026-08-01 16:28:34.895017,Slow claims processing,India-USA coordination,False,32.0,8,False,185.18,4622.61
EXP255638,AIG,2026-08-25 16:28:34.895028,No India coverage,India-USA coordination,False,17.6,7,False,151.98,4803.17
EXP733361,ICICI Lombard,2026-08-25 16:28:34.895037,Complex onboarding,Faster onboarding,False,32.1,10,False,123.54,1833.04
EXP213040,CHUBB,2026-07-09 16:28:34.895047,Slow claims processing,Better customer support,False,17.5,4,True,179.13,4269.42
EXP910643,ICICI Lombard,2026-08-04 16:28:34.895056,Poor customer service,Faster onboarding,False,25.4,7,False,83.77,1625.12
EXP701066,Allianz,2026-08-09 16:28:34.895066,Poor customer service,Better customer support,False,21.5,8,True,150.68,3462.73
EXP534367,AIG,2026-06-30 16:28:34.895076,Slow claims processing,India-USA coordination,False,21.5,8,True,87.63,4902.27
EXP218238,HDFC ERGO,2026-08-26 16:28:34.895085,Poor customer service,India-USA coordination,False,34.7,8,True,137.08,3508.61
EXP195543,HDFC ERGO,2026-08-03 16:28:34.895096,Limited coverage options,Better customer support,False,31.9,7,False,151.83,4389.94
EXP734019,AIG,2026-06-29 16:28:34.895107,No India coverage,Simpler process,False,19.1,8,True,145.93,1765.43
EXP500520,IMG Global,2026-07-16 16:28:34.895118,No India coverage,India-USA coordination,False,18.8,5,True,114.35,1545.85
EXP219071,CHUBB,2026-07-11 16:28:34.895128,Complex onboarding,Better affordability,False,27.3,5,True,128.03,2769.02
EXP889465,Allianz,2026-08-11 16:28:34.895138,Limited coverage options,Better affordability,False,34.3,10,False,67.66,2383.57
EXP890628,CHUBB,2026-07-11 16:28:34.895148,High premium,Faster onboarding,False,22.5,8,True,51.89,2485.75
EXP374517,Allianz,2026-07-08 16:28:34.895161,Complex onboarding,Better customer support,False,19.0,10,True,57.85,3267.86
EXP493438,IMG Global,2026-08-23 16:28:34.895175,Slow claims processing,Better customer support,False,27.8,10,True,53.87,2581.05
EXP426037,ICICI Lombard,2026-08-21 16:28:34.895188,High premium,Better affordability,False,26.0,5,True,157.12,3705.99
EXP733169,AIG,2026-08-15 16:28:34.895201,Poor customer service,Simpler process,False,31.9,7,True,191.49,3553.23
EXP654958,HDFC ERGO,2026-08-24 16:28:34.895211,Slow claims processing,Faster onboarding,False,22.1,9,True,150.68,4169.16
EXP407819,ICICI Lombard,2026-08-10 16:28:34.895221,No India coverage,India-USA coordination,False,29.5,5,True,197.72,2523.81
EXP142790,CHUBB,2026-07-09 16:28:34.895231,High premium,Faster onboarding,False,17.2,4,True,87.71,3870.4
EXP472151,ICICI Lombard,2026-07-15 16:28:34.895243,Complex onboarding,Faster onboarding,False,20.5,6,False,153.58,3887.72
EXP949225,CHUBB,2026-07-30 16:28:34.895257,Limited coverage options,Better affordability,False,26.6,7,False,83.7,2722.61
EXP218590,CHUBB,2026-07-19 16:28:34.895269,High premium,Comprehensive expat coverage,False,25.7,5,False,157.17,3021.34
EXP507325,HDFC ERGO,2026-08-08 16:28:34.895280,No India coverage,Faster onboarding,False,17.6,9,True,154.51,4158.03
EXP896875,IMG Global,2026-08-13 16:28:34.895290,Complex onboarding,Faster onboarding,False,30.0,10,True,127.98,1649.35
EXP497720,CHUBB,2026-08-06 16:28:34.895301,Poor customer service,Faster onboarding,False,27.7,6,False,63.7,2419.79
EXP465873,AIG,2026-07-26 16:28:34.895312,No India coverage,Comprehensive expat coverage,False,21.7,10,True,100.18,1965.1
EXP250591,IMG Global,2026-07-22 16:28:34.895323,Slow claims processing,Better customer support,False,32.2,10,False,52.22,3780.61
EXP842988,AIG,2026-08-27 16:28:34.895334,High premium,Better affordability,False,33.0,9,True,82.77,3282.28
EXP957511,IMG Global,2026-08-08 16:28:34.895346,High premium,Simpler process,False,30.3,9,False,121.87,2709.25
EXP489496,HDFC ERGO,2026-08-11 16:28:34.895357,High premium,Better affordability,False,33.6,8,False,190.11,4654.59
EXP857219,IMG Global,2026-08-20 16:28:34.895367,Complex onboarding,Simpler process,False,17.8,5,True,122.97,2306.35
EXP292602,CHUBB,2026-07-31 16:28:34.895377,Complex onboarding,India-USA coordination,False,22.8,10,False,145.08,2568.72
EXP622822,HDFC ERGO,2026-07-19 16:28:34.895387,Poor customer service,Simpler process,False,22.9,4,False,143.78,3040.08
EXP103723,IMG Global,2026-08-26 16:28:34.895397,Limited coverage options,Simpler process,False,30.1,4,True,82.24,2461.95
EXP496945,ICICI Lombard,2026-08-20 16:28:34.895406,No India coverage,Simpler process,False,32.3,7,True,65.05,4887.69
EXP326326,HDFC ERGO,2026-08-13 16:28:34.895419,Slow claims processing,India-USA coordination,False,24.8,7,True,83.57,1565.39
EXP973375,AIG,2026-07-05 16:28:34.895432,High premium,Better affordability,False,30.7,6,False,131.3,4128.75
EXP227784,Allianz,2026-08-17 16:28:34.895446,Poor customer service,Faster onboarding,False,30.0,10,False,103.56,4147.91
EXP947317,IMG Global,2026-08-20 16:28:34.895460,No India coverage,India-USA coordination,False,21.2,10,True,184.37,4456.17
EXP965758,HDFC ERGO,2026-08-25 16:28:34.895472,Slow claims processing,Faster onboarding,False,24.0,4,True,151.98,1520.36
EXP970405,CHUBB,2026-07-28 16:28:34.895482,Complex onboarding,India-USA coordination,False,18.7,7,True,68.25,3115.65
EXP423649,AIG,2026-08-01 16:28:34.895491,Slow claims processing,Faster onboarding,False,19.0,7,True,160.82,4840.46
EXP694398,IMG Global,2026-08-06 16:28:34.895501,High premium,Better affordability,False,26.7,7,True,62.55,3615.07
EXP600568,Allianz,2026-07-26 16:28:34.895511,High premium,India-USA coordination,False,22.5,7,True,132.77,4705.11
EXP183127,ICICI Lombard,2026-08-02 16:28:34.895521,Complex onboarding,Better customer support,False,21.7,4,True,62.93,2503.66
EXP665987,Allianz,2026-06-29 16:28:34.895530,Limited coverage options,Better customer support,False,30.2,8,True,98.44,1514.93
EXP928036,ICICI Lombard,2026-08-19 16:28:34.895540,Slow claims processing,India-USA coordination,False,17.3,8,True,120.4,3875.21
EXP813711,CHUBB,2026-06-29 16:28:34.895550,High premium,Better affordability,False,33.3,7,False,178.81,3338.5
EXP141934,HDFC ERGO,2026-07-06 16:28:34.895561,Complex onboarding,Better customer support,False,33.0,5,True,101.51,2388.64
EXP810519,HDFC ERGO,2026-08-09 16:28:34.895571,Slow claims processing,India-USA coordination,False,32.6,9,False,132.11,3723.74
EXP857498,IMG Global,2026-07-08 16:28:34.895580,No India coverage,Comprehensive expat coverage,False,19.9,6,True,164.56,2416.83
EXP455753,ICICI Lombard,2026-07-13 16:28:34.895590,Limited coverage options,India-USA coordination,False,17.4,5,True,116.68,1776.13
EXP876813,HDFC ERGO,2026-08-15 16:28:34.895599,High premium,Faster onboarding,False,19.7,8,True,136.99,3819.04
EXP322013,HDFC ERGO,2026-07-16 16:28:34.895609,Complex onboarding,Simpler process,False,18.8,10,True,75.97,3940.81
EXP562113,HDFC ERGO,2026-07-12 16:28:34.895618,Complex onboarding,Comprehensive expat coverage,False,34.4,5,True,189.83,1768.64
EXP291998,ICICI Lombard,2026-07-05 16:28:34.895628,Poor customer service,Better affordability,False,18.0,10,True,135.4,2181.47
EXP832132,Allianz,2026-07-20 16:28:34.895638,Slow claims processing,Better customer support,False,25.1,9,False,73.04,3651.0
EXP274616,CHUBB,2026-06-28 16:28:34.895647,Slow claims processing,Faster onboarding,False,33.8,9,True,64.58,2533.3
EXP693321,ICICI Lombard,2026-07-16 16:28:34.895657,Complex onboarding,Simpler process,False,25.7,10,True,123.58,4201.81
EXP374709,Allianz,2026-08-19 16:28:34.895667,Complex onboarding,Faster onboarding,False,18.1,7,True,166.36,2948.99
EXP944950,CHUBB,2026-07-18 16:28:34.895676,Complex onboarding,Faster onboarding,False,31.8,9,False,55.55,2636.4
EXP900251,CHUBB,2026-07-20 16:28:34.895686,Poor customer service,Simpler process,False,33.3,4,True,64.06,3472.93
EXP682519,HDFC ERGO,2026-08-06 16:28:34.895696,High premium,Better customer support,False,20.5,7,False,185.64,2813.83
EXP687068,HDFC ERGO,2026-07-19 16:28:34.895705,No India coverage,Comprehensive expat coverage,False,15.5,5,True,156.33,2271.04
EXP920622,CHUBB,2026-07-18 16:28:34.895715,Slow claims processing,Simpler process,False,23.4,9,True,75.77,1898.71
EXP381515,HDFC ERGO,2026-07-02 16:28:34.895724,Slow claims processing,Better affordability,False,28.5,10,False,147.4,1911.08
EXP427630,IMG Global,2026-07-04 16:28:34.895734,Limited coverage options,India-USA coordination,False,21.5,6,True,52.13,2705.43
EXP499382,IMG Global,2026-08-26 16:28:34.895744,Complex onboarding,Better customer support,False,15.9,4,True,101.03,4691.71
EXP287110,CHUBB,2026-08-10 16:28:34.895753,High premium,Faster onboarding,False,34.5,8,False,135.4,4956.7
EXP779896,Allianz,2026-07-02 16:28:34.895774,Poor customer service,Faster onboarding,False,29.3,8,True,80.08,4092.97
EXP501759,IMG Global,2026-08-02 16:28:34.895784,No India coverage,Simpler process,False,28.1,4,True,176.52,3811.35
EXP532910,Allianz,2026-08-01 16:28:34.895794,Poor customer service,Faster onboarding,False,18.3,10,True,113.03,4619.94
EXP271118,IMG Global,2026-07-15 16:28:34.895804,High premium,Comprehensive expat coverage,False,19.3,8,True,185.88,2539.41
EXP677690,HDFC ERGO,2026-08-04 16:28:34.895814,High premium,Simpler process,False,26.5,7,False,102.35,3305.06
EXP764799,CHUBB,2026-08-20 16:28:34.895823,Slow claims processing,Faster onboarding,False,18.9,6,True,164.26,1610.43
EXP855117,ICICI Lombard,2026-07-22 16:28:34.895833,High premium,Faster onboarding,False,23.2,7,False,115.39,4676.1
EXP657017,HDFC ERGO,2026-08-08 16:28:34.895843,Poor customer service,Better customer support,False,27.2,4,True,135.56,2436.35
EXP713675,HDFC ERGO,2026-08-08 16:28:34.895852,Slow claims processing,Comprehensive expat coverage,False,31.2,6,True,183.33,4551.06
EXP437570,IMG Global,2026-08-25 16:28:34.895862,Slow claims processing,Faster onboarding,False,18.8,5,True,132.71,4567.97
EXP984825,ICICI Lombard,2026-08-14 16:28:34.895873,Complex onboarding,Faster onboarding,False,31.1,5,False,177.26,3032.05
EXP979022,Allianz,2026-07-15 16:28:34.895883,Poor customer service,Simpler process,False,23.7,4,True,112.6,4646.54
EXP606504,IMG Global,2026-08-17 16:28:34.895892,Limited coverage options,Simpler process,False,26.4,5,True,56.3,3642.08
EXP982180,HDFC ERGO,2026-07-06 16:28:34.895902,High premium,Better affordability,False,28.2,4,True,81.33,4377.29
EXP940390,AIG,2026-06-29 16:28:34.895911,Complex onboarding,Faster onboarding,False,24.0,5,False,193.16,4466.96
EXP987317,Allianz,2026-08-21 16:28:34.895921,Complex onboarding,India-USA coordination,False,16.1,4,True,63.87,4482.31
EXP602160,ICICI Lombard,2026-07-23 16:28:34.895931,Limited coverage options,India-USA coordination,False,31.4,8,True,127.62,3394.24
EXP363372,HDFC ERGO,2026-08-20 16:28:34.895940,Complex onboarding,Better customer support,False,20.9,9,False,71.38,4712.99
EXP489034,CHUBB,2026-08-21 16:28:34.895950,Poor customer service,India-USA coordination,False,21.6,10,True,183.02,3785.07
EXP764163,CHUBB,2026-07-05 16:28:34.895960,Poor customer service,Faster onboarding,False,15.1,8,True,69.36,4827.72
EXP946197,IMG Global,2026-07-09 16:28:34.895970,Poor customer service,Better affordability,False,21.9,9,False,112.46,1799.55
EXP163110,HDFC ERGO,2026-07-20 16:28:34.895979,Complex onboarding,Comprehensive expat coverage,False,28.0,4,True,147.19,4549.79
EXP881323,IMG Global,2026-08-23 16:28:34.895989,No India coverage,India-USA coordination,False,23.7,9,True,176.35,3005.68
EXP489052,ICICI Lombard,2026-08-11 16:28:34.895998,Complex onboarding,Comprehensive expat coverage,False,33.4,5,True,74.52,3872.81
EXP413901,AIG,2026-08-03 16:28:34.896008,Limited coverage options,Better affordability,False,26.1,9,False,189.61,4635.44
EXP607351,IMG Global,2026-07-24 16:28:34.896018,Slow claims processing,Simpler process,False,18.2,6,True,188.54,3413.32
EXP541490,HDFC ERGO,2026-07-26 16:28:34.896027,No India coverage,Faster onboarding,False,26.5,4,False,55.56,4136.3
EXP602213,AIG,2026-08-18 16:28:34.896037,Complex onboarding,Faster onboarding,False,22.8,8,True,120.36,3961.32
EXP874496,ICICI Lombard,2026-07-13 16:28:34.896047,Limited coverage options,India-USA coordination,False,21.8,7,False,63.03,4473.96
EXP941355,AIG,2026-07-12 16:28:34.896056,Slow claims processing,Simpler process,False,34.7,8,True,180.6,2801.85
EXP218938,CHUBB,2026-06-29 16:28:34.896066,No India coverage,Comprehensive expat coverage,False,28.5,7,True,199.33,2492.79
EXP850031,IMG Global,2026-07-15 16:28:34.896077,Poor customer service,Faster onboarding,False,20.5,9,True,190.33,3325.61
EXP270698,HDFC ERGO,2026-08-10 16:28:34.896086,High premium,Faster onboarding,False,25.5,7,True,117.52,3749.53
EXP369625,AIG,2026-07-02 16:28:34.896096,Complex onboarding,India-USA coordination,False,22.4,5,False,169.89,3512.63
EXP338165,ICICI Lombard,2026-07-06 16:28:34.896105,Limited coverage options,Better affordability,False,19.2,6,False,66.34,2105.53
EXP260766,IMG Global,2026-07-31 16:28:34.896115,Poor customer service,Simpler process,False,27.4,5,True,194.56,3831.33
EXP477979,Allianz,2026-08-21 16:28:34.896124,Limited coverage options,Better customer support,False,31.4,5,True,139.42,3498.33
EXP122041,HDFC ERGO,2026-07-28 16:28:34.896134,Poor customer service,Simpler process,False,23.5,4,True,88.67,4445.12
EXP753859,CHUBB,2026-08-14 16:28:34.896144,Slow claims processing,Faster onboarding,False,23.6,4,False,153.34,1966.93
EXP167393,ICICI Lombard,2026-08-19 16:28:34.896153,Complex onboarding,Comprehensive expat coverage,False,18.3,5,True,178.97,3071.37
EXP451248,Allianz,2026-07-18 16:28:34.896163,High premium,Faster onboarding,False,30.9,5,True,153.68,4440.32
EXP685448,IMG Global,2026-08-25 16:28:34.896172,Slow claims processing,Better affordability,False,21.0,8,True,168.02,2394.8
EXP700437,ICICI Lombard,2026-08-09 16:28:34.896182,High premium,Comprehensive expat coverage,False,34.6,6,False,73.53,2652.36
EXP620812,Allianz,2026-07-16 16:28:34.896191,Slow claims processing,Better customer support,False,19.6,4,False,177.41,2473.35
EXP554576,CHUBB,2026-07-10 16:28:34.896201,Slow claims processing,Comprehensive expat coverage,False,17.7,7,True,72.09,1791.2
EXP483591,Allianz,2026-08-21 16:28:34.896210,Slow claims processing,India-USA coordination,False,17.3,7,True,68.92,3119.68
EXP809799,IMG Global,2026-07-08 16:28:34.896220,Complex onboarding,Comprehensive expat coverage,False,22.5,8,False,75.07,1620.58
EXP838297,CHUBB,2026-08-01 16:28:34.896229,No India coverage,Faster onboarding,False,17.0,8,True,128.6,2536.07
EXP765923,Allianz,2026-08-08 16:28:34.896239,High premium,Better customer support,False,32.7,5,False,106.18,2863.65
EXP506182,ICICI Lombard,2026-07-27 16:28:34.896248,Limited coverage options,Better customer support,False,24.1,9,True,76.97,3885.79
EXP487125,HDFC ERGO,2026-07-24 16:28:34.896260,Slow claims processing,Simpler process,False,34.6,5,True,109.19,1553.22
EXP190066,CHUBB,2026-07-08 16:28:34.896269,Poor customer service,Faster onboarding,False,28.9,10,True,177.74,4255.33
EXP442307,AIG,2026-07-11 16:28:34.896279,Slow claims processing,Better affordability,False,28.3,4,True,54.42,3033.91
EXP495484,IMG Global,2026-08-03 16:28:34.896288,No India coverage,India-USA coordination,False,24.3,10,True,182.91,2360.3
EXP326630,ICICI Lombard,2026-07-01 16:28:34.896298,No India coverage,Simpler process,False,25.8,10,True,104.82,3109.96
EXP558717,Allianz,2026-07-02 16:28:34.896308,Poor customer service,Better customer support,False,15.5,6,False,143.1,1892.65
EXP401798,ICICI Lombard,2026-07-21 16:28:34.896317,Poor customer service,Comprehensive expat coverage,False,26.7,4,False,114.39,4832.47
EXP713663,AIG,2026-08-20 16:28:34.896327,Slow claims processing,Better customer support,False,20.8,10,True,132.68,2531.27
EXP990679,AIG,2026-07-18 16:28:34.896336,Limited coverage options,Simpler process,False,23.0,8,True,126.02,1550.21
EXP436596,ICICI Lombard,2026-08-13 16:28:34.896346,High premium,Better customer support,False,34.8,4,True,168.04,3547.81
EXP907235,ICICI Lombard,2026-07-12 16:28:34.896355,High premium,Comprehensive expat coverage,False,22.9,7,True,130.95,2716.01
EXP514909,HDFC ERGO,2026-08-11 16:28:34.896365,High premium,Better customer support,False,31.9,10,True,71.71,1848.02
EXP434986,Allianz,2026-08-20 16:28:34.896374,Complex onboarding,Comprehensive expat coverage,False,18.3,10,True,122.13,4615.58
EXP124924,CHUBB,2026-07-01 16:28:34.896384,Complex onboarding,Better affordability,False,18.1,4,True,112.39,4776.53
EXP137031,ICICI Lombard,2026-08-24 16:28:34.896394,No India coverage,Faster onboarding,False,17.8,8,True,138.38,2057.23
EXP966706,AIG,2026-07-05 16:28:34.896404,Complex onboarding,Better affordability,False,26.5,9,True,102.07,4429.61
EXP958845,IMG Global,2026-08-02 16:28:34.896416,High premium,Simpler process,False,31.3,9,True,58.95,4720.52
EXP414980,AIG,2026-08-17 16:28:34.896426,Complex onboarding,Comprehensive expat coverage,False,16.3,5,True,52.25,3823.43
EXP145315,CHUBB,2026-08-21 16:28:34.896435,Limited coverage options,Simpler process,False,21.1,8,True,156.34,4318.47
EXP358659,AIG,2026-08-27 16:28:34.896445,Poor customer service,Simpler process,False,23.3,9,False,178.76,4903.9
EXP416620,ICICI Lombard,2026-08-02 16:28:34.896455,Poor customer service,Better customer support,False,20.7,9,True,90.36,3028.52
EXP237479,ICICI Lombard,2026-07-24 16:28:34.896468,Slow claims processing,India-USA coordination,False,24.4,4,True,106.08,3233.34
EXP537283,CHUBB,2026-08-07 16:28:34.896481,Slow claims processing,India-USA coordination,False,34.1,6,True,92.86,3864.1
EXP979968,AIG,2026-06-28 16:28:34.896495,Complex onboarding,Comprehensive expat coverage,False,32.1,4,True,82.13,4564.39
EXP604811,ICICI Lombard,2026-08-04 16:28:34.896508,Limited coverage options,Better customer support,False,22.6,6,True,153.49,4772.36
EXP415301,CHUBB,2026-08-24 16:28:34.896522,Poor customer service,Faster onboarding,False,16.4,7,True,180.34,4882.06
EXP654971,IMG Global,2026-07-02 16:28:34.896535,No India coverage,India-USA coordination,False,22.0,9,True,97.15,3262.01
EXP856992,CHUBB,2026-07-15 16:28:34.896549,Limited coverage options,Simpler process,False,26.5,4,False,109.15,4509.96
EXP173301,Allianz,2026-07-21 16:28:34.896562,Limited coverage options,Faster onboarding,False,29.0,10,True,89.05,4125.95
EXP946581,AIG,2026-08-24 16:28:34.896572,No India coverage,India-USA coordination,False,29.2,7,False,104.96,1722.08
EXP169703,AIG,2026-07-27 16:28:34.896582,High premium,Better customer support,False,34.3,4,False,92.12,3132.99
EXP198261,HDFC ERGO,2026-08-06 16:28:34.896591,Slow claims processing,Better affordability,False,21.2,8,False,65.37,4228.61
EXP239271,Allianz,2026-07-10 16:28:34.896601,Slow claims processing,India-USA coordination,False,17.9,10,True,112.42,3762.37
EXP479537,ICICI Lombard,2026-07-26 16:28:34.896611,Limited coverage options,Better customer support,False,29.4,7,False,114.27,4979.93
EXP485235,CHUBB,2026-07-30 16:28:34.896620,High premium,Faster onboarding,False,31.2,10,False,185.08,4733.09
EXP322950,AIG,2026-07-15 16:28:34.896630,Complex onboarding,India-USA coordination,False,34.8,10,False,78.3,2918.53
EXP205451,HDFC ERGO,2026-08-16 16:28:34.896639,High premium,Faster onboarding,False,31.8,7,True,164.27,4573.03
EXP751942,Allianz,2026-08-01 16:28:34.896649,Poor customer service,Better customer support,False,26.2,4,True,123.96,2955.23
EXP814182,CHUBB,2026-07-10 16:28:34.896658,Complex onboarding,Faster onboarding,False,20.6,9,False,83.74,3974.69
EXP908250,AIG,2026-07-11 16:28:34.896668,Limited coverage options,India-USA coordination,False,27.5,8,False,120.84,4993.33
EXP908360,IMG Global,2026-08-20 16:28:34.896679,High premium,India-USA coordination,False,24.3,6,True,90.22,2205.0
EXP241285,AIG,2026-08-18 16:28:34.896689,Limited coverage options,Better customer support,False,15.1,10,True,190.66,2807.71
EXP885095,HDFC ERGO,2026-07-18 16:28:34.896699,No India coverage,Better customer support,False,35.0,6,True,163.02,3608.68
EXP974856,HDFC ERGO,2026-07-04 16:28:34.896709,Slow claims processing,India-USA coordination,False,31.9,9,False,185.07,3333.43
EXP662765,CHUBB,2026-08-06 16:28:34.896718,Complex onboarding,Faster onboarding,False,17.6,10,True,139.69,4682.2
EXP819232,AIG,2026-08-16 16:28:34.896728,No India coverage,Better affordability,False,15.9,4,True,196.66,4946.63
EXP227291,Allianz,2026-07-04 16:28:34.896737,Poor customer service,India-USA coordination,False,22.6,6,True,163.38,3805.44
EXP172550,Allianz,2026-07-17 16:28:34.896747,Slow claims processing,Faster onboarding,False,27.9,10,False,119.22,1831.18
EXP387447,AIG,2026-07-31 16:28:34.896757,Complex onboarding,Better affordability,False,32.9,7,False,117.75,4426.68
EXP657291,CHUBB,2026-07-14 16:28:34.896766,Limited coverage options,Comprehensive expat coverage,False,26.2,10,True,141.51,4931.05
EXP697341,CHUBB,2026-07-05 16:28:34.896776,Slow claims processing,Faster onboarding,False,15.6,6,False,61.29,1558.77
EXP266034,AIG,2026-07-19 16:28:34.896785,Slow claims processing,Faster onboarding,False,21.2,8,False,85.96,2525.98
EXP752970,Allianz,2026-07-20 16:28:34.896795,No India coverage,Simpler process,False,30.3,9,True,55.66,1628.85
EXP110490,AIG,2026-08-21 16:28:34.896804,Complex onboarding,Simpler process,False,29.6,7,True,116.71,3053.19
EXP520027,Allianz,2026-08-24 16:28:34.896814,No India coverage,Comprehensive expat coverage,False,25.4,4,False,88.39,2818.79
EXP392082,AIG,2026-08-12 16:28:34.896823,High premium,Faster onboarding,False,18.4,4,False,78.42,2885.59
EXP829772,IMG Global,2026-07-06 16:28:34.896833,Poor customer service,Comprehensive expat coverage,False,30.0,8,True,178.7,4919.81
EXP909814,ICICI Lombard,2026-07-19 16:28:34.896843,Limited coverage options,Comprehensive expat coverage,False,25.3,10,True,120.36,3620.12
EXP870135,IMG Global,2026-08-15 16:28:34.896852,Limited coverage options,Simpler process,False,17.0,8,True,122.3,2643.18
EXP744428,Allianz,2026-07-19 16:28:34.896863,High premium,Better customer support,False,29.2,10,False,180.09,4636.78
EXP194302,AIG,2026-08-18 16:28:34.896873,Slow claims processing,Comprehensive expat coverage,False,31.6,6,True,74.09,3702.25
EXP315471,CHUBB,2026-08-02 16:28:34.896883,High premium,Simpler process,False,29.7,4,False,157.61,2161.83
EXP608537,AIG,2026-07-24 16:28:34.896893,No India coverage,Simpler process,False,20.6,9,True,76.0,4843.22
EXP486789,ICICI Lombard,2026-08-11 16:28:34.896903,Slow claims processing,Better affordability,False,34.5,6,False,66.81,2626.31
EXP991356,ICICI Lombard,2026-08-15 16:28:34.896912,No India coverage,India-USA coordination,False,22.5,4,False,112.26,4600.25
EXP469996,IMG Global,2026-08-17 16:28:34.896922,Poor customer service,Simpler process,False,24.1,8,False,153.32,1914.65
EXP640909,ICICI Lombard,2026-07-26 16:28:34.896932,Slow claims processing,India-USA coordination,False,22.8,10,False,69.0,2816.73
EXP613669,Allianz,2026-08-26 16:28:34.896941,Complex onboarding,Better affordability,False,16.7,7,False,91.84,3036.36
EXP198373,IMG Global,2026-08-16 16:28:34.896951,High premium,India-USA coordination,False,17.8,9,True,91.21,1934.5
EXP836239,AIG,2026-08-27 16:28:34.896960,Poor customer service,Better customer support,False,24.2,6,True,160.04,3135.98
EXP469977,IMG Global,2026-08-25 16:28:34.896970,Complex onboarding,Comprehensive expat coverage,False,22.8,9,True,52.29,1696.85
EXP290094,HDFC ERGO,2026-07-04 16:28:34.896979,Poor customer service,Faster onboarding,False,31.4,8,False,139.76,3777.15
EXP546753,AIG,2026-08-24 16:28:34.896989,Slow claims processing,Comprehensive expat coverage,False,25.1,5,True,73.08,3659.73
EXP577927,ICICI Lombard,2026-08-07 16:28:34.896999,Slow claims processing,Simpler process,False,33.1,9,True,156.59,2736.64
EXP991214,IMG Global,2026-07-07 16:28:34.897008,No India coverage,Comprehensive expat coverage,False,25.2,5,True,171.94,2479.73
EXP773180,HDFC ERGO,2026-07-06 16:28:34.897018,No India coverage,India-USA coordination,False,15.5,10,False,138.17,3345.21
EXP951467,HDFC ERGO,2026-06-29 16:28:34.897027,No India coverage,Simpler process,False,33.9,9,False,198.61,1850.52
EXP798921,ICICI Lombard,2026-07-25 16:28:34.897037,No India coverage,Comprehensive expat coverage,False,19.0,7,False,199.5,3456.53
EXP375106,ICICI Lombard,2026-07-09 16:28:34.897047,Limited coverage options,Better customer support,False,21.4,4,False,122.31,2402.88
EXP825642,HDFC ERGO,2026-07-04 16:28:34.897056,No India coverage,India-USA coordination,False,22.0,9,True,126.36,2200.61
EXP691423,IMG Global,2026-07-18 16:28:34.897067,Slow claims processing,Better affordability,False,23.1,9,True,149.17,3609.94
EXP645532,AIG,2026-07-17 16:28:34.897077,Complex onboarding,Comprehensive expat coverage,False,20.2,5,False,106.86,2858.45
EXP256667,IMG Global,2026-08-03 16:28:34.897086,Poor customer service,Better affordability,False,16.5,8,True,89.95,4437.89
EXP455553,IMG Global,2026-08-04 16:28:34.897096,Limited coverage options,Faster onboarding,False,16.9,7,False,190.24,4541.79
EXP889303,AIG,2026-07-30 16:28:34.897106,Poor customer service,Faster onboarding,False,28.2,10,True,70.97,2756.39
EXP439935,IMG Global,2026-08-07 16:28:34.897115,No India coverage,Simpler process,False,28.9,7,True,86.73,2923.92
EXP783615,IMG Global,2026-08-03 16:28:34.897125,Poor customer service,India-USA coordination,False,29.0,7,True,74.2,4875.78
EXP312269,HDFC ERGO,2026-07-21 16:28:34.897134,Poor customer service,Faster onboarding,False,33.9,8,False,190.06,2991.7
EXP754325,AIG,2026-07-02 16:28:34.897144,Complex onboarding,Better affordability,False,26.4,6,False,113.03,2140.76
EXP670022,Allianz,2026-08-17 16:28:34.897153,No India coverage,Better customer support,False,33.7,10,True,106.11,3392.0
EXP521564,IMG Global,2026-07-20 16:28:34.897163,Complex onboarding,Simpler process,False,23.1,7,True,92.24,3354.75
EXP951676,HDFC ERGO,2026-08-04 16:28:34.897173,No India coverage,Better affordability,False,34.1,10,True,198.4,4337.97
EXP748000,CHUBB,2026-07-13 16:28:34.897182,Limited coverage options,India-USA coordination,False,22.4,4,True,151.19,4062.56
EXP440989,CHUBB,2026-07-02 16:28:34.897192,High premium,Better customer support,False,28.1,10,True,138.47,2753.43
EXP554842,CHUBB,2026-08-05 16:28:34.897201,No India coverage,Better affordability,False,30.4,9,True,104.3,3928.1
EXP390700,Allianz,2026-08-01 16:28:34.897211,Poor customer service,Better customer support,False,25.7,9,True,134.5,3267.52
EXP809686,AIG,2026-08-24 16:28:34.897220,No India coverage,Better customer support,False,33.3,10,False,190.22,3343.38
EXP269678,AIG,2026-08-18 16:28:34.897230,Limited coverage options,Comprehensive expat coverage,False,17.4,4,True,89.66,1758.22
EXP755429,ICICI Lombard,2026-07-20 16:28:34.897239,Poor customer service,Simpler process,False,19.3,9,True,80.51,3477.02
EXP998931,HDFC ERGO,2026-07-09 16:28:34.897249,Complex onboarding,Better customer support,False,27.3,5,False,147.78,1640.95
EXP620658,Allianz,2026-07-17 16:28:34.897258,Complex onboarding,Simpler process,False,27.2,6,True,107.34,2339.48
EXP357172,ICICI Lombard,2026-08-14 16:28:34.897268,No India coverage,Better affordability,False,32.1,10,True,115.24,1844.85
EXP173270,Allianz,2026-07-12 16:28:34.897278,Poor customer service,Better affordability,False,33.9,8,False,179.77,2861.71
EXP443563,IMG Global,2026-08-02 16:28:34.897287,Limited coverage options,India-USA coordination,False,16.6,6,True,58.07,3176.46
EXP700961,HDFC ERGO,2026-08-14 16:28:34.897297,Poor customer service,Better affordability,False,24.1,5,True,100.63,4815.29
EXP708588,ICICI Lombard,2026-08-27 16:28:34.897307,Poor customer service,Better customer support,False,17.2,10,False,146.2,1997.65
EXP827935,HDFC ERGO,2026-07-15 16:28:34.897316,Limited coverage options,India-USA coordination,False,29.8,7,True,186.77,3344.17
EXP516204,AIG,2026-07-28 16:28:34.897326,No India coverage,Faster onboarding,False,28.9,5,True,97.17,2531.67
EXP464230,HDFC ERGO,2026-07-23 16:28:34.897336,Slow claims processing,Comprehensive expat coverage,False,17.0,10,True,198.94,1713.62
EXP473613,IMG Global,2026-06-29 16:28:34.897345,High premium,Comprehensive expat coverage,False,34.3,5,False,136.97,3686.76
EXP853302,AIG,2026-07-05 16:28:34.897355,Slow claims processing,Better customer support,False,19.4,5,False,150.36,2551.7
EXP342635,ICICI Lombard,2026-07-14 16:28:34.897364,Limited coverage options,Better affordability,False,20.4,6,False,155.85,3682.37
EXP468785,HDFC ERGO,2026-08-03 16:28:34.897374,Complex onboarding,Simpler process,False,25.6,10,True,76.81,4475.81
EXP810253,IMG Global,2026-08-07 16:28:34.897383,Slow claims processing,Better customer support,False,24.8,6,False,130.01,2208.93
EXP344987,IMG Global,2026-08-18 16:28:34.897393,Slow claims processing,Better customer support,False,27.7,5,True,55.18,4824.07
EXP634099,CHUBB,2026-08-26 16:28:34.897402,Poor customer service,Comprehensive expat coverage,False,16.2,10,False,98.41,4928.57
EXP298851,IMG Global,2026-08-17 16:28:34.897412,Complex onboarding,Better affordability,False,23.8,6,True,156.94,4638.2
EXP869705,HDFC ERGO,2026-08-05 16:28:34.897422,No India coverage,India-USA coordination,False,27.5,10,True,153.99,3068.38
EXP528664,CHUBB,2026-07-28 16:28:34.897431,Complex onboarding,Better affordability,False,19.3,10,True,149.89,4800.36
EXP211113,CHUBB,2026-07-22 16:28:34.897441,Slow claims processing,Comprehensive expat coverage,False,21.8,7,False,153.43,3249.58
EXP449192,HDFC ERGO,2026-07-25 16:28:34.897452,Poor customer service,India-USA coordination,False,27.8,5,True,196.81,3418.45
EXP198123,Allianz,2026-08-02 16:28:34.897461,Poor customer service,Better affordability,False,28.8,7,True,145.5,3836.09
EXP257224,ICICI Lombard,2026-08-01 16:28:34.897471,Complex onboarding,Better affordability,False,18.8,10,True,52.7,2315.76
EXP477320,HDFC ERGO,2026-07-18 16:28:34.897481,No India coverage,Faster onboarding,False,15.7,5,False,184.57,3352.08
EXP779187,Allianz,2026-07-30 16:28:34.897490,Complex onboarding,Better affordability,False,16.9,4,True,165.8,3885.1
EXP908311,CHUBB,2026-07-12 16:28:34.897500,No India coverage,Better customer support,False,19.9,6,True,198.89,1892.01
EXP368767,HDFC ERGO,2026-08-15 16:28:34.897509,Poor customer service,Simpler process,False,27.6,7,True,199.18,4649.49
EXP206815,HDFC ERGO,2026-07-28 16:28:34.897519,Slow claims processing,India-USA coordination,False,27.0,6,False,68.39,3537.06
EXP921805,IMG Global,2026-08-24 16:28:34.897529,No India coverage,Simpler process,False,31.3,4,True,186.46,2046.3
EXP434641,Allianz,2026-08-04 16:28:34.897539,Limited coverage options,Better customer support,False,17.0,7,False,116.01,4387.37
EXP612717,AIG,2026-07-20 16:28:34.897548,High premium,Better affordability,False,21.2,10,True,87.72,2631.01
EXP316131,CHUBB,2026-07-21 16:28:34.897558,No India coverage,Better customer support,False,30.4,10,False,139.8,4100.0
EXP412309,Allianz,2026-07-26 16:28:34.897568,Complex onboarding,India-USA coordination,False,33.7,9,True,65.64,3070.56
EXP297932,ICICI Lombard,2026-08-20 16:28:34.897577,Poor customer service,Better affordability,False,33.5,7,True,147.92,2644.84
EXP635063,IMG Global,2026-07-26 16:28:34.897587,Poor customer service,Simpler process,False,15.3,6,True,112.95,2091.9
EXP337646,HDFC ERGO,2026-08-27 16:28:34.897597,Limited coverage options,Simpler process,False,20.2,5,False,90.82,2525.09
EXP849049,AIG,2026-06-28 16:28:34.897607,Slow claims processing,Better customer support,False,31.9,6,True,131.02,4009.32
EXP591264,HDFC ERGO,2026-07-06 16:28:34.897616,Poor customer service,Better affordability,False,24.1,10,False,66.74,3714.67
EXP500015,Allianz,2026-07-04 16:28:34.897626,Limited coverage options,India-USA coordination,False,29.0,8,False,103.28,4242.32
EXP678279,HDFC ERGO,2026-07-15 16:28:34.897635,High premium,India-USA coordination,False,15.9,7,True,175.93,4939.64
EXP278921,HDFC ERGO,2026-08-02 16:28:34.897645,Complex onboarding,Faster onboarding,False,26.6,9,True,195.83,4124.49
EXP957425,CHUBB,2026-07-28 16:28:34.897655,Slow claims processing,Faster onboarding,False,33.4,9,True,169.04,1998.77
EXP404139,IMG Global,2026-08-01 16:28:34.897664,Poor customer service,Better customer support,False,34.4,9,True,104.48,4714.69
EXP573615,AIG,2026-08-24 16:28:34.897674,High premium,Faster onboarding,False,31.8,4,True,65.99,2752.52
EXP384086,CHUBB,2026-08-12 16:28:34.897684,High premium,India-USA coordination,False,31.7,6,False,141.54,4284.02
EXP496050,IMG Global,2026-07-11 16:28:34.897693,High premium,Comprehensive expat coverage,False,17.7,6,False,84.51,4577.49
EXP534393,AIG,2026-06-30 16:28:34.897703,Limited coverage options,Comprehensive expat coverage,False,15.2,6,True,77.37,4698.87
EXP401891,HDFC ERGO,2026-07-29 16:28:34.897712,High premium,Faster onboarding,False,22.4,10,True,79.78,4735.53
EXP457114,IMG Global,2026-08-17 16:28:34.897722,Limited coverage options,Faster onboarding,False,21.0,5,True,104.32,3519.61
EXP879760,Allianz,2026-07-05 16:28:34.897732,Complex onboarding,Better affordability,False,19.5,4,True,129.39,4787.38
EXP106547,ICICI Lombard,2026-07-11 16:28:34.897742,No India coverage,Comprehensive expat coverage,False,28.8,8,True,96.2,2977.79
EXP408867,AIG,2026-07-04 16:28:34.897751,Poor customer service,Better affordability,False,19.9,9,False,178.51,2864.14
EXP506099,Allianz,2026-08-17 16:28:34.897761,No India coverage,Faster onboarding,False,30.8,7,False,131.67,2325.5
EXP433761,ICICI Lombard,2026-08-08 16:28:34.897771,No India coverage,Comprehensive expat coverage,False,21.3,6,True,68.24,4549.35
EXP725573,AIG,2026-07-25 16:28:34.897780,Limited coverage options,Better customer support,False,32.5,8,True,168.17,2404.19
EXP841894,IMG Global,2026-07-15 16:28:34.897790,High premium,Faster onboarding,False,20.7,6,True,80.39,1594.69
EXP485025,ICICI Lombard,2026-08-17 16:28:34.897799,Poor customer service,Faster onboarding,False,26.6,8,True,153.94,2769.97
EXP598687,CHUBB,2026-08-16 16:28:34.897809,No India coverage,India-USA coordination,False,33.1,4,True,97.08,2297.59
EXP510700,Allianz,2026-07-09 16:28:34.897818,Complex onboarding,Faster onboarding,False,30.0,4,True,104.3,2737.55
EXP769766,CHUBB,2026-07-06 16:28:34.897828,High premium,Better customer support,False,27.0,5,True,153.26,3296.55
EXP884399,ICICI Lombard,2026-07-04 16:28:34.897839,Complex onboarding,Faster onboarding,False,21.4,6,False,167.42,3676.5
EXP405294,IMG Global,2026-07-29 16:28:34.897849,No India coverage,Better customer support,False,20.8,8,True,115.26,4683.24
EXP591769,Allianz,2026-07-15 16:28:34.897859,High premium,Faster onboarding,False,24.9,7,True,80.04,3408.02
EXP411367,CHUBB,2026-07-24 16:28:34.897868,Complex onboarding,Faster onboarding,False,22.9,9,True,80.28,4422.88
EXP631403,CHUBB,2026-08-06 16:28:34.897878,Limited coverage options,India-USA coordination,False,33.3,4,True,155.95,3860.77
EXP389348,IMG Global,2026-07-25 16:28:34.897887,Slow claims processing,Better customer support,False,34.5,6,True,61.02,2275.57
EXP825053,CHUBB,2026-08-06 16:28:34.897897,Poor customer service,India-USA coordination,False,26.3,8,True,83.48,2584.55
EXP632250,CHUBB,2026-08-04 16:28:34.897907,Poor customer service,Simpler process,False,32.9,10,True,108.3,2449.16
EXP152908,IMG Global,2026-08-02 16:28:34.897916,No India coverage,Better affordability,False,19.9,10,False,72.75,2832.55
EXP735071,ICICI Lombard,2026-08-18 16:28:34.897926,No India coverage,Simpler process,False,29.3,10,False,131.2,1673.17
EXP169007,ICICI Lombard,2026-08-11 16:28:34.897936,Complex onboarding,Faster onboarding,False,18.5,8,True,196.52,3555.73
EXP135174,Allianz,2026-07-15 16:28:34.897945,Complex onboarding,Comprehensive expat coverage,False,17.5,4,True,183.72,4174.0
EXP936217,Allianz,2026-08-23 16:28:34.897955,Slow claims processing,Better affordability,False,30.2,6,True,77.73,4644.09
EXP707023,ICICI Lombard,2026-08-05 16:28:34.897964,High premium,Simpler process,False,30.1,7,True,141.23,4967.12
EXP981998,CHUBB,2026-07-23 16:28:34.897974,Slow claims processing,Simpler process,False,16.6,10,True,121.16,2904.25
EXP271380,AIG,2026-07-24 16:28:34.897983,Limited coverage options,India-USA coordination,False,23.6,5,False,124.47,2288.15
EXP843447,AIG,2026-07-25 16:28:34.897993,No India coverage,India-USA coordination,False,15.8,9,False,79.71,2791.47
EXP106959,AIG,2026-07-15 16:28:34.898003,Slow claims processing,Comprehensive expat coverage,False,17.6,8,False,98.34,2904.75
EXP509011,HDFC ERGO,2026-08-15 16:28:34.898012,Poor customer service,Simpler process,False,33.4,5,False,69.09,4856.73
EXP399485,CHUBB,2026-07-26 16:28:34.898022,No India coverage,Comprehensive expat coverage,False,27.6,8,True,126.17,1558.94
EXP670684,IMG Global,2026-07-17 16:28:34.898032,Limited coverage options,Comprehensive expat coverage,False,21.0,6,True,115.75,2406.34
EXP572105,CHUBB,2026-08-11 16:28:34.898041,Slow claims processing,Better affordability,False,18.6,8,True,93.04,3392.62
EXP653882,CHUBB,2026-07-12 16:28:34.898051,Slow claims processing,Better affordability,False,23.8,7,True,159.78,1798.64
EXP860368,ICICI Lombard,2026-08-11 16:28:34.898060,Complex onboarding,Better customer support,False,30.9,10,False,110.51,1658.43
EXP463772,CHUBB,2026-08-22 16:28:34.898070,No India coverage,Simpler process,False,22.0,8,False,193.15,3991.72
EXP652058,CHUBB,2026-07-27 16:28:34.898079,Complex onboarding,India-USA coordination,False,28.0,6,True,170.0,2375.47
EXP345458,Allianz,2026-07-11 16:28:34.898089,Complex onboarding,Faster onboarding,False,32.2,5,False,122.58,2863.27
EXP907838,CHUBB,2026-07-18 16:28:34.898099,No India coverage,Comprehensive expat coverage,False,29.9,8,False,113.75,4490.88
EXP334791,ICICI Lombard,2026-07-19 16:28:34.898108,Limited coverage options,India-USA coordination,False,18.7,7,False,68.67,3185.17
EXP193084,AIG,2026-08-20 16:28:34.898118,Limited coverage options,Simpler process,False,33.9,6,False,141.44,4515.74
EXP236595,HDFC ERGO,2026-07-02 16:28:34.898127,Complex onboarding,Faster onboarding,False,23.3,8,True,169.47,4107.94
EXP535642,AIG,2026-07-01 16:28:34.898137,Complex onboarding,Better customer support,False,24.0,7,False,170.28,3653.1
EXP630678,CHUBB,2026-08-03 16:28:34.898147,No India coverage,Better affordability,False,28.8,5,True,164.62,2673.48
EXP630972,HDFC ERGO,2026-08-15 16:28:34.898156,Poor customer service,Comprehensive expat coverage,False,31.9,9,True,143.18,1740.64
EXP808966,IMG Global,2026-08-22 16:28:34.898166,Poor customer service,Better customer support,False,31.4,6,True,87.41,2761.03
EXP168583,IMG Global,2026-06-29 16:28:34.898175,No India coverage,Better affordability,False,22.5,4,True,71.79,4693.3
EXP239714,IMG Global,2026-07-23 16:28:34.898185,No India coverage,India-USA coordination,False,17.6,5,False,110.98,3681.23
EXP740055,ICICI Lombard,2026-07-09 16:28:34.898194,Slow claims processing,Faster onboarding,False,18.8,4,True,183.99,3933.43
EXP354919,CHUBB,2026-08-27 16:28:34.898204,Limited coverage options,Comprehensive expat coverage,False,28.2,6,True,189.36,4486.96
EXP346525,IMG Global,2026-06-30 16:28:34.898214,Poor customer service,India-USA coordination,False,32.6,10,True,56.09,2416.33
EXP985753,ICICI Lombard,2026-07-11 16:28:34.898225,Limited coverage options,Comprehensive expat coverage,False,17.2,6,True,189.43,2123.07
EXP206503,Allianz,2026-07-28 16:28:34.898234,Poor customer service,Better affordability,False,17.0,9,True,157.61,4360.26
EXP718028,CHUBB,2026-08-04 16:28:34.898244,High premium,Faster onboarding,False,25.9,9,False,173.65,4787.21
EXP635958,IMG Global,2026-07-02 16:28:34.898253,Limited coverage options,Comprehensive expat coverage,False,23.3,7,True,129.31,3055.3
EXP853757,Allianz,2026-08-11 16:28:34.898263,Complex onboarding,Simpler process,False,19.1,4,True,123.84,3849.75
EXP943413,IMG Global,2026-07-21 16:28:34.898274,Limited coverage options,India-USA coordination,False,19.6,10,True,98.26,1542.74
EXP824412,HDFC ERGO,2026-06-28 16:28:34.898284,Complex onboarding,Simpler process,False,24.2,10,True,197.98,2921.06
EXP330389,AIG,2026-08-15 16:28:34.898294,Limited coverage options,Comprehensive expat coverage,False,28.6,10,True,176.28,2675.61
EXP844840,HDFC ERGO,2026-08-11 16:28:34.898303,Slow claims processing,Better affordability,False,17.4,9,True,181.35,4264.77
EXP933358,Allianz,2026-07-21 16:28:34.898313,Limited coverage options,Simpler process,False,22.6,6,True,183.02,4560.39
EXP586665,CHUBB,2026-07-12 16:28:34.898322,High premium,India-USA coordination,False,24.9,9,True,124.41,4366.72
EXP284859,Allianz,2026-07-09 16:28:34.898332,Poor customer service,Better affordability,False,27.9,8,True,95.81,4000.67
EXP562367,IMG Global,2026-08-03 16:28:34.898341,Poor customer service,Better customer support,False,23.0,5,True,186.98,3876.52
EXP666414,HDFC ERGO,2026-07-21 16:28:34.898351,High premium,Faster onboarding,False,29.0,8,True,150.68,2918.27
EXP490977,HDFC ERGO,2026-08-06 16:28:34.898360,High premium,India-USA coordination,False,21.9,7,True,137.38,2427.61
EXP913536,HDFC ERGO,2026-07-30 16:28:34.898370,Poor customer service,Better customer support,False,33.7,8,True,160.34,4924.91
EXP211804,CHUBB,2026-07-26 16:28:34.898379,Limited coverage options,Better customer support,False,17.2,9,False,192.65,3274.66
EXP184743,CHUBB,2026-07-16 16:28:34.898389,No India coverage,Better customer support,False,34.6,4,True,186.24,2918.81
EXP692594,AIG,2026-08-06 16:28:34.898398,Limited coverage options,Better customer support,False,33.3,9,True,86.75,3104.04
EXP415594,AIG,2026-08-06 16:28:34.898408,Complex onboarding,Better affordability,False,30.0,8,False,56.71,1553.0
EXP922494,ICICI Lombard,2026-08-02 16:28:34.898418,Poor customer service,Better affordability,False,26.3,10,True,95.8,3762.33
EXP632299,Allianz,2026-08-02 16:28:34.898427,Slow claims processing,Faster onboarding,False,15.1,6,True,180.29,2410.29
EXP350796,Allianz,2026-07-14 16:28:34.898437,High premium,Better customer support,False,25.0,9,True,84.83,4532.06
EXP196878,ICICI Lombard,2026-08-06 16:28:34.898446,Limited coverage options,Better affordability,False,25.3,9,False,85.73,3189.97
EXP670539,IMG Global,2026-07-16 16:28:34.898455,Slow claims processing,Comprehensive expat coverage,False,23.4,8,True,51.71,3731.8
EXP286505,ICICI Lombard,2026-07-03 16:28:34.898465,Limited coverage options,Simpler process,False,29.5,8,True,184.33,2408.52
EXP117099,CHUBB,2026-08-24 16:28:34.898475,Slow claims processing,India-USA coordination,False,28.6,6,False,72.26,2326.44
EXP199699,CHUBB,2026-07-21 16:28:34.898484,High premium,Faster onboarding,False,30.4,5,True,184.3,3997.3
EXP103829,IMG Global,2026-07-19 16:28:34.898493,High premium,Simpler process,False,28.8,7,True,148.81,2057.41
EXP129548,CHUBB,2026-07-31 16:28:34.898504,Limited coverage options,Faster onboarding,False,25.1,7,True,144.07,4378.48
EXP561288,ICICI Lombard,2026-08-07 16:28:34.898514,Limited coverage options,Simpler process,False,23.5,8,True,74.5,3080.53
EXP602901,AIG,2026-07-27 16:28:34.898523,Slow claims processing,Faster onboarding,False,16.2,4,True,103.37,2188.16
EXP821105,AIG,2026-07-28 16:28:34.898533,Poor customer service,Better affordability,False,25.0,5,False,122.85,3793.49
EXP251645,AIG,2026-08-11 16:28:34.898543,Poor customer service,Comprehensive expat coverage,False,27.2,9,True,77.03,4546.9
EXP949798,Allianz,2026-08-06 16:28:34.898552,Limited coverage options,Better customer support,False,30.2,5,True,185.66,2971.95
EXP317164,Allianz,2026-07-24 16:28:34.898562,Complex onboarding,Comprehensive expat coverage,False,23.7,4,True,166.31,3269.23
EXP160220,AIG,2026-07-24 16:28:34.898571,Limited coverage options,India-USA coordination,False,33.6,5,True,137.48,2013.29
EXP782944,AIG,2026-08-09 16:28:34.898581,Poor customer service,Simpler process,False,31.2,7,True,99.9,1574.33
EXP469540,IMG Global,2026-07-26 16:28:34.898590,No India coverage,Faster onboarding,False,24.9,9,True,189.0,2380.08
EXP129877,Allianz,2026-08-18 16:28:34.898600,Complex onboarding,India-USA coordination,False,16.6,10,True,122.23,3176.25
EXP745412,CHUBB,2026-07-15 16:28:34.898610,No India coverage,Simpler process,False,30.1,9,False,96.34,2649.79
EXP128179,AIG,2026-07-02 16:28:34.898620,Slow claims processing,India-USA coordination,False,23.7,4,True,144.11,3411.99
EXP333568,CHUBB,2026-08-09 16:28:34.898629,Limited coverage options,India-USA coordination,False,19.7,7,False,189.06,2309.16
EXP504235,HDFC ERGO,2026-07-17 16:28:34.898639,No India coverage,India-USA coordination,False,24.3,4,True,90.29,1662.86
EXP854325,AIG,2026-06-29 16:28:34.898648,High premium,Faster onboarding,False,27.6,6,True,106.03,3008.97
EXP106407,IMG Global,2026-06-29 16:28:34.898658,Slow claims processing,Better customer support,False,19.2,9,False,85.27,4018.64
EXP882991,AIG,2026-07-25 16:28:34.898667,High premium,Better affordability,False,30.9,10,True,62.86,2408.44
EXP263220,IMG Global,2026-08-06 16:28:34.898677,Poor customer service,Faster onboarding,False,16.2,5,True,75.81,4484.66
EXP519330,HDFC ERGO,2026-07-24 16:28:34.898686,High premium,Simpler process,False,18.5,9,True,160.62,4108.45
EXP570832,IMG Global,2026-07-22 16:28:34.898696,Slow claims processing,Better customer support,False,34.2,10,True,76.16,3635.19
EXP256285,ICICI Lombard,2026-08-13 16:28:34.898706,Poor customer service,Comprehensive expat coverage,False,30.4,5,True,73.05,1515.38
EXP656521,AIG,2026-08-27 16:28:34.898715,No India coverage,India-USA coordination,False,25.8,5,True,95.38,4717.25
EXP230045,IMG Global,2026-07-25 16:28:34.898725,High premium,Better affordability,False,28.3,8,True,109.92,2609.41
EXP718151,HDFC ERGO,2026-07-11 16:28:34.898734,High premium,Faster onboarding,False,19.6,5,True,66.47,1745.58
EXP729547,CHUBB,2026-08-26 16:28:34.898744,Poor customer service,India-USA coordination,False,26.2,6,True,176.43,2465.56
EXP340754,ICICI Lombard,2026-08-16 16:28:34.898753,Limited coverage options,Comprehensive expat coverage,False,16.1,7,True,171.47,2397.24
EXP143705,HDFC ERGO,2026-08-23 16:28:34.898763,Slow claims processing,Better affordability,False,19.7,6,True,102.57,1831.66
EXP567352,ICICI Lombard,2026-07-06 16:28:34.898773,Limited coverage options,India-USA coordination,False,32.3,6,False,85.95,2156.61
EXP163268,AIG,2026-08-25 16:28:34.898782,Complex onboarding,India-USA coordination,False,28.3,7,True,56.48,1806.95
EXP412083,AIG,2026-08-23 16:28:34.898792,No India coverage,Faster onboarding,False,22.1,5,False,195.64,3679.37
EXP691284,HDFC ERGO,2026-08-26 16:28:34.898801,Limited coverage options,Faster onboarding,False,15.8,7,False,173.25,4032.48
EXP431201,IMG Global,2026-07-28 16:28:34.898811,High premium,India-USA coordination,False,20.0,8,True,108.01,3091.33
EXP983497,HDFC ERGO,2026-08-17 16:28:34.898821,Poor customer service,Better affordability,False,30.2,7,True,91.34,1758.03
EXP681180,IMG Global,2026-08-24 16:28:34.898830,Complex onboarding,Better customer support,False,18.3,8,True,51.0,3309.54
EXP111463,ICICI Lombard,2026-07-12 16:28:34.898840,Complex onboarding,Better affordability,False,25.7,9,False,61.2,4098.73
EXP549527,Allianz,2026-08-10 16:28:34.898849,Slow claims processing,Comprehensive expat coverage,False,26.4,4,True,127.83,4643.99
EXP115671,IMG Global,2026-07-18 16:28:34.898859,High premium,Faster onboarding,False,29.0,8,True,98.84,2431.51
EXP871619,IMG Global,2026-07-16 16:28:34.898869,High premium,Faster onboarding,False,19.5,9,False,106.45,2071.26
EXP714902,IMG Global,2026-07-24 16:28:34.898878,Slow claims processing,Better affordability,False,31.8,9,False,103.39,1544.15
EXP488865,Allianz,2026-08-12 16:28:34.898889,Slow claims processing,India-USA coordination,False,27.8,9,False,160.87,1655.04
EXP860184,AIG,2026-07-13 16:28:34.898899,No India coverage,India-USA coordination,False,29.1,10,True,124.37,4583.68
EXP454642,ICICI Lombard,2026-08-17 16:28:34.898909,Complex onboarding,India-USA coordination,False,18.5,4,True,139.83,2315.96
EXP172960,AIG,2026-08-10 16:28:34.898919,Complex onboarding,Comprehensive expat coverage,False,33.3,8,True,89.69,3542.6
EXP697487,CHUBB,2026-08-16 16:28:34.898928,No India coverage,Comprehensive expat coverage,False,34.2,6,True,160.51,4610.19
EXP369974,IMG Global,2026-08-05 16:28:34.898938,Complex onboarding,Better affordability,False,27.7,6,False,198.3,2899.59
EXP713490,IMG Global,2026-08-13 16:28:34.898947,No India coverage,Better affordability,False,16.9,9,True,69.31,3034.94
EXP597463,CHUBB,2026-07-26 16:28:34.898957,No India coverage,Simpler process,False,28.8,9,False,196.67,3340.18
EXP311293,Allianz,2026-07-17 16:28:34.898966,Complex onboarding,Faster onboarding,False,19.4,4,True,135.76,4156.05
EXP868250,ICICI Lombard,2026-06-28 16:28:34.898976,Limited coverage options,India-USA coordination,False,17.6,6,False,191.26,3033.54
EXP351585,HDFC ERGO,2026-08-01 16:28:34.898985,Complex onboarding,Simpler process,False,19.4,5,True,188.55,3834.41
EXP609568,Allianz,2026-08-01 16:28:34.898998,Complex onboarding,Better affordability,False,32.2,9,False,69.9,2517.78
EXP246071,ICICI Lombard,2026-08-27 16:28:34.899008,Poor customer service,India-USA coordination,False,25.4,4,False,129.07,3984.43
EXP636816,CHUBB,2026-07-17 16:28:34.899017,High premium,Better affordability,False,27.5,8,False,55.0,2725.34
EXP400941,HDFC ERGO,2026-08-08 16:28:34.899027,Limited coverage options,Better customer support,False,27.8,6,True,67.92,3657.56
EXP460414,IMG Global,2026-08-04 16:28:34.899037,Slow claims processing,Better customer support,False,25.2,10,False,92.03,3875.47
EXP694653,CHUBB,2026-08-23 16:28:34.899046,Limited coverage options,Comprehensive expat coverage,False,26.2,9,False,167.74,2585.09
EXP617197,Allianz,2026-07-25 16:28:34.899056,Poor customer service,Better customer support,False,16.6,7,True,73.29,2966.05
EXP946508,IMG Global,2026-07-02 16:28:34.899065,Limited coverage options,Comprehensive expat coverage,False,22.9,8,True,81.87,4031.49
EXP350150,CHUBB,2026-08-23 16:28:34.899075,Limited coverage options,Comprehensive expat coverage,False,19.1,5,False,73.69,2583.15
EXP634252,IMG Global,2026-06-29 16:28:34.899084,High premium,Better affordability,False,34.7,8,False,96.84,4184.3
EXP602575,CHUBB,2026-08-02 16:28:34.899094,Complex onboarding,India-USA coordination,False,19.7,4,True,136.75,2035.75
EXP923548,ICICI Lombard,2026-08-07 16:28:34.899103,Poor customer service,Better affordability,False,22.1,10,True,137.34,2017.55
EXP445385,CHUBB,2026-07-15 16:28:34.899113,Slow claims processing,Faster onboarding,False,29.6,4,True,174.58,2367.03
EXP295692,CHUBB,2026-08-05 16:28:34.899122,Slow claims processing,Comprehensive expat coverage,False,15.6,5,True,148.06,3605.53
EXP110800,ICICI Lombard,2026-07-12 16:28:34.899132,Slow claims processing,Better customer support,False,33.6,9,False,168.68,2737.59
EXP993810,AIG,2026-08-15 16:28:34.899141,High premium,Simpler process,False,29.5,9,True,122.25,1791.95
EXP546069,CHUBB,2026-08-16 16:28:34.899151,Complex onboarding,Comprehensive expat coverage,False,31.5,4,False,118.3,4243.82
EXP430898,ICICI Lombard,2026-07-21 16:28:34.899160,Poor customer service,Simpler process,False,27.3,5,False,90.4,4009.8
EXP391557,Allianz,2026-07-06 16:28:34.899170,Limited coverage options,Better customer support,False,32.4,4,False,96.31,3545.65
EXP692171,CHUBB,2026-07-19 16:28:34.899179,Poor customer service,Better customer support,False,25.0,5,True,193.13,4812.89
EXP187080,ICICI Lombard,2026-07-29 16:28:34.899189,No India coverage,India-USA coordination,False,22.9,10,True,180.37,3739.69
EXP520837,IMG Global,2026-08-11 16:28:34.899198,Limited coverage options,Better affordability,False,15.5,5,True,165.21,4964.54
EXP347296,IMG Global,2026-07-10 16:28:34.899208,High premium,Better customer support,False,21.0,4,False,67.6,4803.72
EXP449060,Allianz,2026-07-15 16:28:34.899217,Slow claims processing,Better affordability,False,25.9,8,True,51.96,3384.51
EXP815370,IMG Global,2026-08-18 16:28:34.899227,Complex onboarding,India-USA coordination,False,26.9,5,True,174.41,2980.92
EXP417072,ICICI Lombard,2026-08-04 16:28:34.899236,Slow claims processing,Comprehensive expat coverage,False,30.0,9,True,113.45,4670.02
EXP622241,Allianz,2026-07-16 16:28:34.899246,Limited coverage options,Comprehensive expat coverage,False,23.9,4,True,175.9,2746.06
EXP761330,ICICI Lombard,2026-08-09 16:28:34.899256,Complex onboarding,Comprehensive expat coverage,False,16.3,6,True,147.79,3105.75
EXP963459,HDFC ERGO,2026-08-12 16:28:34.899265,Slow claims processing,Comprehensive expat coverage,False,32.2,4,True,121.16,4258.44
EXP754787,AIG,2026-07-05 16:28:34.899275,Slow claims processing,Simpler process,False,27.2,8,False,148.56,1533.94
EXP600027,Allianz,2026-07-05 16:28:34.899284,Limited coverage options,Better affordability,False,16.3,9,True,72.89,4808.37
EXP419811,CHUBB,2026-07-07 16:28:34.899293,Limited coverage options,Better affordability,False,15.2,8,True,193.46,4870.57
EXP116505,CHUBB,2026-07-22 16:28:34.899303,No India coverage,Simpler process,False,17.3,7,True,144.27,4883.5
EXP772214,Allianz,2026-07-29 16:28:34.899312,Complex onboarding,Faster onboarding,False,17.7,7,False,183.2,4503.12
EXP284487,HDFC ERGO,2026-07-31 16:28:34.899322,High premium,Better affordability,False,23.6,4,False,69.03,3390.53
EXP370193,ICICI Lombard,2026-07-23 16:28:34.899331,High premium,India-USA coordination,False,26.5,6,True,110.64,4298.37
EXP322345,CHUBB,2026-08-13 16:28:34.899341,Poor customer service,Better affordability,False,23.3,5,True,76.78,4495.88
EXP829474,ICICI Lombard,2026-07-03 16:28:34.899350,Complex onboarding,Simpler process,False,29.1,6,False,128.82,4994.19
EXP793960,ICICI Lombard,2026-08-26 16:28:34.899360,Limited coverage options,India-USA coordination,False,29.8,9,True,119.64,4034.47
EXP549559,IMG Global,2026-07-27 16:28:34.899369,High premium,India-USA coordination,False,20.3,4,True,156.46,1823.28
EXP497460,AIG,2026-08-07 16:28:34.899380,Poor customer service,Better customer support,False,18.1,7,True,51.86,3322.84
EXP587514,CHUBB,2026-08-16 16:28:34.899390,Poor customer service,India-USA coordination,False,28.2,7,False,165.89,3948.51
EXP101929,AIG,2026-08-13 16:28:34.899400,Poor customer service,Faster onboarding,False,19.0,5,True,66.69,1712.43
EXP580547,CHUBB,2026-08-05 16:28:34.899409,Poor customer service,Faster onboarding,False,25.6,5,True,129.1,3478.32
EXP881904,Allianz,2026-08-04 16:28:34.899418,Limited coverage options,Comprehensive expat coverage,False,26.7,7,True,190.75,4096.7
EXP212357,IMG Global,2026-07-15 16:28:34.899428,Slow claims processing,Comprehensive expat coverage,False,20.1,8,True,102.55,1597.91
EXP572190,Allianz,2026-08-10 16:28:34.899437,Poor customer service,Comprehensive expat coverage,False,17.1,9,False,60.83,3131.57
EXP472769,AIG,2026-07-08 16:28:34.899447,No India coverage,India-USA coordination,False,29.5,9,False,102.17,2617.42
EXP422983,HDFC ERGO,2026-07-02 16:28:34.899457,Complex onboarding,Simpler process,False,21.3,8,False,54.62,2497.5
EXP649553,CHUBB,2026-07-12 16:28:34.899466,Limited coverage options,India-USA coordination,False,30.4,4,True,148.75,4945.06
EXP758909,AIG,2026-08-14 16:28:34.899476,Poor customer service,Simpler process,False,18.8,7,True,173.24,2797.78
EXP845932,Allianz,2026-08-25 16:28:34.899485,Slow claims processing,India-USA coordination,False,31.2,7,False,117.33,2326.04
EXP566516,AIG,2026-07-31 16:28:34.899495,Complex onboarding,Faster onboarding,False,29.9,4,False,72.8,2631.1
EXP732305,CHUBB,2026-07-05 16:28:34.899504,Poor customer service,India-USA coordination,False,18.6,6,True,93.73,3959.05
EXP985794,Allianz,2026-08-13 16:28:34.899514,Complex onboarding,Better affordability,False,25.3,6,False,55.12,2197.22
EXP788770,AIG,2026-08-23 16:28:34.899523,Limited coverage options,Better customer support,False,19.2,10,True,178.73,3160.76
EXP223579,ICICI Lombard,2026-07-11 16:28:34.899533,High premium,Faster onboarding,False,19.9,5,False,168.68,4074.42
EXP289765,CHUBB,2026-07-19 16:28:34.899542,Slow claims processing,Better customer support,False,24.1,8,True,101.93,1785.44
EXP210221,ICICI Lombard,2026-07-10 16:28:34.899552,Slow claims processing,Simpler process,False,28.7,6,False,119.67,3516.77
EXP866990,CHUBB,2026-08-01 16:28:34.899561,Limited coverage options,Better customer support,False,26.1,5,True,107.12,4243.35
EXP759220,HDFC ERGO,2026-08-24 16:28:34.899570,Limited coverage options,Simpler process,False,27.8,7,True,98.41,4388.07
EXP772696,HDFC ERGO,2026-07-10 16:28:34.899580,Limited coverage options,Better customer support,False,16.1,6,True,145.36,1725.93
EXP279307,HDFC ERGO,2026-08-08 16:28:34.899589,Complex onboarding,Comprehensive expat coverage,False,30.2,10,False,99.45,2462.86
EXP612085,ICICI Lombard,2026-07-23 16:28:34.899599,No India coverage,Comprehensive expat coverage,False,25.0,4,False,114.3,2741.07
EXP381700,ICICI Lombard,2026-07-29 16:28:34.899608,Poor customer service,Better affordability,False,17.7,6,True,75.91,2283.7
EXP402583,HDFC ERGO,2026-07-24 16:28:34.899618,Complex onboarding,Better customer support,False,25.3,7,True,111.11,2695.53
EXP326685,ICICI Lombard,2026-08-02 16:28:34.899627,No India coverage,Comprehensive expat coverage,False,24.6,5,True,158.32,2838.4
EXP924419,HDFC ERGO,2026-08-17 16:28:34.899637,Limited coverage options,India-USA coordination,False,32.3,4,False,127.07,3482.09
EXP618810,AIG,2026-07-17 16:28:34.899646,Limited coverage options,Faster onboarding,False,20.7,4,True,193.77,2400.18
EXP687543,ICICI Lombard,2026-07-07 16:28:34.899656,Complex onboarding,Comprehensive expat coverage,False,25.5,8,False,154.17,3819.79
EXP573948,IMG Global,2026-07-25 16:28:34.899665,High premium,Simpler process,False,16.6,7,True,140.21,2707.77
EXP810195,ICICI Lombard,2026-08-09 16:28:34.899675,Poor customer service,Better affordability,False,32.4,6,True,68.27,1667.52
EXP926569,HDFC ERGO,2026-07-27 16:28:34.899685,Complex onboarding,Comprehensive expat coverage,False,17.4,4,True,85.77,4115.0
EXP355139,HDFC ERGO,2026-07-04 16:28:34.899694,No India coverage,Faster onboarding,False,18.4,8,False,116.51,3992.46
EXP253168,Allianz,2026-08-15 16:28:34.899704,No India coverage,Better customer support,False,27.2,10,False,193.0,3174.27
EXP904679,HDFC ERGO,2026-07-26 16:28:34.899713,High premium,Comprehensive expat coverage,False,17.2,4,True,143.93,1627.1
EXP307076,Allianz,2026-07-07 16:28:34.899723,Complex onboarding,Better affordability,False,16.8,5,False,130.76,2891.48
EXP794016,Allianz,2026-08-16 16:28:34.899732,Slow claims processing,Better affordability,False,23.4,7,True,135.79,4243.43
EXP724885,CHUBB,2026-06-30 16:28:34.899742,High premium,Better customer support,False,24.6,5,True,104.35,2196.57
EXP771051,HDFC ERGO,2026-06-30 16:28:34.899751,High premium,India-USA coordination,False,28.5,7,False,138.69,3838.99
EXP551753,HDFC ERGO,2026-07-06 16:28:34.899762,Complex onboarding,Better affordability,False,20.4,4,False,80.0,1921.61
EXP611956,CHUBB,2026-08-21 16:28:34.899773,No India coverage,Better customer support,False,18.7,5,True,114.58,3313.82
EXP812002,HDFC ERGO,2026-08-06 16:28:34.899782,No India coverage,Comprehensive expat coverage,False,29.9,4,True,131.65,2700.96
EXP681249,HDFC ERGO,2026-08-07 16:28:34.899792,Complex onboarding,Better customer support,False,22.2,4,True,58.58,4254.33
EXP916488,CHUBB,2026-06-30 16:28:34.899801,Complex onboarding,Better customer support,False,28.4,4,False,191.76,2203.75
EXP689868,IMG Global,2026-08-24 16:28:34.899811,Limited coverage options,India-USA coordination,False,29.3,8,True,167.56,1666.52
EXP294009,HDFC ERGO,2026-07-26 16:28:34.899820,Poor customer service,Simpler process,False,23.9,5,False,107.37,3733.76
EXP470941,CHUBB,2026-08-24 16:28:34.899830,High premium,India-USA coordination,False,27.3,6,True,51.22,4001.61
EXP180417,Allianz,2026-07-22 16:28:34.899839,No India coverage,Better affordability,False,26.5,5,True,159.85,2219.43
EXP441766,HDFC ERGO,2026-08-13 16:28:34.899849,High premium,Better customer support,False,16.8,8,True,81.25,3721.6
EXP281593,ICICI Lombard,2026-07-18 16:28:34.899859,Complex onboarding,Better customer support,False,21.9,5,True,127.59,4549.9
EXP807094,IMG Global,2026-07-07 16:28:34.899868,Slow claims processing,Faster onboarding,False,32.6,4,True,183.06,2851.73
EXP914806,CHUBB,2026-07-05 16:28:34.899877,Complex onboarding,Faster onboarding,False,23.0,9,False,102.77,1626.93
EXP659416,ICICI Lombard,2026-08-11 16:28:34.899887,High premium,Simpler process,False,19.5,8,True,75.75,2669.66
EXP273567,ICICI Lombard,2026-08-06 16:28:34.899897,Limited coverage options,Faster onboarding,False,24.0,5,True,63.41,1969.98
EXP114143,Allianz,2026-08-09 16:28:34.899906,Limited coverage options,Faster onboarding,False,27.0,9,True,102.31,4686.65
EXP825506,CHUBB,2026-07-23 16:28:34.899916,High premium,Faster onboarding,False,29.7,8,True,63.86,3941.02
EXP209785,HDFC ERGO,2026-08-06 16:28:34.899925,Poor customer service,Comprehensive expat coverage,False,22.3,4,True,71.7,4210.96
EXP824289,HDFC ERGO,2026-07-09 16:28:34.899935,No India coverage,Faster onboarding,False,25.9,6,True,154.1,2011.09
EXP362298,IMG Global,2026-07-28 16:28:34.899944,High premium,Simpler process,False,15.7,5,True,136.98,2211.81
EXP169464,IMG Global,2026-07-04 16:28:34.899954,Poor customer service,Comprehensive expat coverage,False,34.0,4,False,98.1,3401.17
EXP605663,AIG,2026-08-14 16:28:34.899963,Complex onboarding,Better customer support,False,24.6,5,True,142.48,3375.48
EXP377942,CHUBB,2026-07-29 16:28:34.899973,High premium,Comprehensive expat coverage,False,24.0,8,False,93.45,2245.62
EXP247828,CHUBB,2026-08-09 16:28:34.899982,Complex onboarding,India-USA coordination,False,33.7,8,False,115.35,3871.04
EXP545822,AIG,2026-08-18 16:28:34.899992,Slow claims processing,India-USA coordination,False,34.8,8,True,142.19,4004.95
EXP317569,IMG Global,2026-08-01 16:28:34.900001,Limited coverage options,Better affordability,False,34.9,5,False,118.03,3538.97
EXP563107,HDFC ERGO,2026-07-30 16:28:34.900011,Slow claims processing,Faster onboarding,False,27.2,8,True,91.18,4188.12
EXP727936,Allianz,2026-07-02 16:28:34.900020,Complex onboarding,India-USA coordination,False,22.2,5,True,98.49,2649.83
EXP217403,AIG,2026-08-18 16:28:34.900030,No India coverage,India-USA coordination,False,30.0,4,False,58.36,2885.53
EXP293959,IMG Global,2026-07-06 16:28:34.900039,Poor customer service,India-USA coordination,False,30.0,8,True,78.99,2022.57
EXP209845,Allianz,2026-07-31 16:28:34.900049,Slow claims processing,India-USA coordination,False,28.7,8,True,101.44,2756.44
EXP893743,IMG Global,2026-07-28 16:28:34.900058,Slow claims processing,Comprehensive expat coverage,False,16.3,10,False,56.98,2303.0
EXP430590,HDFC ERGO,2026-07-27 16:28:34.900068,Limited coverage options,Better affordability,False,32.5,10,True,107.26,3658.46
EXP818887,ICICI Lombard,2026-07-01 16:28:34.900078,Complex onboarding,Faster onboarding,False,23.3,6,True,154.32,3609.89
EXP361814,IMG Global,2026-08-15 16:28:34.900087,Limited coverage options,Better affordability,False,23.8,10,True,52.53,3972.99
EXP165796,HDFC ERGO,2026-07-12 16:28:34.900097,Limited coverage options,Simpler process,False,34.3,9,True,56.57,2626.84
EXP169658,CHUBB,2026-08-08 16:28:34.900107,Poor customer service,Better affordability,False,18.5,8,False,170.31,2512.07
EXP233591,IMG Global,2026-07-18 16:28:34.900116,Complex onboarding,Comprehensive expat coverage,False,22.0,4,True,162.63,1744.54
EXP604577,ICICI Lombard,2026-08-25 16:28:34.900126,No India coverage,India-USA coordination,False,33.6,7,False,96.05,1981.99
EXP183050,ICICI Lombard,2026-08-06 16:28:34.900137,Slow claims processing,Faster onboarding,False,31.5,7,False,176.64,3451.56
EXP213375,HDFC ERGO,2026-07-03 16:28:34.900148,Poor customer service,Better customer support,False,27.6,7,True,182.79,4221.05
EXP504164,CHUBB,2026-08-24 16:28:34.900158,Complex onboarding,Simpler process,False,15.0,10,True,182.7,3154.75
EXP588022,HDFC ERGO,2026-08-24 16:28:34.900167,No India coverage,Comprehensive expat coverage,False,25.6,10,True,187.51,2573.47
EXP411178,AIG,2026-06-28 16:28:34.900177,Limited coverage options,Better affordability,False,31.0,10,True,175.81,1803.66
EXP823087,CHUBB,2026-08-21 16:28:34.900187,Limited coverage options,Faster onboarding,False,22.0,10,True,80.47,3889.13
EXP445604,AIG,2026-07-27 16:28:34.900196,Limited coverage options,Simpler process,False,28.7,10,True,103.13,2742.04
EXP144461,CHUBB,2026-08-12 16:28:34.900206,Slow claims processing,Faster onboarding,False,29.0,5,True,100.7,2609.7
EXP919252,HDFC ERGO,2026-08-05 16:28:34.900215,Complex onboarding,India-USA coordination,False,34.0,8,False,158.91,3737.12
EXP592662,IMG Global,2026-08-18 16:28:34.900225,High premium,India-USA coordination,False,20.3,10,True,198.4,4081.95
EXP442430,ICICI Lombard,2026-08-19 16:28:34.900234,Limited coverage options,Comprehensive expat coverage,False,22.1,8,True,73.25,2995.42
EXP872675,CHUBB,2026-07-02 16:28:34.900244,Limited coverage options,Better customer support,False,31.8,4,True,105.78,2377.25
EXP786363,HDFC ERGO,2026-07-29 16:28:34.900253,Poor customer service,Faster onboarding,False,26.7,8,True,181.0,3525.95
EXP497264,CHUBB,2026-06-28 16:28:34.900263,Complex onboarding,Better customer support,False,25.3,8,True,77.29,2320.15
EXP100960,AIG,2026-07-11 16:28:34.900272,High premium,Faster onboarding,False,31.3,10,True,170.09,1521.81
EXP220967,AIG,2026-07-29 16:28:34.900282,Slow claims processing,Better customer support,False,29.6,5,True,54.9,4299.22
EXP897091,AIG,2026-08-22 16:28:34.900291,High premium,Better customer support,False,24.9,8,False,137.56,1955.14
EXP888050,Allianz,2026-07-22 16:28:34.900301,Limited coverage options,India-USA coordination,False,20.9,8,True,149.79,3684.45
EXP839131,AIG,2026-07-15 16:28:34.900310,No India coverage,India-USA coordination,False,27.1,8,False,79.37,3997.33
EXP160898,CHUBB,2026-08-09 16:28:34.900320,Complex onboarding,Better customer support,False,20.8,7,False,108.67,4792.98
EXP241154,IMG Global,2026-08-11 16:28:34.900330,Poor customer service,Better affordability,False,27.2,10,True,103.04,3200.71
EXP962019,ICICI Lombard,2026-08-17 16:28:34.900339,High premium,Simpler process,False,18.3,8,False,64.04,2088.03
EXP689749,Allianz,2026-08-22 16:28:34.900349,Complex onboarding,Better customer support,False,30.7,10,False,75.54,2630.46
EXP687217,ICICI Lombard,2026-07-06 16:28:34.900358,High premium,Faster onboarding,False,27.4,5,False,139.7,2872.3
EXP619808,IMG Global,2026-07-20 16:28:34.900368,Limited coverage options,Comprehensive expat coverage,False,20.9,10,False,144.33,4365.3
EXP917037,CHUBB,2026-08-18 16:28:34.900377,Slow claims processing,Faster onboarding,False,19.5,8,True,73.68,3786.23
EXP184842,AIG,2026-07-20 16:28:34.900387,No India coverage,Comprehensive expat coverage,False,28.6,9,True,187.99,2220.57
EXP941274,Allianz,2026-07-07 16:28:34.900397,Limited coverage options,Faster onboarding,False,25.2,4,True,157.55,3482.4
EXP996490,Allianz,2026-08-02 16:28:34.900406,High premium,Better affordability,False,28.3,9,True,86.97,3015.96
EXP646102,AIG,2026-08-12 16:28:34.900416,Slow claims processing,Simpler process,False,32.6,5,True,94.29,3268.89
EXP291828,IMG Global,2026-08-24 16:28:34.900426,Complex onboarding,Faster onboarding,False,32.7,4,False,90.19,4574.49
EXP286649,Allianz,2026-07-30 16:28:34.900435,High premium,Simpler process,False,18.5,10,True,86.22,1573.96
EXP691691,HDFC ERGO,2026-07-30 16:28:34.900445,Limited coverage options,Better affordability,False,33.9,7,True,62.45,4316.89
EXP355007,HDFC ERGO,2026-08-07 16:28:34.900454,Poor customer service,Better affordability,False,29.3,10,False,191.42,3008.64
EXP488219,AIG,2026-08-04 16:28:34.900464,No India coverage,India-USA coordination,False,32.8,6,False,160.0,4374.9
EXP823072,AIG,2026-08-21 16:28:34.900473,Poor customer service,Better affordability,False,21.3,8,True,155.53,1882.76
EXP662811,Allianz,2026-07-20 16:28:34.900483,Limited coverage options,Comprehensive expat coverage,False,32.2,4,True,109.64,1789.09
EXP487729,ICICI Lombard,2026-08-14 16:28:34.900492,Slow claims processing,Faster onboarding,False,18.9,9,False,63.04,1898.81
EXP196958,AIG,2026-08-26 16:28:34.900502,Slow claims processing,Better customer support,False,18.9,8,False,125.0,4936.45
EXP371694,HDFC ERGO,2026-07-19 16:28:34.900511,Limited coverage options,Faster onboarding,False,22.5,10,True,52.39,3937.91
EXP924222,IMG Global,2026-08-15 16:28:34.900521,Complex onboarding,Comprehensive expat coverage,False,22.3,7,True,74.94,3025.91
EXP493514,Allianz,2026-08-26 16:28:34.900532,No India coverage,Better customer support,False,33.3,10,True,134.76,1891.98
EXP374544,AIG,2026-07-26 16:28:34.900542,Slow claims processing,India-USA coordination,False,32.7,8,False,71.82,4432.02
EXP545043,AIG,2026-08-02 16:28:34.900551,Slow claims processing,Faster onboarding,False,25.8,6,False,148.11,2585.11
EXP956485,HDFC ERGO,2026-07-18 16:28:34.900561,Slow claims processing,Better affordability,False,31.0,9,True,75.62,4224.36
EXP988716,CHUBB,2026-07-27 16:28:34.900570,No India coverage,India-USA coordination,False,22.2,4,True,79.28,2225.24
EXP585092,AIG,2026-08-25 16:28:34.900580,Poor customer service,Comprehensive expat coverage,False,26.9,5,False,137.13,2035.39
EXP232150,Allianz,2026-08-26 16:28:34.900589,Slow claims processing,Simpler process,False,29.5,4,False,182.34,3220.68
EXP573761,CHUBB,2026-07-09 16:28:34.900599,Limited coverage options,Comprehensive expat coverage,False,33.3,7,True,86.98,2421.95
EXP132528,ICICI Lombard,2026-08-25 16:28:34.900608,Slow claims processing,Faster onboarding,False,26.9,7,False,198.31,3101.22
EXP897891,CHUBB,2026-06-29 16:28:34.900618,Complex onboarding,Faster onboarding,False,18.2,4,False,173.63,2525.1
EXP299694,AIG,2026-08-25 16:28:34.900627,Limited coverage options,Comprehensive expat coverage,False,31.8,7,True,179.13,2651.19
EXP856591,HDFC ERGO,2026-07-21 16:28:34.900637,Poor customer service,Simpler process,False,28.1,5,True,195.73,2528.73
EXP436783,AIG,2026-08-20 16:28:34.900646,No India coverage,India-USA coordination,False,19.9,10,True,72.33,2359.5
EXP834275,ICICI Lombard,2026-07-27 16:28:34.900656,Limited coverage options,Faster onboarding,False,32.9,4,False,173.53,2370.69
EXP827251,ICICI Lombard,2026-07-09 16:28:34.900665,High premium,India-USA coordination,False,23.6,10,True,149.96,3117.45
EXP698172,HDFC ERGO,2026-07-01 16:28:34.900675,Complex onboarding,Faster onboarding,False,31.2,5,True,66.87,3196.3
EXP871099,IMG Global,2026-07-20 16:28:34.900684,Slow claims processing,Better affordability,False,28.3,10,False,165.88,2344.81
EXP852255,IMG Global,2026-06-28 16:28:34.900694,Complex onboarding,Comprehensive expat coverage,False,31.6,8,False,143.89,1700.15
EXP314702,Allianz,2026-07-19 16:28:34.900703,Limited coverage options,Better customer support,False,32.3,5,True,98.8,3725.54
EXP162202,Allianz,2026-07-10 16:28:34.900713,Limited coverage options,Better customer support,False,24.0,6,True,103.42,4056.98
EXP267235,HDFC ERGO,2026-08-20 16:28:34.900724,Limited coverage options,Simpler process,False,22.8,7,True,55.96,3451.61
EXP613210,CHUBB,2026-08-14 16:28:34.900734,Slow claims processing,Comprehensive expat coverage,False,25.2,6,True,82.82,3950.26
EXP963875,ICICI Lombard,2026-07-27 16:28:34.900743,Complex onboarding,Comprehensive expat coverage,False,23.2,10,True,197.74,4116.05
EXP117302,AIG,2026-08-09 16:28:34.900753,Poor customer service,Simpler process,False,16.3,7,True,156.28,3246.55
EXP440488,Allianz,2026-07-21 16:28:34.900763,Slow claims processing,India-USA coordination,False,24.2,5,True,121.08,3118.73
EXP935659,Allianz,2026-08-11 16:28:34.900772,Poor customer service,Simpler process,False,21.5,10,False,101.11,1737.1
EXP817300,CHUBB,2026-08-09 16:28:34.900781,Poor customer service,India-USA coordination,False,24.2,5,True,100.31,3474.39
EXP105606,CHUBB,2026-07-27 16:28:34.900791,Poor customer service,Comprehensive expat coverage,False,28.5,10,True,138.22,2963.88
EXP147584,IMG Global,2026-08-06 16:28:34.900800,High premium,India-USA coordination,False,16.5,9,True,65.04,4173.58
EXP271628,HDFC ERGO,2026-07-10 16:28:34.900810,Poor customer service,Better affordability,False,18.3,4,True,181.68,3232.12
EXP315555,CHUBB,2026-07-29 16:28:34.900819,Poor customer service,India-USA coordination,False,30.0,6,True,88.51,3984.91
EXP571230,CHUBB,2026-07-14 16:28:34.900829,Poor customer service,Comprehensive expat coverage,False,34.4,7,True,148.22,2213.27
EXP268450,ICICI Lombard,2026-08-16 16:28:34.900838,Limited coverage options,Simpler process,False,18.0,5,True,56.14,4757.2
EXP148748,AIG,2026-08-11 16:28:34.900848,Complex onboarding,Simpler process,False,31.1,8,True,99.02,2999.42
EXP555804,ICICI Lombard,2026-07-22 16:28:34.900857,Poor customer service,Better affordability,False,15.6,6,True,138.3,1525.41
EXP743028,CHUBB,2026-08-10 16:28:34.900867,Slow claims processing,Better affordability,False,15.8,8,False,174.16,3483.15
EXP346297,AIG,2026-08-25 16:28:34.900876,Limited coverage options,Better affordability,False,16.5,7,True,66.11,3248.84
EXP894072,HDFC ERGO,2026-07-31 16:28:34.900886,Limited coverage options,Faster onboarding,False,24.3,9,True,109.37,2544.63
EXP648543,Allianz,2026-08-27 16:28:34.900896,Limited coverage options,Faster onboarding,False,29.8,4,True,93.64,2420.92
EXP395259,CHUBB,2026-08-16 16:28:34.900905,Limited coverage options,Faster onboarding,False,20.6,4,True,106.07,4561.78
EXP673085,Allianz,2026-08-25 16:28:34.900916,High premium,Simpler process,False,28.4,7,True,132.4,4003.75
EXP645833,AIG,2026-07-04 16:28:34.900926,Slow claims processing,Faster onboarding,False,19.0,5,True,87.34,3608.29
EXP413182,AIG,2026-07-02 16:28:34.900935,Poor customer service,Better customer support,False,28.9,4,True,176.32,4659.44
EXP619156,HDFC ERGO,2026-08-05 16:28:34.900944,High premium,Faster onboarding,False,23.5,9,False,108.68,2038.05
EXP863746,IMG Global,2026-07-03 16:28:34.900954,High premium,India-USA coordination,False,33.0,10,True,56.47,3562.27
EXP848133,IMG Global,2026-07-14 16:28:34.900963,High premium,Faster onboarding,False,34.0,6,True,109.42,4719.17
EXP890492,AIG,2026-08-15 16:28:34.900973,Poor customer service,Better affordability,False,16.0,7,True,145.67,3046.99
EXP729678,AIG,2026-06-29 16:28:34.900983,Slow claims processing,Better affordability,False,20.6,4,True,148.42,3012.47
EXP880178,IMG Global,2026-08-24 16:28:34.900992,Slow claims processing,India-USA coordination,False,32.4,6,False,66.17,2310.02
EXP328815,HDFC ERGO,2026-07-20 16:28:34.901002,No India coverage,Better affordability,False,20.8,8,True,58.35,3551.77
EXP802226,AIG,2026-07-10 16:28:34.901011,Limited coverage options,Comprehensive expat coverage,False,31.9,7,True,116.38,1677.84
EXP325981,HDFC ERGO,2026-07-23 16:28:34.901021,Slow claims processing,India-USA coordination,False,25.0,6,False,169.79,1852.1
EXP168264,AIG,2026-07-15 16:28:34.901030,Complex onboarding,Comprehensive expat coverage,False,16.2,4,False,132.65,2867.81
EXP601365,IMG Global,2026-08-11 16:28:34.901040,Slow claims processing,Simpler process,False,15.2,7,True,67.89,4673.5
EXP583457,Allianz,2026-08-23 16:28:34.901052,Slow claims processing,Comprehensive expat coverage,False,23.4,5,True,88.85,2008.15
EXP448322,HDFC ERGO,2026-08-15 16:28:34.901062,No India coverage,Better customer support,False,25.5,7,True,196.57,4619.62
EXP992524,HDFC ERGO,2026-07-17 16:28:34.901072,Poor customer service,Comprehensive expat coverage,False,31.1,10,False,126.61,1957.44
EXP513666,HDFC ERGO,2026-08-07 16:28:34.901081,Slow claims processing,Comprehensive expat coverage,False,23.0,10,True,164.09,2311.79
EXP141036,Allianz,2026-07-11 16:28:34.901091,No India coverage,Comprehensive expat coverage,False,23.0,10,True,92.3,4652.06
EXP144177,Allianz,2026-07-28 16:28:34.901101,High premium,Better customer support,False,19.8,10,True,51.26,2090.37
EXP247029,IMG Global,2026-07-30 16:28:34.901110,High premium,Simpler process,False,15.5,7,True,177.22,4038.41
EXP400358,HDFC ERGO,2026-07-14 16:28:34.901120,Complex onboarding,Faster onboarding,False,20.6,10,True,141.79,3512.8
EXP204028,CHUBB,2026-07-17 16:28:34.901131,Poor customer service,Better customer support,False,27.4,5,True,142.15,1783.4
EXP206706,CHUBB,2026-08-07 16:28:34.901144,No India coverage,Better customer support,False,31.7,5,False,53.94,2999.28
EXP469195,CHUBB,2026-07-21 16:28:34.901158,Poor customer service,Better affordability,False,34.1,8,True,159.02,2920.97
EXP815773,ICICI Lombard,2026-08-21 16:28:34.901171,Complex onboarding,Better customer support,False,32.1,5,False,129.29,2677.29
EXP691876,ICICI Lombard,2026-08-02 16:28:34.901183,Poor customer service,Simpler process,False,19.5,4,False,116.65,4167.78
EXP109580,Allianz,2026-07-09 16:28:34.901192,Limited coverage options,Better customer support,False,30.8,9,True,188.71,4077.45
EXP269776,ICICI Lombard,2026-07-02 16:28:34.901202,High premium,Better customer support,False,17.5,9,True,76.34,3715.25
EXP822507,ICICI Lombard,2026-07-19 16:28:34.901212,Slow claims processing,Better customer support,False,28.5,5,False,153.09,2316.09
EXP807925,ICICI Lombard,2026-06-28 16:28:34.901222,Limited coverage options,Simpler process,False,22.7,7,False,120.59,3208.85
EXP585715,IMG Global,2026-08-18 16:28:34.901235,High premium,Faster onboarding,False,29.0,7,True,119.61,3982.95
EXP578352,CHUBB,2026-07-03 16:28:34.901249,Limited coverage options,Comprehensive expat coverage,False,20.9,4,True,64.57,3740.12
EXP514134,IMG Global,2026-07-10 16:28:34.901260,Limited coverage options,India-USA coordination,False,18.9,7,False,61.44,4959.0
EXP900545,AIG,2026-07-10 16:28:34.901271,No India coverage,India-USA coordination,False,21.8,10,True,165.11,2301.31
EXP746279,AIG,2026-07-10 16:28:34.901282,Limited coverage options,Simpler process,False,26.7,7,False,153.28,2571.48
EXP491254,ICICI Lombard,2026-08-27 16:28:34.901293,Limited coverage options,India-USA coordination,False,21.2,9,True,66.55,3357.32
EXP928055,IMG Global,2026-07-12 16:28:34.901302,Complex onboarding,Better affordability,False,24.0,5,True,86.29,4545.12
EXP401190,CHUBB,2026-08-14 16:28:34.901312,Poor customer service,Simpler process,False,31.1,7,True,57.23,4956.12
EXP437842,AIG,2026-08-02 16:28:34.901322,Limited coverage options,Simpler process,False,27.5,4,True,158.76,2546.02
EXP706334,AIG,2026-07-06 16:28:34.901334,Complex onboarding,India-USA coordination,False,16.9,7,True,152.19,4495.68
EXP879230,CHUBB,2026-07-16 16:28:34.901343,Poor customer service,Comprehensive expat coverage,False,28.1,10,True,65.96,4174.66
EXP193290,HDFC ERGO,2026-07-10 16:28:34.901353,Poor customer service,Simpler process,False,23.0,4,False,196.67,2894.26
EXP601274,IMG Global,2026-08-14 16:28:34.901362,No India coverage,Comprehensive expat coverage,False,21.0,4,False,136.38,4817.85
EXP501756,AIG,2026-07-14 16:28:34.901372,No India coverage,India-USA coordination,False,30.6,9,False,62.39,1730.33
EXP522966,CHUBB,2026-07-28 16:28:34.901382,Limited coverage options,India-USA coordination,False,29.6,7,True,184.83,2171.66
EXP119692,AIG,2026-08-13 16:28:34.901391,Poor customer service,Comprehensive expat coverage,False,16.4,7,True,134.33,3744.3
EXP585128,Allianz,2026-08-23 16:28:34.901400,Poor customer service,Better customer support,False,26.8,9,False,154.34,4561.56
EXP273384,CHUBB,2026-08-25 16:28:34.901410,Complex onboarding,India-USA coordination,False,15.1,10,True,117.56,4584.26
EXP973559,Allianz,2026-08-07 16:28:34.901420,Slow claims processing,India-USA coordination,False,18.5,4,True,88.94,2826.36
EXP567345,ICICI Lombard,2026-08-08 16:28:34.901429,High premium,India-USA coordination,False,32.2,9,False,133.13,3496.93
EXP538325,IMG Global,2026-08-21 16:28:34.901438,High premium,Better customer support,False,27.1,10,True,117.75,4973.49
EXP162347,HDFC ERGO,2026-08-05 16:28:34.901448,Poor customer service,Better customer support,False,25.9,6,False,86.34,2781.75
EXP325814,CHUBB,2026-08-02 16:28:34.901458,Slow claims processing,India-USA coordination,False,20.5,4,True,111.18,4809.09
EXP910780,Allianz,2026-06-28 16:28:34.901467,High premium,Better affordability,False,17.9,9,True,199.26,2093.14
EXP969608,Allianz,2026-07-28 16:28:34.901477,Complex onboarding,Simpler process,False,33.6,6,False,172.09,2784.11
EXP917225,CHUBB,2026-08-17 16:28:34.901486,Limited coverage options,Better customer support,False,34.5,10,False,113.25,4718.93
EXP334741,CHUBB,2026-07-01 16:28:34.901496,Poor customer service,Comprehensive expat coverage,False,22.4,10,False,170.83,2918.03
EXP324339,CHUBB,2026-08-19 16:28:34.901506,Limited coverage options,Comprehensive expat coverage,False,28.9,5,True,171.58,2217.99
EXP572407,Allianz,2026-07-26 16:28:34.901515,No India coverage,Better affordability,False,32.7,6,True,199.06,2869.99
EXP853114,HDFC ERGO,2026-07-25 16:28:34.901525,High premium,Simpler process,False,21.9,5,True,159.85,4770.16
EXP725070,IMG Global,2026-07-12 16:28:34.901534,Slow claims processing,Faster onboarding,False,27.6,5,False,95.23,2529.28
EXP696587,HDFC ERGO,2026-08-18 16:28:34.901543,Limited coverage options,Better affordability,False,22.3,10,True,134.72,4415.78
EXP630419,HDFC ERGO,2026-07-09 16:28:34.901553,No India coverage,Better customer support,False,30.4,5,True,151.44,3015.91
EXP507827,ICICI Lombard,2026-07-17 16:28:34.901562,Limited coverage options,India-USA coordination,False,15.8,7,True,70.68,2925.79
EXP537886,ICICI Lombard,2026-08-11 16:28:34.901572,Poor customer service,Faster onboarding,False,29.9,6,False,145.67,3069.05
EXP882107,HDFC ERGO,2026-07-18 16:28:34.901581,Slow claims processing,Faster onboarding,False,17.5,10,True,84.05,4376.77
EXP164454,IMG Global,2026-07-15 16:28:34.901591,Slow claims processing,India-USA coordination,False,25.1,7,True,70.57,4630.67
EXP459392,Allianz,2026-07-25 16:28:34.901600,Limited coverage options,Comprehensive expat coverage,False,25.7,4,True,81.97,2524.19
EXP952908,AIG,2026-07-08 16:28:34.901610,Poor customer service,Better customer support,False,17.8,7,True,91.41,4295.9
EXP124321,AIG,2026-07-24 16:28:34.901620,Limited coverage options,Better customer support,False,23.6,7,False,149.24,1700.86
EXP640167,CHUBB,2026-08-26 16:28:34.901629,Slow claims processing,Simpler process,False,21.3,8,False,97.19,3704.81
EXP337494,ICICI Lombard,2026-07-07 16:28:34.901638,Limited coverage options,Comprehensive expat coverage,False,34.3,7,True,115.17,2739.08
EXP477828,AIG,2026-07-17 16:28:34.901648,No India coverage,Comprehensive expat coverage,False,16.1,10,True,141.08,4353.47
EXP231951,IMG Global,2026-06-28 16:28:34.901657,Complex onboarding,Better customer support,False,22.3,7,True,167.28,4852.76
EXP771383,Allianz,2026-08-01 16:28:34.901667,No India coverage,Comprehensive expat coverage,False,23.5,8,True,60.9,3651.65
EXP714600,IMG Global,2026-08-12 16:28:34.901676,Poor customer service,Better customer support,False,18.4,8,True,54.01,1673.01
EXP119445,ICICI Lombard,2026-08-20 16:28:34.901686,Slow claims processing,Faster onboarding,False,24.4,4,True,80.03,2103.04
EXP421110,Allianz,2026-08-10 16:28:34.901695,No India coverage,Better affordability,False,20.9,9,False,146.63,2200.63
EXP815247,IMG Global,2026-07-05 16:28:34.901705,High premium,Better customer support,False,30.7,7,True,146.96,4631.65
EXP835202,AIG,2026-07-06 16:28:34.901716,Poor customer service,Simpler process,False,21.3,4,True,54.57,4346.66
EXP545101,ICICI Lombard,2026-07-24 16:28:34.901725,Limited coverage options,Comprehensive expat coverage,False,16.3,10,True,195.4,1903.25
EXP452431,CHUBB,2026-07-31 16:28:34.901735,Complex onboarding,Better customer support,False,23.9,10,True,122.14,2092.92
EXP325759,HDFC ERGO,2026-08-01 16:28:34.901744,High premium,Comprehensive expat coverage,False,28.1,7,False,193.43,4364.5
EXP543794,IMG Global,2026-08-10 16:28:34.901754,Poor customer service,India-USA coordination,False,20.2,9,True,136.58,2542.16
EXP920334,Allianz,2026-07-08 16:28:34.901763,No India coverage,Faster onboarding,False,21.4,6,True,88.35,4742.98
EXP939521,IMG Global,2026-08-09 16:28:34.901773,High premium,Faster onboarding,False,17.3,6,True,155.85,1634.35
EXP890523,Allianz,2026-07-12 16:28:34.901782,High premium,Simpler process,False,32.5,9,True,132.34,4579.51
EXP884812,CHUBB,2026-07-07 16:28:34.901792,No India coverage,Better affordability,False,21.8,8,True,79.45,4634.15
EXP610549,IMG Global,2026-07-14 16:28:34.901803,Limited coverage options,India-USA coordination,False,28.0,8,False,108.88,2317.31
EXP295441,HDFC ERGO,2026-08-02 16:28:34.901812,Complex onboarding,Faster onboarding,False,16.0,6,True,198.67,3137.43
EXP620323,ICICI Lombard,2026-08-14 16:28:34.901822,Poor customer service,India-USA coordination,False,28.7,9,True,188.27,4360.65
EXP615028,IMG Global,2026-07-19 16:28:34.901832,No India coverage,India-USA coordination,False,27.1,7,True,87.31,3787.98
EXP814490,HDFC ERGO,2026-07-02 16:28:34.901841,Slow claims processing,Better customer support,False,25.9,10,False,67.97,2146.34
EXP849229,AIG,2026-07-22 16:28:34.901851,Slow claims processing,Comprehensive expat coverage,False,23.2,9,True,187.3,4152.63
EXP111768,IMG Global,2026-07-27 16:28:34.901860,Slow claims processing,Simpler process,False,30.0,8,True,60.64,3442.39
EXP935308,CHUBB,2026-06-30 16:28:34.901870,Complex onboarding,Better affordability,False,24.9,9,False,192.46,3310.29
EXP874511,ICICI Lombard,2026-07-16 16:28:34.901879,No India coverage,Simpler process,False,31.9,8,False,74.51,2539.6
EXP980378,CHUBB,2026-06-30 16:28:34.901889,Poor customer service,India-USA coordination,False,23.4,5,True,187.94,4066.2
EXP448853,ICICI Lombard,2026-06-28 16:28:34.901899,Limited coverage options,Better customer support,False,30.9,6,True,136.24,4050.14
EXP112082,CHUBB,2026-08-19 16:28:34.901908,No India coverage,India-USA coordination,False,19.0,10,True,130.42,2186.58
EXP135219,AIG,2026-08-06 16:28:34.901918,Limited coverage options,Better customer support,False,22.3,4,False,196.23,2793.28
EXP729998,IMG Global,2026-08-09 16:28:34.901927,High premium,Better customer support,False,22.4,8,True,78.36,3987.82
EXP332975,CHUBB,2026-07-05 16:28:34.901937,Slow claims processing,Better customer support,False,19.9,5,True,108.68,2944.32
EXP641440,ICICI Lombard,2026-07-06 16:28:34.901946,High premium,Comprehensive expat coverage,False,22.6,5,False,199.44,3221.37
EXP697493,HDFC ERGO,2026-08-16 16:28:34.901955,Limited coverage options,Better customer support,False,18.0,7,True,108.3,3149.79
EXP989915,Allianz,2026-08-17 16:28:34.901965,Slow claims processing,Faster onboarding,False,29.9,4,True,144.21,2516.94
EXP737572,HDFC ERGO,2026-07-19 16:28:34.901974,Poor customer service,Faster onboarding,False,20.7,4,True,69.81,2887.69
EXP370098,AIG,2026-08-17 16:28:34.901984,Slow claims processing,Faster onboarding,False,29.0,10,True,150.26,4196.87
EXP861911,Allianz,2026-08-17 16:28:34.901993,High premium,Comprehensive expat coverage,False,16.5,8,True,132.58,3890.03
EXP392916,HDFC ERGO,2026-08-10 16:28:34.902003,No India coverage,India-USA coordination,False,32.7,8,False,162.51,4796.51
EXP472027,HDFC ERGO,2026-08-18 16:28:34.902012,Limited coverage options,Faster onboarding,False,23.1,6,False,68.93,1582.47
EXP542569,IMG Global,2026-07-28 16:28:34.902022,Slow claims processing,Simpler process,False,16.4,7,True,64.2,3903.8
EXP491403,Allianz,2026-07-21 16:28:34.902031,Poor customer service,Comprehensive expat coverage,False,21.8,9,True,186.19,2532.7
EXP635451,ICICI Lombard,2026-07-28 16:28:34.902041,Poor customer service,Simpler process,False,32.6,6,True,54.23,3108.88
EXP898008,CHUBB,2026-07-25 16:28:34.902050,Complex onboarding,Simpler process,False,27.8,7,True,156.38,3429.68
EXP956513,CHUBB,2026-07-24 16:28:34.902060,High premium,Better affordability,False,32.5,6,True,106.64,3898.8
EXP907536,AIG,2026-07-24 16:28:34.902070,High premium,Faster onboarding,False,33.8,8,True,87.73,4513.13
EXP358437,HDFC ERGO,2026-08-06 16:28:34.902079,Limited coverage options,Simpler process,False,25.8,4,True,69.04,4710.11
EXP417991,AIG,2026-07-11 16:28:34.902089,Slow claims processing,India-USA coordination,False,17.6,5,True,104.37,2763.21
EXP437113,Allianz,2026-06-30 16:28:34.902100,Complex onboarding,Comprehensive expat coverage,False,18.6,8,True,72.72,3565.45
EXP853952,CHUBB,2026-08-15 16:28:34.902110,Poor customer service,Faster onboarding,False,34.6,7,True,184.67,2042.15
EXP757504,CHUBB,2026-08-08 16:28:34.902119,High premium,Comprehensive expat coverage,False,22.2,7,False,77.73,4320.49
EXP804115,CHUBB,2026-08-13 16:28:34.902129,High premium,Comprehensive expat coverage,False,15.3,5,False,152.51,4435.69
EXP974061,IMG Global,2026-08-27 16:28:34.902138,Slow claims processing,Comprehensive expat coverage,False,32.7,10,False,136.4,3965.34
EXP458745,Allianz,2026-08-03 16:28:34.902148,Complex onboarding,Comprehensive expat coverage,False,25.3,8,True,131.97,4592.92
EXP661645,Allianz,2026-08-11 16:28:34.902157,No India coverage,Comprehensive expat coverage,False,22.3,7,False,87.49,3078.72
EXP903817,ICICI Lombard,2026-07-24 16:28:34.902167,No India coverage,Faster onboarding,False,34.0,5,True,53.04,4996.82
EXP671711,AIG,2026-08-14 16:28:34.902176,High premium,Simpler process,False,34.8,8,True,113.98,2884.72
EXP219012,HDFC ERGO,2026-06-29 16:28:34.902187,Limited coverage options,Comprehensive expat coverage,False,21.7,8,False,141.42,2989.89
EXP331746,HDFC ERGO,2026-07-25 16:28:34.902197,High premium,Better affordability,False,32.1,5,False,86.59,3634.1
EXP650245,Allianz,2026-07-16 16:28:34.902207,Poor customer service,Better affordability,False,16.2,5,True,135.7,4067.61
EXP483881,AIG,2026-07-05 16:28:34.902216,High premium,Better customer support,False,26.0,5,False,73.76,2532.07
EXP138991,Allianz,2026-07-11 16:28:34.902226,Slow claims processing,Simpler process,False,27.0,8,True,155.04,3024.41
EXP305623,ICICI Lombard,2026-06-28 16:28:34.902235,Poor customer service,Better affordability,False,28.0,4,False,132.09,2563.74
EXP644393,ICICI Lombard,2026-07-19 16:28:34.902245,Poor customer service,Better affordability,False,26.2,10,True,94.03,3631.96
EXP233403,AIG,2026-07-16 16:28:34.902254,Complex onboarding,Faster onboarding,False,18.2,5,True,79.14,1804.51
EXP859291,Allianz,2026-07-31 16:28:34.902264,High premium,Comprehensive expat coverage,False,34.4,9,True,91.02,2751.5
EXP787086,HDFC ERGO,2026-08-06 16:28:34.902273,No India coverage,India-USA coordination,False,31.0,9,True,108.73,1772.17
EXP750757,HDFC ERGO,2026-07-16 16:28:34.902283,Complex onboarding,Better affordability,False,28.7,4,True,92.55,2267.97
EXP406557,ICICI Lombard,2026-08-27 16:28:34.902292,Complex onboarding,Better customer support,False,32.3,7,False,158.68,2108.16
EXP454259,HDFC ERGO,2026-07-28 16:28:34.902302,High premium,Better affordability,False,31.1,9,True,130.63,2189.38
EXP678963,CHUBB,2026-07-03 16:28:34.902311,Limited coverage options,Comprehensive expat coverage,False,28.5,7,False,76.91,3139.88
EXP547554,HDFC ERGO,2026-08-03 16:28:34.902321,No India coverage,Comprehensive expat coverage,False,16.0,9,True,101.36,3025.11
EXP896022,CHUBB,2026-07-30 16:28:34.902330,Limited coverage options,Better affordability,False,33.8,4,True,131.74,2972.98
EXP686626,ICICI Lombard,2026-08-23 16:28:34.902340,High premium,Simpler process,False,34.7,10,True,191.5,3160.73
EXP949176,HDFC ERGO,2026-08-08 16:28:34.902350,High premium,India-USA coordination,False,25.3,8,False,188.29,4913.99
EXP799712,IMG Global,2026-08-03 16:28:34.902359,Complex onboarding,Better customer support,False,19.0,6,True,140.38,4881.05
EXP379519,IMG Global,2026-07-03 16:28:34.902368,Poor customer service,India-USA coordination,False,33.5,6,True,100.32,3647.46
EXP612149,IMG Global,2026-08-08 16:28:34.902378,Limited coverage options,Better affordability,False,20.8,4,True,187.53,2317.27
EXP905236,HDFC ERGO,2026-07-20 16:28:34.902387,Limited coverage options,Better affordability,False,15.7,6,False,185.47,3903.15
EXP489274,IMG Global,2026-08-05 16:28:34.902397,Limited coverage options,Simpler process,False,30.1,6,True,169.17,4379.42
EXP234938,AIG,2026-08-10 16:28:34.902406,Limited coverage options,Simpler process,False,33.7,8,True,143.95,2744.83
EXP729367,HDFC ERGO,2026-07-10 16:28:34.902417,No India coverage,Better affordability,False,30.4,10,True,154.81,2930.72
EXP283740,Allianz,2026-07-17 16:28:34.902426,Complex onboarding,Comprehensive expat coverage,False,23.2,9,True,187.83,3610.72
EXP459702,IMG Global,2026-07-07 16:28:34.902436,Slow claims processing,Faster onboarding,False,24.1,10,True,67.78,2946.78
EXP919509,HDFC ERGO,2026-07-20 16:28:34.902445,Poor customer service,Comprehensive expat coverage,False,27.5,10,True,197.78,1889.47
EXP728446,CHUBB,2026-07-16 16:28:34.902455,Slow claims processing,Simpler process,False,18.5,10,False,140.51,2486.37
EXP377861,IMG Global,2026-07-14 16:28:34.902464,High premium,Better affordability,False,29.0,9,True,160.07,4764.63
EXP874805,AIG,2026-07-23 16:28:34.902474,Complex onboarding,Faster onboarding,False,22.6,10,False,151.88,4352.75
EXP441907,AIG,2026-07-09 16:28:34.902485,Complex onboarding,Simpler process,False,18.4,6,False,197.0,2528.94
EXP637152,IMG Global,2026-07-20 16:28:34.902494,High premium,Better affordability,False,22.4,5,True,95.68,4192.22
EXP956093,CHUBB,2026-08-04 16:28:34.902504,Limited coverage options,Faster onboarding,False,17.4,6,True,187.62,1991.05
EXP991631,AIG,2026-08-22 16:28:34.902513,No India coverage,Faster onboarding,False,27.6,8,True,117.58,2564.28
EXP599702,AIG,2026-08-09 16:28:34.902523,High premium,Simpler process,False,27.8,9,False,104.53,1924.84
EXP831415,ICICI Lombard,2026-08-14 16:28:34.902533,Poor customer service,Comprehensive expat coverage,False,18.6,6,True,53.89,3405.07
EXP157861,IMG Global,2026-07-09 16:28:34.902542,Complex onboarding,Comprehensive expat coverage,False,20.7,9,False,84.66,2768.15
EXP858933,ICICI Lombard,2026-08-25 16:28:34.902552,Complex onboarding,Faster onboarding,False,19.2,7,False,138.27,2407.62
EXP962189,IMG Global,2026-08-25 16:28:34.902562,Slow claims processing,Comprehensive expat coverage,False,29.0,6,False,117.18,4905.09
EXP727479,HDFC ERGO,2026-08-21 16:28:34.902571,Slow claims processing,Faster onboarding,False,28.0,8,True,182.32,1503.92
EXP417268,CHUBB,2026-07-07 16:28:34.902581,No India coverage,Comprehensive expat coverage,False,20.0,4,True,143.43,3850.33
EXP423465,Allianz,2026-07-26 16:28:34.902590,High premium,Simpler process,False,20.2,10,False,159.87,1708.46
EXP738970,CHUBB,2026-07-14 16:28:34.902600,No India coverage,India-USA coordination,False,19.6,10,True,97.61,3375.99
EXP512551,CHUBB,2026-07-18 16:28:34.902609,Poor customer service,Faster onboarding,False,17.6,8,True,177.54,1631.77
EXP284766,HDFC ERGO,2026-07-10 16:28:34.902619,High premium,India-USA coordination,False,23.3,9,True,76.95,1887.81
EXP895825,ICICI Lombard,2026-08-03 16:28:34.902629,Limited coverage options,Better customer support,False,31.9,10,True,115.08,1618.79
EXP274952,Allianz,2026-07-20 16:28:34.902638,High premium,Faster onboarding,False,26.3,4,False,171.51,2876.3
EXP469687,AIG,2026-08-04 16:28:34.902648,Complex onboarding,Faster onboarding,False,31.2,6,True,199.69,4129.64
EXP148876,IMG Global,2026-07-20 16:28:34.902657,Slow claims processing,Better affordability,False,33.5,9,False,199.72,1667.69
EXP206193,HDFC ERGO,2026-08-25 16:28:34.902667,High premium,Better customer support,False,34.4,5,False,144.67,1965.69
EXP519858,CHUBB,2026-08-01 16:28:34.902676,Poor customer service,Faster onboarding,False,17.2,5,False,62.45,1675.29
EXP102878,IMG Global,2026-07-05 16:28:34.902686,Limited coverage options,Better affordability,False,21.1,5,True,192.92,4762.69
EXP280989,IMG Global,2026-07-28 16:28:34.902695,Complex onboarding,Better customer support,False,23.6,9,False,58.65,4045.96
EXP913986,ICICI Lombard,2026-08-25 16:28:34.902705,Limited coverage options,Faster onboarding,False,31.3,6,True,63.56,4043.23
EXP204078,Allianz,2026-07-22 16:28:34.902714,Poor customer service,Better affordability,False,22.2,5,True,173.56,4786.2
EXP639259,AIG,2026-08-14 16:28:34.902724,Complex onboarding,Better customer support,False,24.9,10,True,99.82,3560.13
EXP438927,HDFC ERGO,2026-07-27 16:28:34.902734,Poor customer service,India-USA coordination,False,15.5,7,True,63.9,4478.53
EXP345822,IMG Global,2026-07-15 16:28:34.902743,Poor customer service,Faster onboarding,False,32.5,6,True,103.31,4368.7
EXP818481,HDFC ERGO,2026-07-30 16:28:34.902752,Complex onboarding,Comprehensive expat coverage,False,31.8,5,True,128.67,2776.1
EXP373977,CHUBB,2026-07-29 16:28:34.902762,Limited coverage options,India-USA coordination,False,34.6,6,False,198.54,3110.82
EXP852400,CHUBB,2026-08-03 16:28:34.902771,High premium,Simpler process,False,17.8,6,True,62.58,3723.29
EXP383978,CHUBB,2026-07-15 16:28:34.902781,Slow claims processing,Simpler process,False,22.7,10,True,104.83,3864.9
EXP180507,HDFC ERGO,2026-07-30 16:28:34.902790,Slow claims processing,Comprehensive expat coverage,False,32.3,8,True,97.79,3727.41
EXP177199,HDFC ERGO,2026-06-29 16:28:34.902800,Complex onboarding,Comprehensive expat coverage,False,21.8,5,True,107.27,2526.05
EXP172627,CHUBB,2026-08-13 16:28:34.902810,Slow claims processing,Better affordability,False,25.8,9,True,197.6,2562.78
EXP283734,CHUBB,2026-08-14 16:28:34.902819,Complex onboarding,India-USA coordination,False,25.0,8,True,179.18,2974.78
EXP742230,AIG,2026-07-23 16:28:34.902829,Limited coverage options,Comprehensive expat coverage,False,24.7,4,True,74.99,4497.13
EXP426078,AIG,2026-08-03 16:28:34.902838,Poor customer service,Faster onboarding,False,32.2,6,True,85.6,4744.69
EXP282445,AIG,2026-07-13 16:28:34.902848,High premium,Comprehensive expat coverage,False,22.6,5,True,198.15,2572.89
EXP179756,AIG,2026-06-29 16:28:34.902857,Poor customer service,India-USA coordination,False,33.3,7,True,161.25,4525.04
EXP472566,AIG,2026-08-26 16:28:34.902868,High premium,Better affordability,False,34.2,7,False,54.94,1800.33
EXP908100,Allianz,2026-08-19 16:28:34.902878,No India coverage,India-USA coordination,False,23.5,7,True,152.57,4559.79
EXP317858,ICICI Lombard,2026-07-14 16:28:34.902888,No India coverage,Faster onboarding,False,15.9,6,True,133.75,4131.24
EXP282618,HDFC ERGO,2026-08-10 16:28:34.902897,Poor customer service,Better customer support,False,20.2,5,False,157.25,3250.31
EXP548611,Allianz,2026-08-27 16:28:34.902907,High premium,Faster onboarding,False,22.5,4,False,110.12,3052.16
EXP549179,HDFC ERGO,2026-07-22 16:28:34.902916,Complex onboarding,Faster onboarding,False,18.7,9,True,58.56,3867.18
EXP941505,IMG Global,2026-08-13 16:28:34.902926,Poor customer service,Better customer support,False,26.8,6,True,70.03,4455.84
EXP572828,ICICI Lombard,2026-07-06 16:28:34.902935,Complex onboarding,Simpler process,False,17.1,7,False,128.21,2051.34
EXP257536,Allianz,2026-06-30 16:28:34.902945,Poor customer service,Faster onboarding,False,32.6,4,True,77.44,4893.26
EXP674254,Allianz,2026-08-25 16:28:34.902954,Poor customer service,Faster onboarding,False,34.8,6,True,99.22,3838.98
EXP426663,AIG,2026-08-10 16:28:34.902964,Limited coverage options,Better affordability,False,26.5,7,False,52.3,4047.01
EXP522635,CHUBB,2026-07-28 16:28:34.902973,High premium,Better customer support,False,18.8,6,True,96.68,4556.69
EXP395698,Allianz,2026-08-08 16:28:34.902983,Complex onboarding,Simpler process,False,33.9,5,False,115.74,1532.52
EXP312125,ICICI Lombard,2026-07-26 16:28:34.902992,High premium,India-USA coordination,False,28.6,7,True,98.68,4437.28
EXP444898,AIG,2026-08-08 16:28:34.903001,No India coverage,India-USA coordination,False,31.2,5,True,188.49,3294.78
EXP530853,ICICI Lombard,2026-06-28 16:28:34.903011,Limited coverage options,Simpler process,False,34.5,7,True,154.25,2771.49
EXP818965,Allianz,2026-07-04 16:28:34.903020,Limited coverage options,India-USA coordination,False,27.0,4,True,156.8,4402.63
EXP586161,AIG,2026-07-09 16:28:34.903030,Limited coverage options,India-USA coordination,False,22.5,9,False,78.19,3029.35
EXP434035,HDFC ERGO,2026-07-18 16:28:34.903039,Complex onboarding,India-USA coordination,False,25.3,10,False,51.1,1516.57
EXP130908,CHUBB,2026-07-12 16:28:34.903049,Slow claims processing,Simpler process,False,21.2,6,True,107.03,4999.75
EXP712641,AIG,2026-08-20 16:28:34.903059,Slow claims processing,Faster onboarding,False,28.0,6,False,197.47,4341.76
EXP167653,CHUBB,2026-06-28 16:28:34.903068,Limited coverage options,Comprehensive expat coverage,False,17.7,6,True,112.37,4562.88
EXP467347,AIG,2026-07-17 16:28:34.903077,Slow claims processing,Faster onboarding,False,31.5,6,True,175.69,3513.01
EXP704601,AIG,2026-06-30 16:28:34.903087,Complex onboarding,Faster onboarding,False,23.6,5,True,188.43,4979.31
EXP494821,AIG,2026-07-03 16:28:34.903096,Complex onboarding,Better customer support,False,21.9,8,True,104.34,1961.52
EXP944804,ICICI Lombard,2026-07-20 16:28:34.903106,High premium,Comprehensive expat coverage,False,19.1,8,True,152.21,4018.51
EXP373208,IMG Global,2026-08-25 16:28:34.903116,Slow claims processing,Comprehensive expat coverage,False,20.9,7,True,138.13,4403.38
EXP927834,Allianz,2026-07-22 16:28:34.903125,No India coverage,Better customer support,False,16.6,6,False,190.33,4664.03
EXP785055,IMG Global,2026-07-29 16:28:34.903135,Limited coverage options,Comprehensive expat coverage,False,34.3,4,True,145.63,4180.46
EXP342514,AIG,2026-08-12 16:28:34.903144,Slow claims processing,Comprehensive expat coverage,False,29.0,4,True,136.62,4741.13
EXP373644,Allianz,2026-06-30 16:28:34.903154,Slow claims processing,Better customer support,False,28.7,4,False,184.24,4363.92
EXP599913,IMG Global,2026-08-25 16:28:34.903163,Complex onboarding,Faster onboarding,False,19.0,7,True,131.03,3475.16
EXP342714,AIG,2026-08-07 16:28:34.903172,High premium,Comprehensive expat coverage,False,30.7,8,False,103.9,4353.85
EXP866227,AIG,2026-07-10 16:28:34.903182,Slow claims processing,Faster onboarding,False,31.0,10,False,121.04,4719.55
EXP298971,AIG,2026-08-04 16:28:34.903192,Poor customer service,Simpler process,False,29.3,9,True,178.36,3261.09
EXP585333,HDFC ERGO,2026-08-11 16:28:34.903202,Poor customer service,Faster onboarding,False,19.0,7,False,54.41,2829.91
EXP289395,AIG,2026-07-19 16:28:34.903212,High premium,Better affordability,False,19.6,8,True,149.94,4715.37
EXP871724,HDFC ERGO,2026-07-26 16:28:34.903222,No India coverage,Simpler process,False,17.3,9,False,187.16,1745.59
EXP347560,Allianz,2026-07-05 16:28:34.903231,Poor customer service,Better affordability,False,32.2,4,False,136.65,3420.82
EXP582255,HDFC ERGO,2026-07-03 16:28:34.903241,Limited coverage options,Faster onboarding,False,27.4,8,True,149.56,3574.2
EXP582352,AIG,2026-07-31 16:28:34.903252,Poor customer service,Better affordability,False,34.9,8,True,168.15,2946.81
EXP995527,IMG Global,2026-07-01 16:28:34.903261,Slow claims processing,Faster onboarding,False,17.3,9,True,81.12,2334.13
EXP903154,AIG,2026-07-16 16:28:34.903271,High premium,Comprehensive expat coverage,False,27.4,8,False,199.33,3423.21
EXP762979,IMG Global,2026-08-05 16:28:34.903280,Poor customer service,Better affordability,False,33.0,4,False,67.24,4592.12
EXP669964,CHUBB,2026-08-16 16:28:34.903290,No India coverage,Comprehensive expat coverage,False,28.3,8,True,117.55,2654.47
EXP856215,IMG Global,2026-08-02 16:28:34.903299,No India coverage,Better customer support,False,33.9,4,False,131.68,4834.97
EXP385866,ICICI Lombard,2026-07-24 16:28:34.903309,No India coverage,Comprehensive expat coverage,False,27.1,10,False,57.88,4000.24
EXP479462,ICICI Lombard,2026-08-27 16:28:34.903319,Slow claims processing,Better customer support,False,17.0,5,True,58.12,4249.32
EXP405171,IMG Global,2026-07-14 16:28:34.903328,Poor customer service,India-USA coordination,False,27.8,4,True,151.43,4846.85
EXP573353,Allianz,2026-07-03 16:28:34.903338,Limited coverage options,Faster onboarding,False,20.9,5,False,81.23,2197.65
EXP666658,CHUBB,2026-08-23 16:28:34.903347,Slow claims processing,Faster onboarding,False,31.0,5,True,155.18,3650.14
EXP643807,CHUBB,2026-07-06 16:28:34.903357,Poor customer service,Faster onboarding,False,18.1,4,False,182.4,2132.15
EXP726410,HDFC ERGO,2026-07-08 16:28:34.903367,Slow claims processing,Faster onboarding,False,22.0,8,True,158.91,2521.26
EXP707867,AIG,2026-07-28 16:28:34.903376,No India coverage,Faster onboarding,False,28.9,10,True,147.24,3847.62
EXP964952,HDFC ERGO,2026-07-12 16:28:34.903386,Poor customer service,Simpler process,False,15.2,7,True,153.23,1795.81
EXP343756,IMG Global,2026-07-25 16:28:34.903396,High premium,Simpler process,False,18.2,6,False,77.1,3370.27
EXP227588,CHUBB,2026-08-25 16:28:34.903405,High premium,Faster onboarding,False,17.6,7,True,105.16,4860.58
EXP509103,ICICI Lombard,2026-07-24 16:28:34.903415,Slow claims processing,Better customer support,False,23.6,9,True,134.18,1843.1
EXP941780,AIG,2026-07-10 16:28:34.903424,Poor customer service,Better affordability,False,24.1,8,True,68.31,2025.89
EXP431339,AIG,2026-07-04 16:28:34.903435,Limited coverage options,Simpler process,False,23.9,9,False,181.2,2521.44
EXP228688,HDFC ERGO,2026-06-30 16:28:34.903445,High premium,Better customer support,False,27.4,9,True,84.61,2860.33
EXP479431,AIG,2026-08-22 16:28:34.903454,Limited coverage options,India-USA coordination,False,24.3,9,True,64.35,3538.01
EXP258064,HDFC ERGO,2026-08-27 16:28:34.903464,High premium,Comprehensive expat coverage,False,27.9,7,False,152.99,4257.78
EXP808318,Allianz,2026-07-15 16:28:34.903473,Poor customer service,Comprehensive expat coverage,False,24.3,9,True,105.59,3689.33
EXP716299,CHUBB,2026-08-25 16:28:34.903483,Poor customer service,Better customer support,False,25.8,6,True,132.27,3154.63
EXP110254,Allianz,2026-08-25 16:28:34.903492,High premium,Better affordability,False,27.0,5,False,93.96,3094.34
EXP787599,Allianz,2026-07-22 16:28:34.903502,Poor customer service,Better customer support,False,18.6,4,True,62.82,2991.92
EXP471303,Allianz,2026-07-03 16:28:34.903512,Slow claims processing,Simpler process,False,28.3,6,True,164.66,4503.72
EXP697968,IMG Global,2026-08-12 16:28:34.903521,Slow claims processing,Better customer support,False,25.4,10,True,175.17,2930.4
EXP401030,CHUBB,2026-07-03 16:28:34.903531,Complex onboarding,Simpler process,False,29.9,5,False,61.77,3800.15
EXP921132,IMG Global,2026-08-11 16:28:34.903540,Complex onboarding,Comprehensive expat coverage,False,28.7,6,True,51.9,2851.46
EXP381729,ICICI Lombard,2026-07-19 16:28:34.903550,Slow claims processing,Better customer support,False,16.5,5,False,75.9,2802.76
EXP532460,ICICI Lombard,2026-07-02 16:28:34.903559,Slow claims processing,Better customer support,False,24.0,5,True,111.02,4837.64
EXP750489,IMG Global,2026-08-05 16:28:34.903569,Slow claims processing,India-USA coordination,False,31.3,9,False,81.73,2307.46
EXP824617,IMG Global,2026-07-29 16:28:34.903578,High premium,Comprehensive expat coverage,False,15.4,9,False,175.59,3363.47
EXP508791,AIG,2026-07-01 16:28:34.903588,Limited coverage options,Faster onboarding,False,30.3,9,True,122.7,3069.6
EXP783010,HDFC ERGO,2026-07-18 16:28:34.903597,Slow claims processing,Comprehensive expat coverage,False,28.3,9,True,169.58,4021.62
EXP442522,HDFC ERGO,2026-08-18 16:28:34.903606,Poor customer service,Simpler process,False,21.7,5,True,169.28,2677.34
EXP672400,Allianz,2026-08-11 16:28:34.903616,Complex onboarding,Better affordability,False,15.6,10,True,102.61,1730.08
EXP973649,CHUBB,2026-07-13 16:28:34.903626,High premium,Simpler process,False,22.8,4,False,107.2,2997.7
EXP123521,CHUBB,2026-07-03 16:28:34.903636,Poor customer service,Better customer support,False,30.1,9,True,82.28,3355.95
EXP317259,ICICI Lombard,2026-06-30 16:28:34.903646,No India coverage,Comprehensive expat coverage,False,22.4,5,True,63.7,3947.44
EXP619794,CHUBB,2026-07-29 16:28:34.903656,Complex onboarding,Faster onboarding,False,29.2,4,True,179.94,2179.79
EXP412807,Allianz,2026-08-16 16:28:34.903665,Limited coverage options,India-USA coordination,False,27.9,8,True,80.0,3093.69
EXP796995,CHUBB,2026-08-08 16:28:34.903676,High premium,India-USA coordination,False,23.0,7,False,100.38,3853.75
EXP238400,Allianz,2026-08-01 16:28:34.903687,Slow claims processing,Better customer support,False,21.9,5,False,65.57,3449.36
EXP794692,Allianz,2026-07-28 16:28:34.903697,No India coverage,Better customer support,False,32.4,8,True,140.94,3392.68
EXP633064,HDFC ERGO,2026-07-19 16:28:34.903706,Complex onboarding,Better customer support,False,32.8,5,True,178.85,4723.78
EXP634599,IMG Global,2026-08-22 16:28:34.903716,High premium,India-USA coordination,False,29.3,6,True,100.21,4397.27
EXP245852,CHUBB,2026-08-15 16:28:34.903726,High premium,India-USA coordination,False,15.8,10,True,87.89,4244.69
EXP909800,CHUBB,2026-07-25 16:28:34.903735,Limited coverage options,Comprehensive expat coverage,False,33.0,6,True,107.7,4203.36
EXP402817,HDFC ERGO,2026-08-07 16:28:34.903747,High premium,Simpler process,False,30.2,10,True,127.04,4837.73
EXP414629,HDFC ERGO,2026-08-14 16:28:34.903760,Slow claims processing,Comprehensive expat coverage,False,30.6,5,False,125.62,4738.18
EXP138696,IMG Global,2026-06-30 16:28:34.903773,Poor customer service,Better affordability,False,30.6,8,True,179.85,3210.33
EXP323876,HDFC ERGO,2026-07-01 16:28:34.903787,Poor customer service,Better affordability,False,18.5,7,False,163.03,3241.06
EXP810002,AIG,2026-07-01 16:28:34.903798,Poor customer service,Better affordability,False,23.4,4,False,153.46,4159.01
EXP967448,HDFC ERGO,2026-08-21 16:28:34.903807,High premium,Better affordability,False,31.6,8,True,173.72,2336.13
EXP289394,IMG Global,2026-06-28 16:28:34.903817,Poor customer service,Faster onboarding,False,25.9,8,False,65.88,2725.72
EXP216707,IMG Global,2026-08-24 16:28:34.903826,Limited coverage options,India-USA coordination,False,15.7,9,True,116.82,2387.07
EXP251968,CHUBB,2026-07-13 16:28:34.903836,Limited coverage options,India-USA coordination,False,32.3,4,False,110.63,4861.14
EXP560941,HDFC ERGO,2026-06-29 16:28:34.903845,High premium,Comprehensive expat coverage,False,22.6,10,True,198.78,4550.27
EXP499286,CHUBB,2026-08-12 16:28:34.903855,Complex onboarding,Better affordability,False,34.2,9,True,109.14,3927.6
EXP995687,IMG Global,2026-07-08 16:28:34.903864,Poor customer service,Better affordability,False,21.2,7,False,72.36,2865.89
EXP319434,AIG,2026-08-06 16:28:34.903874,Slow claims processing,Faster onboarding,False,27.1,7,True,70.3,3420.13
EXP359456,ICICI Lombard,2026-07-06 16:28:34.903884,High premium,Better affordability,False,19.5,4,False,198.12,3424.64
EXP438520,Allianz,2026-07-01 16:28:34.903893,High premium,Simpler process,False,23.1,7,True,192.59,4860.61
EXP714823,AIG,2026-07-05 16:28:34.903903,Slow claims processing,Simpler process,False,28.0,9,True,137.89,4911.77
EXP385920,IMG Global,2026-07-12 16:28:34.903912,High premium,India-USA coordination,False,29.1,4,True,174.93,3909.65
EXP861294,CHUBB,2026-07-19 16:28:34.903922,Poor customer service,Faster onboarding,False,17.3,9,True,172.5,3490.94
EXP949513,ICICI Lombard,2026-08-23 16:28:34.903931,Limited coverage options,Comprehensive expat coverage,False,25.2,4,True,62.27,4947.05
EXP730509,IMG Global,2026-07-03 16:28:34.903941,High premium,Simpler process,False,21.4,6,False,142.24,2003.65
EXP391488,Allianz,2026-07-30 16:28:34.903950,High premium,Better affordability,False,19.7,10,False,160.99,4286.71
EXP326198,Allianz,2026-07-03 16:28:34.903960,Complex onboarding,India-USA coordination,False,33.8,4,False,127.68,2129.17
EXP310858,CHUBB,2026-07-23 16:28:34.903970,Complex onboarding,Comprehensive expat coverage,False,16.8,4,True,178.58,4533.21
EXP821760,ICICI Lombard,2026-08-19 16:28:34.903980,Limited coverage options,India-USA coordination,False,22.8,4,False,62.83,3970.1
EXP470852,HDFC ERGO,2026-07-08 16:28:34.903989,Limited coverage options,Better customer support,False,32.0,6,False,199.19,2747.33
EXP760794,Allianz,2026-08-13 16:28:34.903999,Poor customer service,Better affordability,False,32.7,4,False,194.73,2936.28
EXP843323,HDFC ERGO,2026-08-24 16:28:34.904008,Slow claims processing,Simpler process,False,32.6,9,True,184.21,1716.87
EXP785348,CHUBB,2026-07-22 16:28:34.904018,Poor customer service,Faster onboarding,False,19.5,7,True,145.25,3176.29
EXP945895,AIG,2026-07-10 16:28:34.904027,High premium,Better affordability,False,15.7,7,True,125.97,2435.74
EXP662855,CHUBB,2026-07-05 16:28:34.904038,High premium,Simpler process,False,31.1,4,True,108.48,3995.0
EXP940795,CHUBB,2026-08-05 16:28:34.904048,No India coverage,India-USA coordination,False,23.6,4,False,149.23,4446.27
EXP848764,AIG,2026-07-01 16:28:34.904057,Complex onboarding,India-USA coordination,False,30.4,6,True,177.18,4011.46
EXP217182,CHUBB,2026-08-19 16:28:34.904067,Slow claims processing,India-USA coordination,False,34.9,8,False,170.24,2457.95
EXP819722,IMG Global,2026-08-12 16:28:34.904076,Poor customer service,Better customer support,False,30.5,4,False,114.85,4103.73
EXP996105,HDFC ERGO,2026-07-12 16:28:34.904086,No India coverage,Comprehensive expat coverage,False,31.9,8,True,59.1,2077.01
EXP416095,Allianz,2026-08-26 16:28:34.904095,Poor customer service,Comprehensive expat coverage,False,17.4,4,True,161.56,4656.33
EXP547292,HDFC ERGO,2026-07-05 16:28:34.904104,Limited coverage options,India-USA coordination,False,25.4,6,False,105.22,4334.29
EXP279634,CHUBB,2026-07-04 16:28:34.904114,Limited coverage options,Better affordability,False,22.5,8,True,74.8,3540.73
EXP273944,Allianz,2026-08-02 16:28:34.904123,High premium,Comprehensive expat coverage,False,29.2,8,True,55.45,1874.85
EXP549388,Allianz,2026-07-23 16:28:34.904133,Complex onboarding,Comprehensive expat coverage,False,19.8,10,True,167.2,3801.38
EXP901302,AIG,2026-08-04 16:28:34.904142,No India coverage,India-USA coordination,False,22.5,8,True,126.91,4996.55
EXP825192,IMG Global,2026-07-17 16:28:34.904152,Poor customer service,Better customer support,False,33.3,5,True,120.26,1737.94
EXP490239,AIG,2026-07-10 16:28:34.904162,No India coverage,Better affordability,False,33.7,5,False,168.66,2673.45
EXP502516,IMG Global,2026-08-07 16:28:34.904171,Limited coverage options,Better affordability,False,26.0,9,True,54.02,4458.69
EXP164305,AIG,2026-07-27 16:28:34.904181,Complex onboarding,Simpler process,False,29.7,8,True,150.78,3186.78
EXP529655,Allianz,2026-07-08 16:28:34.904190,Complex onboarding,Better affordability,False,18.6,5,False,64.65,2379.82
EXP673370,IMG Global,2026-08-08 16:28:34.904200,No India coverage,Comprehensive expat coverage,False,32.2,9,True,59.47,1879.38
EXP321622,CHUBB,2026-08-10 16:28:34.904209,Limited coverage options,India-USA coordination,False,19.7,9,True,154.21,4166.66
EXP803827,HDFC ERGO,2026-07-15 16:28:34.904219,Complex onboarding,Simpler process,False,32.8,7,True,97.48,2953.61
EXP870505,Allianz,2026-08-26 16:28:34.904229,Poor customer service,Simpler process,False,18.1,5,True,107.66,4128.82
EXP548374,Allianz,2026-07-27 16:28:34.904238,Limited coverage options,India-USA coordination,False,31.8,5,True,94.33,3991.57
EXP607638,IMG Global,2026-07-05 16:28:34.904248,Slow claims processing,Comprehensive expat coverage,False,25.6,5,False,157.56,1547.15
EXP494612,AIG,2026-07-09 16:28:34.904257,Limited coverage options,India-USA coordination,False,26.2,9,True,97.27,3034.65
EXP111507,AIG,2026-08-05 16:28:34.904267,Limited coverage options,Simpler process,False,33.8,8,True,157.87,3400.69
EXP350141,AIG,2026-08-12 16:28:34.904277,High premium,Faster onboarding,False,33.1,4,True,130.08,4557.37
EXP357629,ICICI Lombard,2026-08-03 16:28:34.904286,No India coverage,Better affordability,False,18.7,5,False,58.09,2912.71
EXP826529,HDFC ERGO,2026-08-18 16:28:34.904295,Limited coverage options,India-USA coordination,False,26.6,4,False,111.88,4748.14
EXP357593,AIG,2026-07-22 16:28:34.904305,No India coverage,Better customer support,False,29.5,7,True,173.31,3866.96
EXP210441,IMG Global,2026-06-30 16:28:34.904314,Limited coverage options,India-USA coordination,False,26.1,7,False,90.98,3776.36
EXP521964,AIG,2026-08-09 16:28:34.904324,No India coverage,India-USA coordination,False,15.7,5,True,92.95,4824.91
EXP968344,ICICI Lombard,2026-07-29 16:28:34.904333,Limited coverage options,Faster onboarding,False,30.8,8,True,109.67,1693.76
EXP978678,IMG Global,2026-08-21 16:28:34.904342,Slow claims processing,Comprehensive expat coverage,False,22.7,4,True,198.33,4480.14
EXP153118,Allianz,2026-08-02 16:28:34.904352,Complex onboarding,India-USA coordination,False,33.4,10,True,104.54,3863.05
EXP307883,AIG,2026-08-02 16:28:34.904362,Complex onboarding,India-USA coordination,False,19.7,7,True,149.78,1549.89
EXP172201,AIG,2026-06-28 16:28:34.904372,No India coverage,Better affordability,False,18.4,8,False,84.26,3357.62
EXP106538,AIG,2026-08-13 16:28:34.904381,Poor customer service,Faster onboarding,False,20.8,6,True,91.09,2781.95
EXP279925,CHUBB,2026-07-27 16:28:34.904391,No India coverage,Simpler process,False,18.0,7,True,153.71,2066.91
EXP556111,CHUBB,2026-07-20 16:28:34.904400,Limited coverage options,Better customer support,False,32.6,9,True,119.9,3899.77
EXP548539,ICICI Lombard,2026-08-05 16:28:34.904409,Poor customer service,Comprehensive expat coverage,False,32.8,8,False,192.62,2303.11
EXP985352,CHUBB,2026-08-26 16:28:34.904420,Limited coverage options,Better affordability,False,34.5,8,False,156.8,4015.22
EXP588993,CHUBB,2026-08-23 16:28:34.904430,Complex onboarding,Better affordability,False,29.1,8,False,101.29,2668.48
EXP640636,IMG Global,2026-07-19 16:28:34.904439,No India coverage,Simpler process,False,25.6,7,True,175.81,3705.93
EXP503879,ICICI Lombard,2026-07-13 16:28:34.904449,Slow claims processing,India-USA coordination,False,15.1,7,True,88.58,2584.95
EXP406424,Allianz,2026-07-07 16:28:34.904458,Limited coverage options,Better affordability,False,18.0,7,False,195.94,3687.17
EXP339064,CHUBB,2026-08-16 16:28:34.904468,Complex onboarding,Simpler process,False,26.5,6,True,168.65,2360.07
EXP682672,IMG Global,2026-08-07 16:28:34.904477,Slow claims processing,Better customer support,False,22.8,5,True,77.44,2051.89
EXP846582,HDFC ERGO,2026-08-18 16:28:34.904487,Slow claims processing,Faster onboarding,False,34.4,7,False,170.98,1988.51
EXP719324,AIG,2026-07-17 16:28:34.904496,High premium,Better affordability,False,22.4,4,True,127.71,4777.65
EXP854016,CHUBB,2026-08-10 16:28:34.904506,High premium,Better customer support,False,19.7,9,True,181.09,3713.14
EXP949332,Allianz,2026-07-24 16:28:34.904515,Slow claims processing,Simpler process,False,27.3,6,True,199.51,4254.86
EXP453342,AIG,2026-07-15 16:28:34.904525,Slow claims processing,Better customer support,False,30.9,5,True,160.18,2629.68
EXP434449,AIG,2026-08-03 16:28:34.904534,Poor customer service,Comprehensive expat coverage,False,20.2,6,True,142.29,3187.89
EXP636814,Allianz,2026-08-01 16:28:34.904544,Complex onboarding,Better customer support,False,27.4,7,False,190.61,4325.23
EXP636016,Allianz,2026-07-13 16:28:34.904553,No India coverage,Better affordability,False,24.9,7,True,174.53,4136.31
EXP716619,HDFC ERGO,2026-08-10 16:28:34.904563,Poor customer service,Simpler process,False,23.4,8,True,91.94,3004.17
EXP236972,AIG,2026-07-16 16:28:34.904572,No India coverage,Comprehensive expat coverage,False,17.0,4,True,118.48,2940.84
EXP402082,IMG Global,2026-07-19 16:28:34.904582,No India coverage,Better affordability,False,20.9,9,False,170.16,4580.92
EXP895809,IMG Global,2026-08-21 16:28:34.904592,High premium,Better affordability,False,22.6,7,False,90.16,4966.42
EXP241444,IMG Global,2026-08-16 16:28:34.904601,No India coverage,India-USA coordination,False,16.7,5,True,87.58,1775.14
EXP387918,HDFC ERGO,2026-07-16 16:28:34.904611,No India coverage,India-USA coordination,False,28.6,5,True,168.05,4398.37
EXP278144,ICICI Lombard,2026-07-27 16:28:34.904620,High premium,Comprehensive expat coverage,False,15.8,9,True,84.54,3914.66
EXP820220,HDFC ERGO,2026-07-09 16:28:34.904630,High premium,Better affordability,False,16.2,5,True,152.41,4589.12
EXP329093,ICICI Lombard,2026-07-21 16:28:34.904639,Poor customer service,Comprehensive expat coverage,False,24.7,4,True,50.84,2483.2
EXP993906,Allianz,2026-06-28 16:28:34.904649,Poor customer service,Better affordability,False,29.4,8,True,56.7,2609.47
EXP919954,ICICI Lombard,2026-08-24 16:28:34.904658,Poor customer service,Better affordability,False,34.3,6,True,104.98,3164.82
EXP897926,HDFC ERGO,2026-08-10 16:28:34.904668,High premium,Better affordability,False,15.7,6,True,170.18,3169.14
EXP971167,AIG,2026-07-11 16:28:34.904677,Poor customer service,Better affordability,False,33.4,8,True,178.96,2006.64
EXP670962,CHUBB,2026-08-22 16:28:34.904687,Slow claims processing,Simpler process,False,29.6,7,True,91.12,4257.67
EXP192341,ICICI Lombard,2026-07-08 16:28:34.904696,No India coverage,Faster onboarding,False,20.5,5,False,187.7,3778.54
EXP514728,Allianz,2026-07-29 16:28:34.904706,High premium,India-USA coordination,False,25.6,7,True,88.02,3542.99
EXP225166,CHUBB,2026-08-08 16:28:34.904715,Limited coverage options,India-USA coordination,False,15.6,10,True,169.57,1619.02
EXP607681,AIG,2026-07-11 16:28:34.904725,Limited coverage options,Simpler process,False,28.7,6,True,166.98,2266.11
EXP182261,AIG,2026-07-31 16:28:34.904734,Slow claims processing,Comprehensive expat coverage,False,19.9,7,True,66.39,4585.52
EXP893911,IMG Global,2026-07-10 16:28:34.904744,Slow claims processing,Better customer support,False,30.6,4,True,85.36,4215.06
EXP527614,Allianz,2026-07-02 16:28:34.904753,No India coverage,Better affordability,False,34.9,9,True,97.22,1677.66
EXP856166,CHUBB,2026-08-17 16:28:34.904763,No India coverage,Better customer support,False,26.7,6,True,179.85,3464.16
EXP229699,CHUBB,2026-08-04 16:28:34.904772,No India coverage,India-USA coordination,False,25.7,10,True,152.11,2771.7
EXP148664,HDFC ERGO,2026-07-03 16:28:34.904782,Poor customer service,Better customer support,False,15.5,8,True,56.06,4839.31
EXP980154,CHUBB,2026-08-12 16:28:34.904791,Slow claims processing,Better customer support,False,23.3,8,True,195.25,3774.23
EXP189075,IMG Global,2026-08-06 16:28:34.904802,Poor customer service,Better customer support,False,16.8,7,True,149.23,4371.18
EXP327841,ICICI Lombard,2026-08-14 16:28:34.904812,Slow claims processing,Simpler process,False,25.5,5,True,81.23,2886.51
EXP136666,HDFC ERGO,2026-07-01 16:28:34.904821,No India coverage,India-USA coordination,False,27.8,10,False,90.35,3383.12
EXP769761,AIG,2026-07-13 16:28:34.904831,Slow claims processing,Simpler process,False,19.5,9,False,94.33,2068.7
EXP395843,HDFC ERGO,2026-08-15 16:28:34.904840,High premium,India-USA coordination,False,20.3,8,True,168.44,3829.71
EXP189838,ICICI Lombard,2026-08-21 16:28:34.904850,No India coverage,Comprehensive expat coverage,False,24.1,4,True,78.27,2887.45
EXP559246,HDFC ERGO,2026-07-14 16:28:34.904860,Poor customer service,Better affordability,False,21.0,6,False,91.07,4014.78
EXP337668,HDFC ERGO,2026-07-29 16:28:34.904869,Poor customer service,India-USA coordination,False,23.3,10,True,107.51,3485.3
