expat_id,origin_country,visa_type,us_state,switched_from,previous_monthly_premium,ratha_monthly_premium,premium_savings_percent,coverage_types,india_coverage_enabled,onboarding_days,competitor_onboarding_days,switched_date,satisfaction_score,monthly_retention_rate
EXP120902,India,H1B,TX,Allianz,112.85,89.28,20.9,Renter,True,1,9,2026-05-30 16:28:34.862126,9,98.9
EXP839173,India,H1B,GA,Allianz,79.15,61.4,22.4,Auto,True,2,14,2026-06-16 16:28:34.862172,7,97.9
EXP133939,India,E2,CA,AIG,78.0,51.5,34.0,Renter,False,3,14,2026-08-04 16:28:34.862203,10,97.3
EXP464402,India,H1B,TX,CHUBB,141.05,111.96,20.6,Auto+Health,True,1,8,2026-07-23 16:28:34.862227,8,98.5
EXP981224,India,E2,MI,IMG Global,141.04,96.11,31.9,Auto+Health,True,1,12,2026-07-28 16:28:34.862249,7,97.3
EXP983246,India,L1,GA,HDFC ERGO,145.06,107.18,26.1,Health,True,2,14,2026-08-12 16:28:34.862269,10,99.4
EXP324701,India,B1,WA,IMG Global,119.54,87.55,26.8,Renter,True,2,8,2026-08-08 16:28:34.862288,9,97.6
EXP239999,India,E2,MA,Allianz,144.2,110.78,23.2,Health,True,3,11,2026-06-19 16:28:34.862307,9,99.4
EXP759250,India,E2,MI,Allianz,78.4,56.84,27.5,Auto,False,1,11,2026-08-13 16:28:34.862325,8,98.6
EXP334807,India,E2,GA,HDFC ERGO,77.71,60.0,22.8,Auto,True,2,9,2026-06-07 16:28:34.862343,10,97.5
EXP746567,India,F1,NC,AIG,127.23,83.14,34.7,Auto+Health,False,1,7,2026-07-12 16:28:34.862361,8,98.1
EXP329229,India,F1,MI,IMG Global,125.79,87.07,30.8,Auto+Health,True,3,14,2026-06-07 16:28:34.862379,9,98.8
EXP715418,India,H1B,MA,AIG,129.0,84.07,34.8,Health,True,2,13,2026-06-03 16:28:34.862397,8,98.5
EXP450980,India,H1B,TX,Allianz,82.35,60.3,26.8,Auto,True,3,8,2026-06-30 16:28:34.862415,10,97.3
EXP314332,India,E2,MI,IMG Global,105.31,69.26,34.2,Renter,True,3,10,2026-08-27 16:28:34.862432,9,97.5
EXP501135,India,E2,MI,HDFC ERGO,134.31,89.75,33.2,Renter,False,1,7,2026-08-26 16:28:34.862450,7,99.1
EXP788143,India,H1B,PA,AIG,132.5,91.04,31.3,Renter,True,2,11,2026-07-13 16:28:34.862468,7,98.6
EXP727712,India,H1B,WA,HDFC ERGO,77.28,59.21,23.4,Health,True,2,7,2026-06-08 16:28:34.862485,7,97.5
EXP671263,India,F1,NY,AIG,149.39,109.34,26.8,Auto+Health,True,1,12,2026-08-01 16:28:34.862502,8,99.1
EXP747378,India,E2,FL,AIG,118.26,81.84,30.8,Renter,False,1,8,2026-06-25 16:28:34.862519,8,97.1
EXP288315,India,L1,PA,ICICI Lombard,143.97,97.48,32.3,Renter,True,2,8,2026-08-21 16:28:34.862537,7,98.3
EXP165340,India,F1,MI,IMG Global,123.64,93.52,24.4,Auto+Health,True,2,12,2026-08-08 16:28:34.862554,7,97.5
EXP434611,India,H1B,CO,ICICI Lombard,78.84,59.98,23.9,Health,True,3,8,2026-07-23 16:28:34.862571,7,97.4
EXP291539,India,E2,GA,IMG Global,137.67,99.92,27.4,Auto+Health,True,2,14,2026-06-11 16:28:34.862588,10,97.4
EXP944911,India,B1,NY,Allianz,144.38,94.32,34.7,Auto+Health,True,1,11,2026-07-26 16:28:34.862606,7,98.9
EXP911225,India,B1,CO,Allianz,120.02,89.81,25.2,Auto,True,3,8,2026-07-09 16:28:34.862623,7,99.2
EXP733496,India,E2,WA,CHUBB,85.6,58.71,31.4,Auto,True,3,13,2026-06-27 16:28:34.862642,8,97.7
EXP126227,India,F1,WA,Allianz,135.95,100.89,25.8,Auto+Health,True,1,13,2026-06-19 16:28:34.862660,10,97.2
EXP627917,India,B1,CA,ICICI Lombard,147.43,116.91,20.7,Health,True,3,12,2026-06-23 16:28:34.862677,10,97.7
EXP892927,India,L1,CA,IMG Global,121.95,86.74,28.9,Auto+Health,True,3,11,2026-08-09 16:28:34.862693,9,97.0
EXP863710,India,L1,IL,ICICI Lombard,139.25,104.16,25.2,Auto,True,1,13,2026-07-31 16:28:34.862711,9,97.9
EXP473932,India,F1,CO,CHUBB,102.47,77.12,24.7,Renter,True,3,11,2026-07-29 16:28:34.862731,10,97.8
EXP280602,India,E2,NY,IMG Global,123.54,94.28,23.7,Auto,True,1,12,2026-06-02 16:28:34.862749,7,97.3
EXP268738,India,F1,NC,ICICI Lombard,101.31,77.29,23.7,Auto,True,2,11,2026-06-25 16:28:34.862766,10,97.4
EXP617118,India,L1,CO,ICICI Lombard,100.84,66.84,33.7,Renter,True,3,11,2026-06-20 16:28:34.862782,7,97.3
EXP157661,India,B1,NY,CHUBB,94.69,73.84,22.0,Auto,True,2,11,2026-05-29 16:28:34.862799,9,97.5
EXP621203,India,E2,GA,HDFC ERGO,84.52,63.01,25.5,Health,True,1,11,2026-07-17 16:28:34.862816,9,98.9
EXP650628,India,L1,TX,ICICI Lombard,75.83,49.66,34.5,Renter,True,2,12,2026-06-03 16:28:34.862833,7,97.5
EXP604559,India,E2,MA,ICICI Lombard,93.92,71.45,23.9,Health,False,1,13,2026-08-08 16:28:34.862851,8,99.5
EXP732998,India,F1,CO,HDFC ERGO,97.48,77.91,20.1,Auto,True,3,10,2026-06-07 16:28:34.862868,9,98.6
EXP136642,India,B1,PA,HDFC ERGO,133.23,97.86,26.5,Auto,True,1,12,2026-06-25 16:28:34.862885,8,99.0
EXP448535,India,B1,PA,HDFC ERGO,102.22,74.61,27.0,Auto+Health,False,3,13,2026-08-09 16:28:34.862902,10,99.3
EXP480640,India,H1B,PA,CHUBB,116.66,76.73,34.2,Auto+Health,True,1,14,2026-08-14 16:28:34.862919,10,98.5
EXP639955,India,E2,MA,HDFC ERGO,148.12,112.55,24.0,Health,True,1,9,2026-07-02 16:28:34.862936,10,99.0
EXP249079,India,H1B,NC,ICICI Lombard,142.09,111.43,21.6,Health,False,2,8,2026-06-28 16:28:34.862953,7,98.3
EXP311045,India,E2,NC,CHUBB,101.7,78.03,23.3,Auto+Health,False,3,9,2026-06-20 16:28:34.862970,7,97.5
EXP284852,India,B1,CO,ICICI Lombard,101.03,66.15,34.5,Auto,False,3,14,2026-06-19 16:28:34.862987,10,97.6
EXP212260,India,H1B,IL,AIG,118.17,93.08,21.2,Auto+Health,False,3,9,2026-08-14 16:28:34.863004,10,97.0
EXP649403,India,L1,IL,CHUBB,96.33,63.53,34.0,Renter,False,2,14,2026-06-07 16:28:34.863021,8,98.8
EXP355194,India,B1,MI,IMG Global,133.21,92.77,30.4,Auto+Health,False,1,8,2026-08-16 16:28:34.863038,8,97.6
EXP565198,India,F1,NC,AIG,136.41,97.0,28.9,Auto+Health,True,1,10,2026-06-20 16:28:34.863055,8,99.1
EXP956463,India,H1B,PA,CHUBB,124.78,93.66,24.9,Auto+Health,True,1,8,2026-07-13 16:28:34.863071,10,98.3
EXP928748,India,F1,NC,CHUBB,114.6,81.56,28.8,Auto+Health,True,2,12,2026-07-23 16:28:34.863088,8,98.6
EXP395709,India,B1,PA,HDFC ERGO,117.37,81.26,30.8,Auto+Health,True,1,13,2026-06-01 16:28:34.863106,10,97.8
EXP831295,India,F1,PA,HDFC ERGO,141.45,102.09,27.8,Auto,True,2,8,2026-07-28 16:28:34.863123,7,97.1
EXP615290,India,L1,IL,Allianz,140.63,101.49,27.8,Renter,False,2,7,2026-07-09 16:28:34.863140,7,98.3
EXP135020,India,L1,WA,HDFC ERGO,141.56,106.32,24.9,Health,True,2,7,2026-08-16 16:28:34.863157,10,97.6
EXP670843,India,F1,MA,IMG Global,87.55,68.72,21.5,Auto,True,2,9,2026-06-24 16:28:34.863175,10,98.4
EXP671511,India,E2,NY,HDFC ERGO,88.97,60.74,31.7,Health,False,3,8,2026-06-27 16:28:34.863191,10,97.1
EXP148323,India,F1,WA,HDFC ERGO,126.06,91.39,27.5,Health,False,3,7,2026-06-01 16:28:34.863213,7,98.7
EXP198741,India,L1,NY,AIG,143.98,95.68,33.5,Health,True,3,14,2026-08-05 16:28:34.863230,9,98.2
EXP416409,India,H1B,NY,ICICI Lombard,97.73,67.62,30.8,Renter,False,3,12,2026-06-24 16:28:34.863246,10,98.2
EXP488883,India,H1B,MI,Allianz,108.02,72.22,33.1,Auto,True,1,10,2026-07-13 16:28:34.863263,9,97.4
EXP541282,India,H1B,NC,CHUBB,113.79,80.06,29.6,Auto,True,3,12,2026-08-04 16:28:34.863280,8,99.0
EXP621336,India,H1B,CO,AIG,116.52,86.11,26.1,Health,True,2,14,2026-07-23 16:28:34.863297,10,99.0
EXP680986,India,B1,NC,AIG,86.59,56.87,34.3,Health,False,1,13,2026-06-26 16:28:34.863314,10,99.4
EXP758202,India,H1B,GA,HDFC ERGO,135.93,95.34,29.9,Auto,True,3,11,2026-06-09 16:28:34.863331,7,99.4
EXP253987,India,F1,MA,HDFC ERGO,93.09,62.74,32.6,Auto+Health,True,1,9,2026-08-22 16:28:34.863347,7,99.3
EXP141825,India,E2,MI,CHUBB,136.02,89.48,34.2,Renter,True,2,14,2026-08-10 16:28:34.863364,10,97.9
EXP619111,India,F1,GA,Allianz,118.1,84.21,28.7,Auto+Health,True,2,8,2026-06-10 16:28:34.863380,8,97.8
EXP666707,India,L1,MI,IMG Global,121.86,83.3,31.6,Auto+Health,True,1,12,2026-08-19 16:28:34.863397,10,99.0
EXP903019,India,L1,PA,CHUBB,103.1,77.71,24.6,Auto,True,2,11,2026-05-29 16:28:34.863415,8,99.3
EXP774371,India,B1,GA,AIG,129.32,87.19,32.6,Health,True,2,9,2026-08-20 16:28:34.863432,8,97.8
EXP695678,India,L1,CA,Allianz,88.8,57.77,34.9,Auto,False,2,14,2026-08-27 16:28:34.863449,9,97.8
EXP446754,India,H1B,GA,HDFC ERGO,135.66,96.25,29.1,Auto,True,1,7,2026-07-16 16:28:34.863466,8,99.0
EXP573003,India,E2,NY,IMG Global,79.99,54.7,31.6,Auto+Health,True,2,12,2026-06-11 16:28:34.863483,8,97.7
EXP144367,India,B1,CA,ICICI Lombard,76.17,56.63,25.7,Health,False,3,8,2026-07-26 16:28:34.863499,8,98.8
EXP381797,India,H1B,NY,AIG,98.11,68.47,30.2,Auto+Health,True,1,12,2026-07-14 16:28:34.863516,8,99.4
EXP291388,India,L1,MA,ICICI Lombard,117.08,86.51,26.1,Auto,True,1,9,2026-05-29 16:28:34.863533,7,99.2
EXP947183,India,E2,WA,CHUBB,104.14,80.59,22.6,Auto,True,1,8,2026-06-03 16:28:34.863550,10,98.5
EXP413731,India,B1,MA,HDFC ERGO,137.88,104.55,24.2,Auto,False,3,8,2026-06-20 16:28:34.863567,10,98.5
EXP873702,India,H1B,MI,ICICI Lombard,140.59,91.52,34.9,Renter,True,2,14,2026-08-11 16:28:34.863584,10,98.8
EXP854249,India,E2,FL,AIG,127.89,91.49,28.5,Renter,True,3,14,2026-07-27 16:28:34.863600,9,98.7
EXP786620,India,F1,TX,CHUBB,77.61,56.67,27.0,Auto,True,3,11,2026-07-16 16:28:34.863617,9,97.8
EXP826611,India,L1,CO,IMG Global,142.82,97.15,32.0,Auto,True,1,11,2026-06-07 16:28:34.863634,9,99.2
EXP326259,India,F1,TX,ICICI Lombard,102.46,81.56,20.4,Auto+Health,True,3,9,2026-07-22 16:28:34.863651,7,99.3
EXP763397,India,H1B,GA,Allianz,109.88,87.89,20.0,Health,False,3,12,2026-07-07 16:28:34.863667,7,98.2
EXP137966,India,E2,CO,ICICI Lombard,112.07,89.5,20.1,Auto+Health,True,2,10,2026-07-15 16:28:34.863683,7,97.6
EXP704938,India,B1,CA,ICICI Lombard,148.52,105.38,29.0,Renter,False,2,9,2026-06-21 16:28:34.863700,8,98.3
EXP476914,India,H1B,CO,IMG Global,115.7,77.83,32.7,Health,True,3,10,2026-08-08 16:28:34.863717,7,97.8
EXP960428,India,B1,MA,HDFC ERGO,93.56,65.2,30.3,Auto,True,2,7,2026-08-11 16:28:34.863733,10,99.0
EXP574084,India,B1,TX,HDFC ERGO,109.0,85.54,21.5,Renter,True,1,9,2026-06-18 16:28:34.863750,9,99.1
EXP698715,India,H1B,WA,ICICI Lombard,101.84,73.14,28.2,Health,True,2,10,2026-07-30 16:28:34.863767,8,97.2
EXP939724,India,E2,PA,HDFC ERGO,147.14,97.67,33.6,Auto+Health,False,3,14,2026-08-08 16:28:34.863783,10,99.0
EXP479684,India,H1B,MI,CHUBB,113.32,86.48,23.7,Auto+Health,True,3,14,2026-06-21 16:28:34.863802,7,97.7
EXP998524,India,L1,TX,CHUBB,122.69,94.01,23.4,Renter,True,2,7,2026-06-08 16:28:34.863819,9,98.9
EXP974389,India,B1,NY,HDFC ERGO,114.7,90.03,21.5,Auto,True,1,7,2026-08-02 16:28:34.863836,10,99.2
EXP390503,India,F1,WA,ICICI Lombard,103.62,71.56,30.9,Health,True,2,13,2026-06-02 16:28:34.863853,9,97.5
EXP970735,India,L1,PA,AIG,90.64,60.32,33.5,Auto+Health,False,2,12,2026-07-29 16:28:34.863870,8,99.0
EXP111766,India,H1B,TX,ICICI Lombard,110.15,74.97,31.9,Health,True,3,14,2026-08-16 16:28:34.863886,8,98.8
EXP799214,India,L1,MA,AIG,119.34,80.3,32.7,Renter,True,2,13,2026-07-03 16:28:34.863903,8,97.8
EXP448325,India,F1,CA,Allianz,142.73,99.74,30.1,Health,True,2,7,2026-08-15 16:28:34.863920,8,98.1
EXP280364,India,E2,PA,AIG,129.67,86.23,33.5,Health,True,2,12,2026-08-20 16:28:34.863937,9,98.5
EXP779132,India,H1B,IL,AIG,77.24,57.14,26.0,Renter,True,3,10,2026-08-26 16:28:34.863954,8,98.3
EXP420026,India,B1,FL,IMG Global,141.75,109.91,22.5,Auto,True,3,12,2026-06-27 16:28:34.863970,7,97.2
EXP153446,India,E2,CO,ICICI Lombard,126.5,92.65,26.8,Health,False,1,10,2026-06-12 16:28:34.863987,10,97.6
EXP844678,India,E2,NY,IMG Global,86.59,67.33,22.2,Auto,True,2,13,2026-07-29 16:28:34.864004,9,97.6
EXP413688,India,F1,TX,Allianz,125.49,92.06,26.6,Renter,True,1,13,2026-06-17 16:28:34.864020,8,98.4
EXP814337,India,F1,FL,AIG,95.75,69.51,27.4,Auto,False,3,7,2026-06-20 16:28:34.864037,7,97.9
EXP274791,India,E2,MI,IMG Global,132.14,92.03,30.4,Auto+Health,True,1,14,2026-06-28 16:28:34.864054,9,98.6
EXP429899,India,E2,PA,AIG,146.81,104.56,28.8,Renter,False,3,12,2026-07-09 16:28:34.864070,9,97.6
EXP443581,India,L1,CO,IMG Global,81.18,63.05,22.3,Health,False,1,13,2026-06-24 16:28:34.864088,10,99.5
EXP946269,India,E2,FL,AIG,137.32,105.35,23.3,Renter,True,3,13,2026-08-01 16:28:34.864105,7,97.3
EXP106830,India,F1,NY,Allianz,142.37,98.54,30.8,Auto+Health,True,3,11,2026-08-21 16:28:34.864122,8,98.5
EXP208567,India,E2,PA,Allianz,125.24,83.06,33.7,Auto+Health,True,2,14,2026-08-26 16:28:34.864138,7,98.3
EXP972297,India,L1,FL,HDFC ERGO,143.81,96.21,33.1,Auto+Health,True,1,13,2026-08-26 16:28:34.864155,7,98.3
EXP253486,India,E2,NY,ICICI Lombard,104.7,81.28,22.4,Auto+Health,False,1,13,2026-07-01 16:28:34.864172,7,98.9
EXP731269,India,B1,CA,AIG,124.85,88.17,29.4,Auto+Health,False,2,7,2026-06-30 16:28:34.864189,7,98.4
EXP260558,India,E2,IL,CHUBB,128.89,98.5,23.6,Health,False,3,7,2026-08-18 16:28:34.864205,10,97.7
EXP873384,India,H1B,MA,HDFC ERGO,116.91,93.51,20.0,Auto+Health,False,2,14,2026-07-06 16:28:34.864222,9,99.0
EXP555855,India,E2,MI,HDFC ERGO,110.49,73.22,33.7,Renter,True,1,13,2026-07-16 16:28:34.864240,7,97.7
EXP805525,India,F1,IL,AIG,84.88,63.73,24.9,Auto+Health,True,3,14,2026-08-11 16:28:34.864256,8,98.2
EXP497421,India,B1,MA,ICICI Lombard,137.77,102.35,25.7,Health,True,1,13,2026-06-17 16:28:34.864273,8,97.1
EXP716862,India,E2,FL,AIG,101.64,72.46,28.7,Renter,True,3,7,2026-07-27 16:28:34.864289,8,98.1
EXP625708,India,H1B,NY,Allianz,121.71,85.8,29.5,Auto,False,3,9,2026-07-24 16:28:34.864306,8,98.3
EXP220585,India,H1B,GA,HDFC ERGO,75.12,51.41,31.6,Auto,True,2,8,2026-07-11 16:28:34.864322,10,98.7
EXP950011,India,F1,WA,Allianz,92.12,65.28,29.1,Renter,True,3,12,2026-06-08 16:28:34.864339,9,97.2
EXP431116,India,L1,CO,IMG Global,128.36,102.19,20.4,Auto,True,2,13,2026-07-10 16:28:34.864355,7,97.2
EXP531386,India,B1,NY,IMG Global,75.6,55.96,26.0,Auto,True,3,13,2026-06-05 16:28:34.864372,8,99.1
EXP848787,India,B1,MA,CHUBB,131.03,87.86,32.9,Health,True,2,7,2026-07-07 16:28:34.864389,9,99.1
EXP978736,India,L1,CO,HDFC ERGO,144.43,93.96,34.9,Auto,True,2,9,2026-06-14 16:28:34.864405,10,97.6
EXP160296,India,B1,TX,CHUBB,148.15,109.51,26.1,Auto+Health,True,3,8,2026-06-25 16:28:34.864421,8,98.9
EXP425734,India,F1,GA,HDFC ERGO,128.74,102.79,20.2,Auto,True,3,13,2026-07-01 16:28:34.864438,7,97.8
EXP167600,India,B1,MA,CHUBB,103.73,69.46,33.0,Renter,True,2,11,2026-05-29 16:28:34.864454,10,98.7
EXP188276,India,L1,GA,AIG,134.67,106.51,20.9,Auto,True,3,12,2026-07-11 16:28:34.864471,9,97.7
EXP220122,India,L1,NY,ICICI Lombard,131.71,101.71,22.8,Auto+Health,True,3,7,2026-08-10 16:28:34.864488,7,97.1
EXP575189,India,B1,CA,Allianz,102.83,67.63,34.2,Auto,False,3,11,2026-08-02 16:28:34.864504,10,97.4
EXP692939,India,L1,IL,CHUBB,119.42,88.02,26.3,Auto,True,2,8,2026-08-05 16:28:34.864521,10,99.4
EXP148547,India,F1,IL,AIG,140.65,97.0,31.0,Auto,True,3,11,2026-07-20 16:28:34.864538,9,99.3
EXP568537,India,B1,FL,Allianz,143.12,94.22,34.2,Health,True,1,12,2026-06-16 16:28:34.864554,7,99.1
EXP230581,India,B1,MI,ICICI Lombard,141.65,104.99,25.9,Auto,False,2,9,2026-08-18 16:28:34.864571,8,97.1
EXP232586,India,L1,WA,Allianz,133.02,90.95,31.6,Health,True,1,10,2026-06-03 16:28:34.864587,8,98.3
EXP496515,India,F1,MA,Allianz,112.36,89.19,20.6,Auto+Health,True,2,13,2026-08-11 16:28:34.864604,10,97.6
EXP125405,India,L1,MI,CHUBB,103.08,72.7,29.5,Renter,True,1,12,2026-06-02 16:28:34.864620,10,98.8
EXP405436,India,F1,PA,Allianz,128.32,95.51,25.6,Health,True,2,11,2026-06-14 16:28:34.864636,7,99.5
EXP756095,India,F1,IL,HDFC ERGO,136.48,99.56,27.1,Health,False,2,14,2026-08-01 16:28:34.864653,10,97.1
EXP298071,India,F1,CA,CHUBB,98.47,65.37,33.6,Auto+Health,True,2,7,2026-07-02 16:28:34.864670,10,99.5
EXP980803,India,F1,CA,IMG Global,123.65,92.75,25.0,Health,True,1,12,2026-07-27 16:28:34.864686,7,98.8
EXP949219,India,H1B,WA,IMG Global,146.84,101.41,30.9,Health,True,2,13,2026-06-24 16:28:34.864703,10,97.7
EXP322469,India,L1,NC,Allianz,143.75,110.15,23.4,Renter,True,2,11,2026-08-24 16:28:34.864719,7,97.7
EXP285183,India,L1,FL,IMG Global,127.46,96.48,24.3,Renter,True,2,13,2026-06-11 16:28:34.864736,7,98.2
EXP719802,India,L1,GA,HDFC ERGO,143.63,108.65,24.4,Health,True,3,13,2026-07-21 16:28:34.864754,9,97.6
EXP796416,India,F1,NY,ICICI Lombard,120.33,89.05,26.0,Health,False,3,12,2026-07-30 16:28:34.864770,8,97.3
EXP141642,India,F1,GA,HDFC ERGO,77.85,60.61,22.2,Health,True,2,9,2026-07-28 16:28:34.864787,7,99.1
EXP819865,India,B1,NY,AIG,143.02,99.51,30.4,Health,True,2,8,2026-07-28 16:28:34.864803,9,99.0
EXP911069,India,L1,MA,CHUBB,123.17,87.9,28.6,Renter,True,1,8,2026-07-15 16:28:34.864820,9,98.7
EXP585594,India,F1,IL,HDFC ERGO,122.6,85.46,30.3,Auto+Health,True,1,10,2026-07-01 16:28:34.864837,8,97.1
EXP712479,India,L1,GA,AIG,80.62,57.55,28.6,Health,True,3,7,2026-07-19 16:28:34.864853,8,98.5
EXP559936,India,B1,WA,ICICI Lombard,84.38,67.44,20.1,Renter,False,2,12,2026-07-14 16:28:34.864870,8,99.1
EXP756864,India,B1,CA,IMG Global,91.71,65.13,29.0,Auto,True,1,14,2026-06-19 16:28:34.864888,7,98.6
EXP269254,India,L1,MA,CHUBB,122.5,82.04,33.0,Auto,False,3,7,2026-08-04 16:28:34.864905,9,99.3
EXP207764,India,H1B,IL,IMG Global,128.58,87.67,31.8,Auto,False,2,12,2026-07-21 16:28:34.864922,10,98.4
EXP195439,India,L1,CA,AIG,139.14,110.75,20.4,Health,True,2,11,2026-07-18 16:28:34.864939,10,98.7
EXP530354,India,B1,FL,Allianz,88.27,57.45,34.9,Renter,True,2,13,2026-08-05 16:28:34.864956,8,97.4
EXP989267,India,B1,WA,ICICI Lombard,116.29,81.34,30.1,Health,False,1,14,2026-06-03 16:28:34.864972,8,98.1
EXP163680,India,E2,WA,AIG,133.26,103.34,22.5,Auto,True,2,10,2026-07-18 16:28:34.864989,7,98.1
EXP574027,India,H1B,GA,Allianz,107.15,82.83,22.7,Auto,True,3,7,2026-08-26 16:28:34.865005,8,97.0
EXP306236,India,H1B,NY,HDFC ERGO,79.39,55.3,30.3,Auto+Health,True,3,10,2026-08-11 16:28:34.865022,10,97.5
EXP904293,India,L1,FL,Allianz,83.05,56.11,32.4,Health,True,3,8,2026-06-03 16:28:34.865039,9,97.2
EXP904966,India,L1,TX,AIG,83.16,61.21,26.4,Health,True,1,12,2026-06-03 16:28:34.865055,10,99.2
EXP672465,India,E2,GA,IMG Global,132.59,97.36,26.6,Renter,True,1,13,2026-06-03 16:28:34.865072,10,97.9
EXP422885,India,E2,WA,Allianz,83.08,63.75,23.3,Health,True,3,11,2026-08-08 16:28:34.865088,8,97.4
EXP212279,India,B1,MA,AIG,148.14,98.4,33.6,Auto,True,2,11,2026-07-21 16:28:34.865105,8,97.6
EXP758476,India,E2,MA,Allianz,109.82,71.49,34.9,Auto,False,1,10,2026-06-12 16:28:34.865122,7,99.4
EXP921716,India,H1B,GA,IMG Global,82.39,56.35,31.6,Auto+Health,True,2,12,2026-07-26 16:28:34.865139,10,99.5
EXP481019,India,H1B,GA,CHUBB,146.16,114.01,22.0,Renter,True,3,8,2026-08-15 16:28:34.865155,9,99.2
EXP504690,India,E2,CA,HDFC ERGO,145.82,105.66,27.5,Renter,True,1,8,2026-06-21 16:28:34.865172,8,99.4
EXP370394,India,B1,CA,Allianz,141.58,104.04,26.5,Auto+Health,False,1,8,2026-08-22 16:28:34.865190,9,97.9
EXP257487,India,H1B,CO,CHUBB,93.09,73.62,20.9,Auto+Health,True,2,9,2026-06-24 16:28:34.865207,8,99.3
EXP721666,India,F1,FL,Allianz,89.92,60.18,33.1,Auto,False,2,10,2026-08-10 16:28:34.865224,10,98.9
EXP905706,India,H1B,TX,AIG,85.51,65.03,24.0,Auto+Health,True,2,8,2026-06-23 16:28:34.865241,10,98.5
EXP350585,India,B1,TX,AIG,141.68,102.47,27.7,Auto,True,2,13,2026-08-03 16:28:34.865257,8,99.4
EXP187701,India,E2,MA,CHUBB,138.39,91.72,33.7,Renter,False,2,14,2026-08-17 16:28:34.865274,9,98.2
EXP969016,India,L1,PA,AIG,99.81,66.28,33.6,Renter,True,1,14,2026-08-09 16:28:34.865291,8,98.4
EXP591398,India,H1B,CA,Allianz,94.83,66.63,29.7,Auto+Health,True,1,10,2026-06-04 16:28:34.865308,7,99.4
EXP904808,India,H1B,TX,CHUBB,88.71,61.56,30.6,Auto+Health,True,2,10,2026-06-21 16:28:34.865324,7,98.8
EXP929276,India,B1,FL,CHUBB,83.9,60.06,28.4,Health,True,2,8,2026-08-24 16:28:34.865341,9,98.4
EXP301917,India,L1,NY,Allianz,98.13,68.48,30.2,Auto,True,1,10,2026-07-12 16:28:34.865358,10,97.5
EXP221845,India,F1,CA,IMG Global,133.21,94.72,28.9,Auto+Health,True,2,13,2026-07-30 16:28:34.865375,9,99.2
EXP228061,India,H1B,IL,Allianz,76.92,51.15,33.5,Renter,True,2,11,2026-07-20 16:28:34.865392,8,97.2
EXP233177,India,F1,FL,AIG,147.7,117.48,20.5,Renter,True,3,9,2026-08-22 16:28:34.865409,10,98.6
EXP497923,India,H1B,MI,ICICI Lombard,90.42,72.07,20.3,Health,False,1,12,2026-08-11 16:28:34.865427,8,99.2
EXP305065,India,H1B,GA,ICICI Lombard,76.43,60.84,20.4,Renter,True,3,8,2026-06-24 16:28:34.865444,8,98.3
EXP395066,India,F1,GA,IMG Global,89.84,64.64,28.0,Auto,True,2,12,2026-07-16 16:28:34.865460,7,98.8
EXP152597,India,E2,WA,AIG,87.57,66.19,24.4,Auto+Health,True,2,11,2026-08-27 16:28:34.865477,8,98.3
EXP357312,India,F1,IL,HDFC ERGO,146.78,110.11,25.0,Health,True,1,8,2026-07-19 16:28:34.865493,10,97.8
EXP819384,India,L1,CA,HDFC ERGO,122.92,93.38,24.0,Renter,False,2,14,2026-06-04 16:28:34.865509,8,98.7
EXP172439,India,H1B,WA,IMG Global,143.77,105.6,26.6,Health,True,2,14,2026-07-21 16:28:34.865526,7,99.2
EXP162720,India,L1,MI,CHUBB,102.89,77.94,24.2,Auto,True,2,7,2026-07-22 16:28:34.865542,7,98.2
EXP481980,India,F1,IL,HDFC ERGO,86.75,68.41,21.1,Renter,True,3,8,2026-08-24 16:28:34.865559,8,98.1
EXP443619,India,B1,FL,IMG Global,118.15,92.75,21.5,Auto+Health,True,2,11,2026-07-15 16:28:34.865575,9,97.5
EXP125190,India,H1B,CA,Allianz,135.39,102.37,24.4,Auto+Health,True,3,8,2026-08-06 16:28:34.865592,7,97.2
EXP816015,India,L1,NY,CHUBB,144.05,105.04,27.1,Health,True,2,12,2026-07-12 16:28:34.865609,8,99.4
EXP704149,India,H1B,TX,IMG Global,84.21,60.61,28.0,Renter,False,3,13,2026-06-13 16:28:34.865626,8,97.3
EXP233149,India,L1,NY,CHUBB,102.97,69.62,32.4,Auto+Health,False,3,7,2026-07-05 16:28:34.865642,7,97.1
EXP129831,India,B1,IL,ICICI Lombard,85.9,58.62,31.8,Renter,True,3,10,2026-08-01 16:28:34.865658,10,97.9
EXP112333,India,L1,MI,ICICI Lombard,75.8,51.59,31.9,Auto,True,2,14,2026-06-27 16:28:34.865675,9,97.0
EXP809961,India,E2,NC,ICICI Lombard,75.61,51.61,31.7,Auto+Health,True,3,7,2026-08-26 16:28:34.865691,8,97.4
EXP303324,India,B1,IL,IMG Global,116.73,88.38,24.3,Renter,True,3,11,2026-06-29 16:28:34.865708,8,99.2
EXP696086,India,B1,MA,CHUBB,87.24,59.65,31.6,Auto,True,3,7,2026-07-18 16:28:34.865724,9,99.2
EXP705316,India,B1,FL,HDFC ERGO,93.94,75.08,20.1,Health,True,1,8,2026-06-12 16:28:34.865741,8,99.0
EXP302203,India,E2,MI,ICICI Lombard,133.72,96.99,27.5,Auto,True,2,9,2026-07-03 16:28:34.865758,8,99.4
EXP178191,India,E2,MI,CHUBB,93.71,62.02,33.8,Renter,False,1,8,2026-07-19 16:28:34.865774,8,98.5
EXP124707,India,E2,GA,ICICI Lombard,118.07,78.9,33.2,Auto+Health,True,1,12,2026-07-10 16:28:34.865790,7,98.8
EXP238656,India,B1,IL,Allianz,130.4,93.77,28.1,Renter,True,3,8,2026-06-19 16:28:34.865813,10,99.0
EXP604470,India,E2,IL,AIG,124.3,90.1,27.5,Renter,True,1,13,2026-07-22 16:28:34.865833,10,98.6
EXP336082,India,B1,CA,CHUBB,137.01,105.84,22.8,Auto,True,2,14,2026-08-21 16:28:34.865852,7,97.3
EXP731704,India,E2,TX,CHUBB,114.51,80.71,29.5,Auto,True,3,11,2026-06-23 16:28:34.865870,10,99.5
EXP838951,India,E2,GA,IMG Global,83.9,66.15,21.2,Renter,True,1,7,2026-06-21 16:28:34.865888,10,97.9
EXP515229,India,H1B,CO,ICICI Lombard,112.84,77.74,31.1,Auto,True,2,14,2026-06-06 16:28:34.865907,7,97.7
EXP390725,India,B1,MA,HDFC ERGO,114.79,86.77,24.4,Health,False,3,11,2026-06-28 16:28:34.865925,7,99.3
EXP772237,India,H1B,CO,ICICI Lombard,100.64,71.74,28.7,Health,True,3,7,2026-07-15 16:28:34.865944,10,98.1
EXP668385,India,E2,WA,ICICI Lombard,140.24,95.45,31.9,Auto+Health,True,2,9,2026-08-18 16:28:34.865963,8,99.5
EXP352615,India,H1B,NY,AIG,108.35,84.73,21.8,Auto+Health,True,3,7,2026-08-26 16:28:34.865982,7,98.5
EXP605753,India,H1B,CA,AIG,117.12,88.75,24.2,Health,True,1,11,2026-06-22 16:28:34.866000,7,97.5
EXP195199,India,H1B,IL,AIG,107.17,82.42,23.1,Auto,True,2,7,2026-07-25 16:28:34.866018,9,97.8
EXP266637,India,L1,TX,ICICI Lombard,108.43,82.97,23.5,Auto+Health,True,2,11,2026-07-27 16:28:34.866037,7,98.2
EXP481777,India,E2,PA,Allianz,98.98,71.63,27.6,Health,False,1,9,2026-05-31 16:28:34.866055,8,98.6
EXP974272,India,E2,GA,HDFC ERGO,144.03,112.21,22.1,Renter,True,2,7,2026-08-01 16:28:34.866074,7,98.2
EXP862761,India,F1,IL,HDFC ERGO,141.16,93.2,34.0,Auto+Health,True,3,13,2026-07-22 16:28:34.866093,9,97.4
EXP738154,India,F1,CO,HDFC ERGO,104.94,68.8,34.4,Auto,False,3,13,2026-07-31 16:28:34.866111,7,99.5
EXP706931,India,E2,MI,IMG Global,119.14,79.81,33.0,Renter,True,2,12,2026-06-05 16:28:34.866131,7,97.3
EXP916936,India,F1,PA,ICICI Lombard,111.76,78.2,30.0,Health,True,2,11,2026-07-27 16:28:34.866150,10,97.7
EXP314636,India,B1,GA,Allianz,116.76,91.89,21.3,Auto,True,1,7,2026-05-29 16:28:34.866169,9,98.2
EXP927190,India,L1,FL,IMG Global,116.16,92.06,20.7,Renter,True,3,14,2026-07-10 16:28:34.866187,7,98.0
EXP799891,India,H1B,NC,IMG Global,85.94,67.98,20.9,Renter,True,1,8,2026-06-27 16:28:34.866206,7,98.4
EXP433169,India,H1B,MA,Allianz,108.6,73.73,32.1,Health,True,3,7,2026-07-23 16:28:34.866224,7,97.2
EXP472499,India,H1B,GA,HDFC ERGO,142.42,106.13,25.5,Auto+Health,False,1,11,2026-06-06 16:28:34.866243,10,99.4
EXP333174,India,L1,IL,CHUBB,143.13,101.31,29.2,Renter,False,2,8,2026-06-06 16:28:34.866261,10,97.2
EXP472992,India,H1B,PA,Allianz,97.64,64.73,33.7,Auto,False,3,14,2026-08-18 16:28:34.866280,9,97.5
EXP575272,India,E2,IL,Allianz,100.16,77.2,22.9,Auto+Health,False,3,10,2026-08-16 16:28:34.866298,9,99.0
EXP841570,India,B1,NY,Allianz,79.36,53.24,32.9,Health,False,2,9,2026-06-11 16:28:34.866315,10,99.3
EXP624053,India,H1B,CA,Allianz,142.83,97.99,31.4,Auto,False,2,11,2026-06-07 16:28:34.866331,9,97.8
EXP678777,India,B1,CA,Allianz,118.36,89.32,24.5,Renter,True,3,8,2026-07-12 16:28:34.866348,10,99.1
EXP370504,India,B1,GA,CHUBB,96.54,63.93,33.8,Renter,False,1,11,2026-07-01 16:28:34.866365,10,98.2
EXP166894,India,H1B,IL,IMG Global,115.88,92.27,20.4,Health,True,3,13,2026-06-11 16:28:34.866381,9,97.4
EXP531409,India,H1B,CA,Allianz,133.18,87.73,34.1,Auto,True,2,10,2026-08-11 16:28:34.866398,10,98.4
EXP967795,India,L1,MI,ICICI Lombard,140.71,99.54,29.3,Auto,True,3,13,2026-07-04 16:28:34.866416,9,97.4
EXP188168,India,F1,PA,Allianz,107.6,85.06,21.0,Auto+Health,True,1,13,2026-06-17 16:28:34.866432,9,97.2
EXP443648,India,B1,MA,AIG,136.09,89.35,34.3,Renter,True,3,11,2026-06-06 16:28:34.866449,8,97.9
EXP694090,India,L1,TX,ICICI Lombard,96.04,74.71,22.2,Auto,True,2,13,2026-06-06 16:28:34.866465,10,98.6
EXP999925,India,F1,MI,ICICI Lombard,92.22,72.2,21.7,Health,False,2,7,2026-08-09 16:28:34.866482,10,97.2
EXP987299,India,E2,TX,ICICI Lombard,121.05,93.64,22.6,Renter,True,1,7,2026-08-18 16:28:34.866498,9,97.8
EXP890186,India,F1,MI,Allianz,100.12,75.03,25.1,Auto+Health,True,1,10,2026-07-19 16:28:34.866514,7,99.4
EXP438052,India,F1,CA,IMG Global,114.11,88.98,22.0,Health,True,1,8,2026-08-24 16:28:34.866531,7,98.7
EXP794839,India,B1,CO,AIG,101.63,77.53,23.7,Auto+Health,False,2,14,2026-06-26 16:28:34.866547,9,98.6
EXP436109,India,E2,FL,AIG,125.67,85.65,31.8,Renter,True,3,12,2026-07-05 16:28:34.866564,8,97.3
EXP176889,India,L1,IL,ICICI Lombard,103.3,72.55,29.8,Renter,False,3,14,2026-07-08 16:28:34.866583,9,97.7
EXP518529,India,F1,CO,CHUBB,106.99,83.85,21.6,Renter,True,2,7,2026-06-14 16:28:34.866600,9,99.0
EXP927971,India,L1,NY,IMG Global,111.5,81.39,27.0,Auto,True,2,11,2026-06-26 16:28:34.866616,8,98.6
EXP145425,India,E2,CA,ICICI Lombard,114.81,88.16,23.2,Auto,True,1,8,2026-08-12 16:28:34.866633,10,98.0
EXP673149,India,F1,TX,ICICI Lombard,93.69,67.89,27.5,Health,False,3,9,2026-06-05 16:28:34.866649,7,98.6
EXP990370,India,E2,GA,HDFC ERGO,105.59,83.42,21.0,Renter,True,1,12,2026-08-22 16:28:34.866666,8,98.4
EXP914352,India,H1B,NC,AIG,120.81,87.84,27.3,Renter,True,3,14,2026-07-17 16:28:34.866682,9,98.9
EXP859294,India,H1B,GA,AIG,115.01,84.92,26.2,Health,True,1,9,2026-06-29 16:28:34.866700,7,99.5
EXP307692,India,E2,CO,HDFC ERGO,94.01,65.29,30.5,Renter,False,2,9,2026-08-01 16:28:34.866717,7,97.9
EXP120262,India,H1B,MA,CHUBB,119.07,83.71,29.7,Renter,True,2,9,2026-05-30 16:28:34.866734,7,98.7
EXP523744,India,L1,TX,AIG,86.19,61.7,28.4,Health,True,3,14,2026-08-17 16:28:34.866750,9,97.8
EXP644813,India,L1,GA,Allianz,114.96,80.64,29.9,Renter,False,2,11,2026-08-27 16:28:34.866766,8,98.8
EXP575973,India,H1B,NY,ICICI Lombard,81.2,62.72,22.8,Renter,False,2,10,2026-07-31 16:28:34.866783,9,97.9
EXP818635,India,F1,NY,ICICI Lombard,88.49,60.37,31.8,Renter,True,1,12,2026-07-02 16:28:34.866800,10,97.3
EXP114426,India,E2,WA,IMG Global,129.92,101.55,21.8,Auto+Health,False,2,9,2026-08-19 16:28:34.866818,10,97.1
EXP502022,India,L1,FL,HDFC ERGO,109.26,78.27,28.4,Auto+Health,True,3,13,2026-07-24 16:28:34.866834,9,99.1
EXP172091,India,H1B,NY,CHUBB,83.31,59.0,29.2,Renter,False,2,7,2026-07-09 16:28:34.866851,8,98.4
EXP896226,India,H1B,FL,CHUBB,92.92,67.0,27.9,Auto+Health,True,3,7,2026-06-16 16:28:34.866867,8,98.8
EXP817208,India,B1,IL,IMG Global,83.53,64.98,22.2,Auto+Health,True,1,14,2026-06-10 16:28:34.866884,7,97.8
EXP249492,India,H1B,MI,CHUBB,137.26,94.64,31.0,Auto+Health,True,1,8,2026-08-10 16:28:34.866900,10,97.6
EXP779758,India,E2,NC,ICICI Lombard,149.65,114.25,23.7,Auto+Health,True,3,7,2026-07-09 16:28:34.866917,7,98.5
EXP208652,India,H1B,GA,CHUBB,121.12,78.76,35.0,Renter,False,1,13,2026-06-16 16:28:34.866933,10,97.0
EXP972175,India,L1,PA,CHUBB,146.19,108.95,25.5,Health,True,1,13,2026-07-07 16:28:34.866949,9,99.3
EXP639087,India,E2,NY,CHUBB,138.76,103.73,25.2,Health,True,3,9,2026-06-13 16:28:34.866966,7,99.0
EXP993453,India,B1,CO,CHUBB,88.34,67.96,23.1,Renter,False,2,14,2026-06-30 16:28:34.866982,7,98.7
EXP213301,India,H1B,CO,HDFC ERGO,113.98,76.3,33.1,Renter,True,3,9,2026-08-13 16:28:34.866999,8,98.6
EXP415913,India,H1B,CA,HDFC ERGO,82.63,63.02,23.7,Auto,True,3,9,2026-08-13 16:28:34.867015,8,99.4
EXP563511,India,F1,FL,HDFC ERGO,87.72,58.12,33.7,Auto,False,2,7,2026-06-21 16:28:34.867032,7,98.5
EXP879767,India,H1B,NY,ICICI Lombard,122.47,94.87,22.5,Auto+Health,True,1,8,2026-06-12 16:28:34.867048,9,99.4
EXP366516,India,H1B,CA,ICICI Lombard,121.46,85.16,29.9,Auto,True,3,12,2026-06-27 16:28:34.867065,7,97.1
EXP468125,India,L1,CA,Allianz,97.44,69.78,28.4,Auto+Health,True,1,10,2026-06-22 16:28:34.867082,10,98.0
EXP642075,India,H1B,CO,IMG Global,80.33,61.89,23.0,Auto,False,2,10,2026-06-23 16:28:34.867098,7,98.2
EXP268862,India,B1,MI,ICICI Lombard,121.79,84.15,30.9,Health,True,2,13,2026-07-13 16:28:34.867116,9,98.1
EXP366828,India,H1B,PA,HDFC ERGO,131.69,101.73,22.7,Health,True,1,9,2026-08-14 16:28:34.867139,7,98.6
EXP641825,India,H1B,IL,AIG,119.36,80.79,32.3,Auto+Health,True,2,8,2026-06-14 16:28:34.867162,7,99.3
EXP905576,India,F1,NY,IMG Global,78.13,51.27,34.4,Auto+Health,True,1,11,2026-05-30 16:28:34.867181,8,98.4
EXP158206,India,L1,GA,Allianz,121.65,83.04,31.7,Auto,True,1,11,2026-06-29 16:28:34.867203,7,99.4
EXP707931,India,F1,NY,Allianz,132.96,86.69,34.8,Auto,True,1,10,2026-06-15 16:28:34.867227,8,99.5
EXP442119,India,H1B,CA,HDFC ERGO,95.92,73.0,23.9,Auto,False,2,13,2026-06-27 16:28:34.867244,8,97.8
EXP305095,India,B1,IL,AIG,80.6,60.29,25.2,Auto+Health,True,2,13,2026-07-23 16:28:34.867260,10,97.9
EXP329479,India,H1B,TX,Allianz,89.85,59.17,34.1,Health,True,1,13,2026-08-10 16:28:34.867277,10,98.8
EXP687812,India,B1,MA,AIG,118.33,92.45,21.9,Auto,False,2,13,2026-06-24 16:28:34.867293,8,97.7
EXP680913,India,B1,CO,ICICI Lombard,109.98,74.19,32.5,Health,True,2,7,2026-06-11 16:28:34.867310,9,97.6
EXP814949,India,F1,NC,Allianz,136.03,96.86,28.8,Renter,True,2,12,2026-08-01 16:28:34.867326,10,99.3
EXP183288,India,F1,NC,ICICI Lombard,119.07,89.57,24.8,Auto,True,2,11,2026-07-05 16:28:34.867343,8,99.3
EXP307875,India,H1B,IL,HDFC ERGO,142.38,105.19,26.1,Auto+Health,True,3,13,2026-07-24 16:28:34.867360,7,98.6
EXP409281,India,B1,MI,IMG Global,116.62,91.28,21.7,Renter,True,1,8,2026-05-31 16:28:34.867376,10,98.6
EXP148747,India,H1B,IL,ICICI Lombard,128.46,91.21,29.0,Auto+Health,False,3,12,2026-07-09 16:28:34.867393,8,98.5
EXP678280,India,E2,CO,CHUBB,92.32,73.34,20.6,Renter,True,2,8,2026-07-12 16:28:34.867409,8,97.7
EXP669535,India,H1B,PA,CHUBB,149.59,103.31,30.9,Health,False,2,9,2026-07-25 16:28:34.867426,9,99.5
EXP535997,India,F1,PA,ICICI Lombard,146.87,104.54,28.8,Health,True,3,12,2026-06-05 16:28:34.867442,10,98.8
EXP904571,India,B1,PA,IMG Global,101.94,71.88,29.5,Auto+Health,True,1,12,2026-07-17 16:28:34.867459,10,99.4
EXP104935,India,B1,MI,HDFC ERGO,77.36,53.57,30.7,Auto,True,1,8,2026-07-25 16:28:34.867476,9,98.9
EXP969865,India,B1,NC,CHUBB,128.75,94.45,26.6,Auto,True,3,8,2026-07-07 16:28:34.867492,8,98.7
EXP978725,India,L1,IL,HDFC ERGO,122.83,86.78,29.4,Health,False,2,12,2026-07-09 16:28:34.867510,7,97.4
EXP350985,India,F1,IL,CHUBB,89.35,68.12,23.8,Auto+Health,True,1,13,2026-06-06 16:28:34.867527,9,97.9
EXP157161,India,B1,CA,HDFC ERGO,96.55,73.23,24.2,Renter,True,2,10,2026-07-15 16:28:34.867543,8,99.5
EXP126926,India,B1,FL,IMG Global,110.7,88.14,20.4,Renter,False,2,14,2026-06-29 16:28:34.867560,10,97.3
EXP822222,India,B1,MA,CHUBB,107.99,77.54,28.2,Auto,True,3,11,2026-06-20 16:28:34.867576,10,97.7
EXP895153,India,E2,CO,ICICI Lombard,128.02,97.58,23.8,Renter,True,1,9,2026-08-23 16:28:34.867593,7,98.7
EXP370206,India,B1,GA,AIG,106.33,72.52,31.8,Auto,True,3,12,2026-06-05 16:28:34.867610,9,98.2
EXP118483,India,B1,FL,HDFC ERGO,142.77,111.63,21.8,Auto,True,1,10,2026-07-02 16:28:34.867626,10,99.3
EXP271870,India,B1,MI,CHUBB,141.9,100.85,28.9,Health,True,1,14,2026-07-22 16:28:34.867643,9,99.1
EXP295735,India,L1,PA,ICICI Lombard,120.62,80.36,33.4,Renter,True,2,8,2026-08-21 16:28:34.867660,8,97.4
EXP266898,India,L1,CO,HDFC ERGO,139.9,96.22,31.2,Auto,True,3,9,2026-07-12 16:28:34.867676,7,98.3
EXP527051,India,B1,MA,HDFC ERGO,127.64,95.14,25.5,Auto,True,3,14,2026-06-22 16:28:34.867693,9,97.5
EXP971169,India,H1B,PA,HDFC ERGO,82.87,62.47,24.6,Auto,True,1,12,2026-08-20 16:28:34.867709,10,98.8
EXP805636,India,E2,MI,HDFC ERGO,129.81,103.7,20.1,Health,True,2,13,2026-06-01 16:28:34.867725,7,97.7
EXP556644,India,H1B,FL,ICICI Lombard,112.03,76.87,31.4,Auto,True,1,10,2026-07-18 16:28:34.867742,7,98.2
EXP904953,India,F1,PA,CHUBB,137.96,90.94,34.1,Renter,True,1,13,2026-07-21 16:28:34.867758,7,99.5
EXP610233,India,B1,IL,ICICI Lombard,103.24,67.57,34.6,Auto+Health,True,2,14,2026-07-18 16:28:34.867775,10,98.7
EXP619256,India,E2,NY,Allianz,94.53,71.78,24.1,Health,False,3,14,2026-08-25 16:28:34.867791,8,98.6
EXP358825,India,L1,MA,IMG Global,119.99,92.33,23.1,Renter,False,2,14,2026-07-19 16:28:34.867807,9,97.2
EXP800795,India,B1,CA,CHUBB,114.69,75.6,34.1,Auto,False,2,13,2026-08-12 16:28:34.867824,10,97.2
EXP148398,India,F1,FL,IMG Global,116.3,81.77,29.7,Auto,False,3,13,2026-08-05 16:28:34.867841,8,98.5
EXP685034,India,H1B,IL,CHUBB,124.6,87.36,29.9,Health,False,2,11,2026-07-18 16:28:34.867857,9,98.2
EXP279906,India,F1,MI,Allianz,142.9,112.99,20.9,Auto,True,1,13,2026-08-14 16:28:34.867874,8,97.7
EXP433053,India,H1B,GA,IMG Global,87.97,63.2,28.2,Renter,True,1,13,2026-07-11 16:28:34.867890,7,98.8
EXP961893,India,F1,MI,HDFC ERGO,105.33,71.07,32.5,Health,True,3,14,2026-06-18 16:28:34.867907,9,97.5
EXP214671,India,E2,NY,IMG Global,127.11,100.42,21.0,Auto,True,1,13,2026-07-27 16:28:34.867923,7,97.6
EXP444462,India,L1,IL,CHUBB,86.0,65.13,24.3,Health,False,2,9,2026-08-13 16:28:34.867940,9,99.3
EXP588654,India,B1,GA,CHUBB,117.08,86.27,26.3,Health,True,1,10,2026-08-25 16:28:34.867957,7,98.9
EXP108634,India,E2,MI,CHUBB,117.5,90.84,22.7,Auto,True,3,13,2026-07-20 16:28:34.867973,8,99.2
EXP863885,India,F1,TX,Allianz,128.68,88.76,31.0,Renter,True,3,7,2026-05-30 16:28:34.867990,8,97.7
EXP565733,India,H1B,TX,HDFC ERGO,106.85,81.25,24.0,Renter,True,1,7,2026-08-26 16:28:34.868006,10,98.0
EXP796808,India,B1,FL,HDFC ERGO,93.73,67.94,27.5,Health,False,2,13,2026-07-04 16:28:34.868023,10,97.9
EXP380819,India,B1,CO,CHUBB,111.52,88.78,20.4,Auto,True,1,13,2026-08-27 16:28:34.868040,8,98.4
EXP170032,India,H1B,NY,CHUBB,78.79,51.51,34.6,Renter,True,2,8,2026-07-22 16:28:34.868057,7,98.7
EXP931195,India,H1B,NC,CHUBB,139.64,92.32,33.9,Renter,True,1,12,2026-08-24 16:28:34.868074,9,98.0
EXP205816,India,B1,CO,AIG,90.48,61.35,32.2,Health,True,2,12,2026-06-18 16:28:34.868090,7,97.9
EXP368420,India,B1,FL,HDFC ERGO,116.83,90.41,22.6,Health,True,2,7,2026-06-06 16:28:34.868107,7,97.5
EXP270156,India,L1,MI,HDFC ERGO,147.6,115.34,21.9,Auto+Health,True,3,10,2026-08-16 16:28:34.868124,9,97.0
EXP659451,India,L1,CA,IMG Global,99.88,66.57,33.3,Renter,True,3,11,2026-06-11 16:28:34.868140,7,98.2
EXP490162,India,E2,MA,ICICI Lombard,86.86,59.97,31.0,Auto,True,1,13,2026-07-06 16:28:34.868157,9,98.8
EXP682906,India,L1,FL,Allianz,82.41,63.53,22.9,Health,True,2,10,2026-06-11 16:28:34.868175,7,98.8
EXP442032,India,B1,MA,Allianz,142.07,93.25,34.4,Renter,True,2,9,2026-06-17 16:28:34.868192,7,98.1
EXP597554,India,H1B,WA,Allianz,144.09,111.62,22.5,Auto,False,2,9,2026-07-10 16:28:34.868210,9,98.2
EXP887711,India,E2,WA,Allianz,78.15,61.72,21.0,Health,True,2,13,2026-06-24 16:28:34.868227,10,98.8
EXP703962,India,E2,IL,ICICI Lombard,144.3,95.84,33.6,Auto,True,3,9,2026-06-24 16:28:34.868243,9,98.6
EXP274207,India,E2,IL,CHUBB,128.64,94.47,26.6,Auto,False,2,8,2026-07-31 16:28:34.868260,10,97.7
EXP442594,India,B1,MI,ICICI Lombard,132.76,102.56,22.7,Renter,True,1,7,2026-07-12 16:28:34.868276,8,98.3
EXP815675,India,B1,IL,CHUBB,132.22,94.84,28.3,Auto,False,1,14,2026-06-06 16:28:34.868293,9,98.5
EXP781951,India,E2,IL,CHUBB,78.7,59.43,24.5,Health,True,2,8,2026-07-02 16:28:34.868309,8,97.2
EXP839486,India,L1,MI,Allianz,82.97,58.09,30.0,Auto+Health,True,3,14,2026-07-07 16:28:34.868326,8,97.0
EXP240713,India,E2,CA,Allianz,100.06,78.71,21.3,Renter,True,2,12,2026-08-05 16:28:34.868343,7,97.2
EXP103340,India,E2,NC,Allianz,142.15,96.89,31.8,Auto+Health,False,1,10,2026-07-07 16:28:34.868359,10,98.6
EXP634621,India,F1,FL,AIG,98.33,73.02,25.7,Auto+Health,True,2,13,2026-08-25 16:28:34.868376,7,98.9
EXP157884,India,E2,IL,CHUBB,95.82,74.83,21.9,Renter,True,2,7,2026-06-25 16:28:34.868392,9,98.6
EXP543773,India,L1,IL,ICICI Lombard,117.96,77.03,34.7,Auto+Health,True,1,12,2026-08-03 16:28:34.868409,8,98.4
EXP145230,India,H1B,WA,Allianz,88.31,64.1,27.4,Auto,True,1,8,2026-08-14 16:28:34.868426,9,99.0
EXP954735,India,F1,NY,HDFC ERGO,125.96,95.75,24.0,Auto+Health,False,1,7,2026-07-23 16:28:34.868443,9,98.2
EXP704640,India,H1B,NY,ICICI Lombard,98.59,65.56,33.5,Renter,True,3,7,2026-07-22 16:28:34.868459,9,98.3
EXP693401,India,E2,MA,AIG,75.73,58.64,22.6,Health,True,1,12,2026-06-12 16:28:34.868476,7,98.9
EXP338379,India,L1,NY,Allianz,85.18,67.47,20.8,Auto+Health,True,3,11,2026-08-27 16:28:34.868492,8,99.0
EXP888399,India,E2,WA,HDFC ERGO,126.11,92.7,26.5,Health,True,3,12,2026-08-26 16:28:34.868509,10,97.7
EXP182413,India,H1B,IL,HDFC ERGO,118.54,82.38,30.5,Auto,True,1,14,2026-06-01 16:28:34.868526,10,98.2
EXP723032,India,L1,PA,Allianz,102.85,72.25,29.7,Auto+Health,True,1,12,2026-06-12 16:28:34.868542,9,99.3
EXP502113,India,E2,MI,Allianz,91.31,69.51,23.9,Auto+Health,True,1,13,2026-06-14 16:28:34.868559,8,98.0
EXP893914,India,F1,NY,IMG Global,83.87,66.11,21.2,Renter,True,3,7,2026-07-04 16:28:34.868575,8,98.2
EXP369898,India,F1,IL,HDFC ERGO,137.48,89.57,34.9,Auto+Health,False,3,14,2026-08-08 16:28:34.868592,9,99.1
EXP474021,India,B1,MI,IMG Global,135.8,103.91,23.5,Auto+Health,True,3,13,2026-06-18 16:28:34.868608,10,98.8
EXP252782,India,L1,CO,ICICI Lombard,114.25,77.22,32.4,Auto,True,2,14,2026-07-10 16:28:34.868625,7,97.3
EXP197941,India,H1B,MA,CHUBB,113.45,73.97,34.8,Health,True,1,12,2026-08-17 16:28:34.868641,10,98.1
EXP361230,India,H1B,NY,CHUBB,97.05,66.21,31.8,Renter,False,1,7,2026-07-09 16:28:34.868658,8,99.0
EXP299959,India,L1,GA,HDFC ERGO,114.98,84.14,26.8,Auto+Health,True,3,11,2026-07-16 16:28:34.868675,10,98.0
EXP163159,India,B1,PA,AIG,115.87,85.37,26.3,Renter,True,2,13,2026-06-21 16:28:34.868691,8,98.0
EXP760717,India,L1,NC,ICICI Lombard,115.68,87.67,24.2,Health,True,2,8,2026-08-21 16:28:34.868707,10,98.1
EXP468551,India,E2,IL,IMG Global,92.03,63.43,31.1,Auto+Health,True,2,8,2026-06-03 16:28:34.868724,9,97.7
EXP349197,India,B1,FL,Allianz,131.03,85.73,34.6,Renter,False,1,14,2026-06-29 16:28:34.868741,10,98.7
EXP844816,India,E2,CO,ICICI Lombard,110.2,75.02,31.9,Auto+Health,True,3,9,2026-06-19 16:28:34.868757,9,99.4
EXP782692,India,H1B,NC,IMG Global,88.89,58.06,34.7,Renter,False,3,11,2026-07-20 16:28:34.868774,10,98.2
EXP345011,India,E2,TX,AIG,116.72,80.51,31.0,Renter,True,3,14,2026-08-15 16:28:34.868790,8,98.5
EXP327457,India,E2,MA,ICICI Lombard,103.04,78.64,23.7,Health,False,1,14,2026-07-25 16:28:34.868807,10,99.1
EXP515710,India,E2,NC,HDFC ERGO,146.08,116.34,20.4,Renter,True,3,14,2026-05-30 16:28:34.868823,9,97.4
EXP139727,India,F1,CO,IMG Global,116.56,86.12,26.1,Renter,True,2,10,2026-06-15 16:28:34.868841,8,97.7
EXP629593,India,F1,GA,IMG Global,119.64,89.0,25.6,Renter,True,3,13,2026-08-03 16:28:34.868858,7,97.4
EXP604756,India,E2,TX,CHUBB,115.77,92.36,20.2,Renter,True,3,13,2026-08-24 16:28:34.868874,9,98.2
EXP642509,India,F1,IL,Allianz,89.81,62.73,30.2,Auto+Health,True,3,7,2026-07-25 16:28:34.868890,8,97.9
EXP223403,India,B1,CO,ICICI Lombard,89.46,69.56,22.2,Auto,True,3,12,2026-08-23 16:28:34.868907,7,97.7
EXP171031,India,E2,CA,HDFC ERGO,120.74,90.9,24.7,Auto,True,1,7,2026-07-04 16:28:34.868924,7,97.6
EXP513783,India,L1,CA,IMG Global,141.81,101.72,28.3,Health,False,1,14,2026-08-21 16:28:34.868940,8,98.5
EXP169899,India,B1,MI,HDFC ERGO,143.25,95.74,33.2,Auto,True,2,9,2026-07-21 16:28:34.868956,10,99.1
EXP398927,India,B1,MA,HDFC ERGO,115.73,87.71,24.2,Renter,False,2,14,2026-06-14 16:28:34.868973,7,97.9
EXP285579,India,L1,WA,AIG,89.05,71.13,20.1,Auto,False,1,14,2026-06-13 16:28:34.868990,10,97.8
EXP938034,India,E2,MI,ICICI Lombard,82.82,54.64,34.0,Health,True,1,13,2026-07-28 16:28:34.869007,8,97.0
EXP191798,India,F1,IL,HDFC ERGO,115.55,86.87,24.8,Auto,True,1,7,2026-07-31 16:28:34.869023,7,97.0
EXP490484,India,L1,CO,Allianz,113.06,79.18,30.0,Auto,True,1,11,2026-07-11 16:28:34.869039,9,98.8
EXP182554,India,E2,CO,HDFC ERGO,149.84,104.06,30.5,Auto,True,1,8,2026-08-19 16:28:34.869056,9,97.3
EXP906289,India,H1B,GA,CHUBB,95.9,68.63,28.4,Auto,True,3,7,2026-08-11 16:28:34.869072,7,98.1
EXP853443,India,L1,MI,ICICI Lombard,77.66,56.38,27.4,Renter,True,1,9,2026-08-24 16:28:34.869089,8,98.1
EXP944176,India,L1,NY,AIG,80.43,61.99,22.9,Renter,True,3,12,2026-07-23 16:28:34.869105,9,99.3
EXP128984,India,H1B,NC,IMG Global,123.93,82.36,33.5,Health,False,3,10,2026-06-26 16:28:34.869122,10,98.5
EXP532633,India,E2,WA,CHUBB,106.53,77.84,26.9,Renter,True,3,13,2026-06-30 16:28:34.869138,7,99.3
EXP805642,India,H1B,CA,ICICI Lombard,86.19,56.73,34.2,Renter,True,2,8,2026-08-26 16:28:34.869155,10,99.2
EXP932366,India,H1B,CO,AIG,106.19,79.63,25.0,Renter,False,3,7,2026-08-01 16:28:34.869172,10,98.2
EXP780922,India,F1,IL,CHUBB,143.45,99.42,30.7,Auto+Health,True,1,7,2026-07-14 16:28:34.869189,9,98.2
EXP751894,India,B1,MA,IMG Global,147.35,109.13,25.9,Health,True,1,7,2026-08-27 16:28:34.869205,8,98.6
EXP855096,India,H1B,MA,CHUBB,95.71,75.87,20.7,Renter,True,2,7,2026-07-19 16:28:34.869222,8,98.4
EXP128802,India,H1B,NY,IMG Global,139.5,100.2,28.2,Renter,True,1,14,2026-06-12 16:28:34.869239,7,99.0
EXP870972,India,F1,WA,AIG,84.03,66.83,20.5,Renter,True,3,9,2026-08-13 16:28:34.869256,10,99.1
EXP962111,India,L1,WA,ICICI Lombard,117.49,77.35,34.2,Auto,False,1,14,2026-06-23 16:28:34.869272,9,97.1
EXP302519,India,E2,CO,Allianz,119.14,81.01,32.0,Auto+Health,True,3,10,2026-06-06 16:28:34.869289,7,98.9
EXP723999,India,L1,MA,AIG,86.18,63.26,26.6,Health,True,3,7,2026-06-22 16:28:34.869306,7,97.2
EXP461394,India,H1B,IL,Allianz,99.66,74.46,25.3,Health,True,2,8,2026-06-29 16:28:34.869322,10,97.9
EXP128889,India,H1B,IL,IMG Global,94.52,69.53,26.4,Health,True,3,8,2026-08-13 16:28:34.869339,10,99.4
EXP770653,India,F1,IL,AIG,103.08,79.34,23.0,Auto,True,2,7,2026-06-01 16:28:34.869356,9,97.2
EXP431163,India,E2,WA,IMG Global,113.07,85.67,24.2,Auto+Health,True,2,12,2026-08-26 16:28:34.869373,8,98.8
EXP410659,India,E2,TX,Allianz,80.47,57.18,28.9,Auto,True,2,8,2026-07-10 16:28:34.869389,10,97.9
EXP292168,India,E2,CA,IMG Global,88.87,60.02,32.5,Auto,False,3,14,2026-07-22 16:28:34.869406,10,98.9
EXP531396,India,L1,MA,AIG,119.08,77.62,34.8,Auto+Health,True,2,8,2026-07-23 16:28:34.869422,9,97.9
EXP789871,India,B1,MA,ICICI Lombard,128.1,91.59,28.5,Health,True,1,10,2026-06-05 16:28:34.869438,9,98.3
EXP162298,India,H1B,CA,AIG,95.51,75.53,20.9,Auto+Health,True,3,7,2026-08-25 16:28:34.869455,10,99.1
EXP886059,India,E2,CO,HDFC ERGO,103.45,77.06,25.5,Health,True,1,12,2026-08-15 16:28:34.869471,7,97.7
EXP852776,India,B1,WA,IMG Global,100.86,68.57,32.0,Auto,True,1,13,2026-07-08 16:28:34.869488,8,98.7
EXP871674,India,E2,WA,ICICI Lombard,146.05,106.87,26.8,Auto,True,1,11,2026-07-26 16:28:34.869506,8,99.4
EXP294319,India,B1,TX,IMG Global,121.03,80.95,33.1,Auto+Health,True,1,8,2026-06-04 16:28:34.869523,7,97.8
EXP376408,India,E2,NY,Allianz,99.25,65.11,34.4,Auto+Health,True,1,11,2026-06-05 16:28:34.869540,8,98.5
EXP243305,India,E2,NC,IMG Global,103.17,77.83,24.6,Auto,True,3,11,2026-08-09 16:28:34.869558,10,97.6
EXP590923,India,H1B,CA,AIG,98.71,78.32,20.7,Health,True,3,7,2026-06-19 16:28:34.869575,8,98.9
EXP783227,India,F1,MI,CHUBB,94.31,64.01,32.1,Auto,True,2,10,2026-06-11 16:28:34.869591,7,98.9
EXP295663,India,L1,NC,IMG Global,89.1,70.29,21.1,Health,True,2,7,2026-06-20 16:28:34.869608,9,98.8
EXP478434,India,F1,TX,Allianz,84.24,62.48,25.8,Auto,True,3,14,2026-06-21 16:28:34.869624,10,97.1
EXP998552,India,E2,NC,ICICI Lombard,93.29,64.62,30.7,Health,False,2,9,2026-07-13 16:28:34.869641,9,97.8
EXP413551,India,B1,MI,Allianz,111.47,83.27,25.3,Auto,True,3,10,2026-08-03 16:28:34.869658,10,98.9
EXP730742,India,B1,CO,ICICI Lombard,98.36,67.9,31.0,Health,False,1,9,2026-06-30 16:28:34.869675,8,97.8
EXP290739,India,L1,FL,AIG,143.36,113.55,20.8,Auto,True,2,7,2026-08-11 16:28:34.869691,8,98.3
EXP613274,India,F1,CA,AIG,98.41,65.14,33.8,Health,True,3,9,2026-08-18 16:28:34.869708,10,97.5
EXP731373,India,H1B,PA,Allianz,97.58,68.71,29.6,Auto,False,3,8,2026-05-31 16:28:34.869725,9,98.6
EXP170092,India,B1,FL,AIG,131.74,88.99,32.5,Renter,True,1,13,2026-06-29 16:28:34.869742,9,98.4
EXP217490,India,L1,PA,ICICI Lombard,122.73,83.67,31.8,Health,True,2,9,2026-08-04 16:28:34.869759,9,99.1
EXP556809,India,B1,TX,HDFC ERGO,126.31,93.47,26.0,Auto,True,2,14,2026-06-18 16:28:34.869775,7,99.2
EXP566522,India,L1,MI,CHUBB,122.16,82.22,32.7,Auto+Health,False,1,8,2026-07-04 16:28:34.869792,9,99.2
EXP749683,India,F1,NY,CHUBB,140.19,104.79,25.3,Auto,True,1,14,2026-07-18 16:28:34.869808,10,98.3
EXP652774,India,B1,CO,ICICI Lombard,76.44,53.5,30.0,Renter,True,1,13,2026-06-15 16:28:34.869825,8,98.4
EXP991521,India,L1,TX,IMG Global,130.96,86.45,34.0,Auto+Health,False,3,7,2026-07-20 16:28:34.869841,10,98.9
EXP984286,India,B1,CA,HDFC ERGO,122.4,96.09,21.5,Renter,True,1,10,2026-07-21 16:28:34.869857,8,99.3
EXP461869,India,B1,TX,CHUBB,82.52,58.86,28.7,Health,True,3,8,2026-07-01 16:28:34.869873,10,99.3
EXP463946,India,F1,CO,IMG Global,102.76,75.75,26.3,Auto,False,2,13,2026-07-14 16:28:34.869890,8,97.1
EXP877854,India,H1B,IL,Allianz,145.92,108.17,25.9,Auto+Health,True,1,13,2026-07-11 16:28:34.869907,7,99.1
EXP919435,India,E2,WA,IMG Global,121.29,85.75,29.3,Health,False,2,8,2026-07-02 16:28:34.869923,9,97.1
EXP511122,India,E2,MI,AIG,108.67,81.06,25.4,Auto,False,2,13,2026-07-20 16:28:34.869940,9,98.3
EXP960755,India,F1,NY,ICICI Lombard,80.36,59.84,25.5,Auto,True,3,11,2026-07-19 16:28:34.869958,8,98.7
EXP228683,India,F1,FL,IMG Global,116.36,77.72,33.2,Renter,True,3,10,2026-06-16 16:28:34.869975,9,98.9
EXP547982,India,B1,NY,AIG,98.89,76.71,22.4,Health,True,1,12,2026-08-22 16:28:34.869991,7,98.4
EXP907250,India,B1,CO,IMG Global,78.25,51.38,34.3,Renter,False,1,10,2026-07-23 16:28:34.870008,8,99.1
EXP390709,India,H1B,CA,IMG Global,131.24,92.39,29.6,Health,False,3,14,2026-08-08 16:28:34.870024,7,98.3
EXP602479,India,E2,FL,AIG,82.14,57.15,30.4,Auto+Health,True,2,12,2026-07-18 16:28:34.870040,9,97.5
EXP751539,India,F1,TX,HDFC ERGO,90.85,60.47,33.4,Auto+Health,False,2,9,2026-08-26 16:28:34.870057,7,98.6
EXP685481,India,L1,WA,HDFC ERGO,97.76,68.81,29.6,Auto,False,2,7,2026-07-08 16:28:34.870074,10,97.7
EXP812276,India,F1,NY,HDFC ERGO,132.24,99.81,24.5,Renter,True,1,12,2026-07-21 16:28:34.870090,9,98.8
EXP124016,India,B1,PA,ICICI Lombard,142.04,107.26,24.5,Health,False,2,7,2026-06-09 16:28:34.870107,8,98.9
EXP781059,India,H1B,GA,AIG,128.14,97.45,23.9,Renter,True,3,10,2026-05-31 16:28:34.870123,10,99.5
EXP350474,India,F1,NC,ICICI Lombard,134.5,97.8,27.3,Auto,True,1,7,2026-07-02 16:28:34.870139,10,97.9
EXP260860,India,H1B,MI,IMG Global,103.17,80.07,22.4,Auto+Health,True,1,7,2026-05-31 16:28:34.870155,9,97.7
EXP106224,India,H1B,FL,ICICI Lombard,131.7,99.22,24.7,Auto+Health,True,2,11,2026-07-29 16:28:34.870173,9,99.2
EXP206437,India,F1,NY,IMG Global,128.45,92.32,28.1,Health,True,3,11,2026-06-05 16:28:34.870190,10,98.1
EXP584900,India,L1,GA,HDFC ERGO,84.2,54.98,34.7,Renter,True,3,10,2026-06-30 16:28:34.870207,8,97.9
EXP686315,India,H1B,IL,Allianz,99.91,73.88,26.1,Auto,True,1,14,2026-07-17 16:28:34.870223,7,97.1
EXP170492,India,F1,IL,ICICI Lombard,142.25,111.63,21.5,Auto,True,2,13,2026-08-22 16:28:34.870240,10,99.1
EXP740811,India,H1B,TX,ICICI Lombard,144.1,99.9,30.7,Renter,True,2,10,2026-08-11 16:28:34.870256,10,98.1
EXP346289,India,L1,TX,CHUBB,133.72,105.66,21.0,Auto,True,2,13,2026-06-02 16:28:34.870273,8,99.1
EXP169893,India,F1,FL,ICICI Lombard,78.18,51.66,33.9,Health,False,2,10,2026-05-30 16:28:34.870289,7,97.3
EXP809229,India,L1,MA,IMG Global,84.57,61.31,27.5,Auto+Health,True,3,9,2026-06-08 16:28:34.870305,7,97.3
EXP209120,India,B1,NY,Allianz,105.11,76.93,26.8,Auto+Health,True,1,7,2026-08-22 16:28:34.870322,9,99.1
EXP885837,India,E2,WA,Allianz,97.09,76.79,20.9,Renter,False,1,14,2026-08-13 16:28:34.870339,7,97.9
EXP130247,India,E2,FL,HDFC ERGO,129.3,85.29,34.0,Auto+Health,False,3,7,2026-08-16 16:28:34.870355,9,99.1
EXP887545,India,B1,MA,ICICI Lombard,119.99,92.92,22.6,Renter,True,3,7,2026-06-08 16:28:34.870371,9,97.5
EXP460150,India,E2,CO,AIG,85.9,57.95,32.5,Auto,True,1,10,2026-07-28 16:28:34.870389,10,97.4
EXP143256,India,F1,IL,CHUBB,78.21,60.52,22.6,Auto+Health,True,3,14,2026-08-21 16:28:34.870406,9,97.3
EXP228418,India,L1,NC,IMG Global,100.92,66.82,33.8,Renter,True,1,9,2026-07-10 16:28:34.870422,7,98.9
EXP457067,India,L1,MA,ICICI Lombard,80.05,53.68,32.9,Health,True,2,14,2026-08-25 16:28:34.870439,8,99.4
EXP669142,India,L1,IL,Allianz,128.91,96.74,25.0,Auto,True,1,9,2026-06-07 16:28:34.870455,9,98.4
EXP953704,India,L1,CA,AIG,136.31,108.46,20.4,Auto+Health,False,3,9,2026-07-28 16:28:34.870472,7,98.9
EXP627292,India,L1,FL,Allianz,106.8,76.28,28.6,Auto+Health,False,3,8,2026-07-08 16:28:34.870489,9,97.4
EXP123839,India,E2,CA,AIG,113.67,82.22,27.7,Auto+Health,True,3,7,2026-06-05 16:28:34.870505,7,98.3
EXP255638,India,H1B,NC,AIG,132.15,94.43,28.5,Auto+Health,True,3,14,2026-08-16 16:28:34.870522,8,97.6
EXP733361,India,E2,CA,ICICI Lombard,137.21,94.66,31.0,Health,False,3,10,2026-06-17 16:28:34.870539,9,99.3
EXP213040,India,F1,IL,CHUBB,115.72,80.74,30.2,Auto+Health,True,1,11,2026-07-01 16:28:34.870555,10,97.4
EXP910643,India,E2,CA,ICICI Lombard,117.84,86.31,26.8,Renter,False,1,12,2026-07-22 16:28:34.870572,9,98.9
EXP701066,India,E2,NY,Allianz,93.16,70.62,24.2,Health,False,3,7,2026-06-08 16:28:34.870588,10,99.0
EXP534367,India,B1,TX,AIG,102.13,72.86,28.7,Auto+Health,False,3,8,2026-07-03 16:28:34.870605,8,98.8
EXP218238,India,B1,CO,HDFC ERGO,107.0,71.47,33.2,Health,True,2,9,2026-07-06 16:28:34.870621,9,99.2
EXP195543,India,L1,GA,HDFC ERGO,125.8,93.68,25.5,Auto,True,1,13,2026-07-30 16:28:34.870639,9,98.0
EXP734019,India,B1,PA,AIG,116.12,83.48,28.1,Renter,False,2,13,2026-07-16 16:28:34.870656,8,97.0
EXP500520,India,E2,MA,IMG Global,103.69,69.06,33.4,Renter,False,2,13,2026-08-12 16:28:34.870673,10,98.3
EXP219071,India,F1,GA,CHUBB,127.26,86.21,32.3,Health,False,1,12,2026-06-12 16:28:34.870690,9,97.1
EXP889465,India,E2,NY,Allianz,123.64,92.21,25.4,Auto,True,2,13,2026-07-09 16:28:34.870707,9,97.3
EXP890628,India,H1B,CA,CHUBB,119.73,84.68,29.3,Auto+Health,True,2,10,2026-06-16 16:28:34.870723,9,98.4
EXP374517,India,L1,FL,Allianz,144.6,108.73,24.8,Auto+Health,True,1,9,2026-08-25 16:28:34.870740,9,98.8
EXP493438,India,H1B,CA,IMG Global,113.79,77.22,32.1,Health,True,2,14,2026-06-11 16:28:34.870756,9,97.5
EXP426037,India,F1,FL,ICICI Lombard,129.28,91.13,29.5,Auto+Health,True,2,10,2026-07-12 16:28:34.870773,10,98.8
EXP733169,India,E2,NY,AIG,107.09,79.77,25.5,Auto+Health,True,3,10,2026-06-27 16:28:34.870789,7,97.1
EXP654958,India,L1,NC,HDFC ERGO,82.11,61.08,25.6,Renter,True,3,7,2026-08-04 16:28:34.870805,9,98.3
EXP407819,India,B1,TX,ICICI Lombard,144.72,109.58,24.3,Health,True,3,8,2026-08-12 16:28:34.870822,10,97.0
EXP142790,India,H1B,NY,CHUBB,120.06,84.68,29.5,Auto,True,2,9,2026-08-14 16:28:34.870840,10,98.3
EXP472151,India,H1B,NY,ICICI Lombard,77.05,55.44,28.1,Auto,True,2,9,2026-07-19 16:28:34.870856,7,99.5
EXP949225,India,H1B,TX,CHUBB,81.45,62.52,23.2,Health,False,2,14,2026-07-05 16:28:34.870873,9,97.7
EXP218590,India,F1,NC,CHUBB,114.35,89.23,22.0,Health,True,3,9,2026-06-03 16:28:34.870889,8,97.2
EXP507325,India,E2,IL,HDFC ERGO,135.31,98.7,27.1,Auto+Health,True,3,14,2026-07-23 16:28:34.870906,7,97.1
EXP896875,India,F1,NY,IMG Global,146.71,100.63,31.4,Auto,True,3,7,2026-08-01 16:28:34.870922,8,98.4
EXP497720,India,H1B,NY,CHUBB,99.97,73.95,26.0,Auto,True,2,10,2026-05-30 16:28:34.870939,10,99.1
EXP465873,India,L1,MI,AIG,91.85,59.77,34.9,Auto,True,2,10,2026-08-15 16:28:34.870955,7,99.2
EXP250591,India,B1,TX,IMG Global,107.75,70.17,34.9,Auto+Health,True,1,11,2026-07-08 16:28:34.870972,10,98.8
EXP842988,India,H1B,PA,AIG,107.04,70.05,34.6,Health,False,2,12,2026-06-24 16:28:34.870988,7,97.4
EXP957511,India,E2,CA,IMG Global,128.23,87.04,32.1,Renter,True,2,9,2026-06-27 16:28:34.871005,9,97.3
EXP489496,India,E2,IL,HDFC ERGO,103.29,81.45,21.1,Renter,False,2,14,2026-07-20 16:28:34.871021,10,98.7
EXP857219,India,B1,NY,IMG Global,114.29,80.83,29.3,Renter,True,1,8,2026-08-16 16:28:34.871037,7,99.4
EXP292602,India,H1B,TX,CHUBB,79.17,51.7,34.7,Health,False,3,9,2026-08-05 16:28:34.871054,10,97.9
EXP622822,India,B1,WA,HDFC ERGO,129.63,88.96,31.4,Health,True,1,7,2026-06-29 16:28:34.871070,10,97.1
EXP103723,India,F1,MI,IMG Global,96.51,66.82,30.8,Auto,True,1,7,2026-08-20 16:28:34.871087,7,97.1
EXP496945,India,B1,NY,ICICI Lombard,91.3,61.21,33.0,Health,False,3,12,2026-08-14 16:28:34.871103,10,98.8
EXP326326,India,B1,MI,HDFC ERGO,145.5,110.82,23.8,Auto+Health,True,1,13,2026-06-06 16:28:34.871120,7,97.7
EXP973375,India,L1,CA,AIG,149.99,102.93,31.4,Auto,True,3,9,2026-07-21 16:28:34.871136,7,98.2
EXP227784,India,B1,NC,Allianz,131.28,102.4,22.0,Auto+Health,True,3,14,2026-07-15 16:28:34.871153,10,97.6
EXP947317,India,H1B,GA,IMG Global,93.78,70.97,24.3,Auto,False,3,13,2026-08-05 16:28:34.871170,10,99.1
EXP965758,India,F1,PA,HDFC ERGO,114.56,82.0,28.4,Auto+Health,False,2,14,2026-08-03 16:28:34.871186,8,99.3
EXP970405,India,F1,WA,CHUBB,123.56,87.81,28.9,Auto+Health,False,2,7,2026-08-07 16:28:34.871203,9,97.2
EXP423649,India,E2,CO,AIG,117.21,90.15,23.1,Health,True,1,13,2026-07-04 16:28:34.871219,7,99.3
EXP694398,India,H1B,FL,IMG Global,77.42,56.46,27.1,Auto,True,3,14,2026-06-01 16:28:34.871236,7,99.3
EXP600568,India,B1,NC,Allianz,138.89,91.42,34.2,Auto,True,3,11,2026-08-27 16:28:34.871252,10,97.4
EXP183127,India,H1B,FL,ICICI Lombard,96.98,76.46,21.2,Renter,True,2,12,2026-05-29 16:28:34.871268,10,99.3
EXP665987,India,L1,NY,Allianz,124.78,93.58,25.0,Health,True,2,14,2026-08-23 16:28:34.871285,10,99.0
EXP928036,India,F1,FL,ICICI Lombard,110.07,79.66,27.6,Renter,True,2,11,2026-08-15 16:28:34.871302,7,97.4
EXP813711,India,E2,NC,CHUBB,135.94,94.02,30.8,Auto,True,1,14,2026-08-12 16:28:34.871319,9,99.0
EXP141934,India,B1,MA,HDFC ERGO,98.29,72.35,26.4,Renter,True,2,14,2026-08-15 16:28:34.871335,10,99.2
EXP810519,India,B1,MA,HDFC ERGO,107.1,74.55,30.4,Auto,False,3,14,2026-07-15 16:28:34.871352,10,99.4
EXP857498,India,L1,FL,IMG Global,117.77,92.93,21.1,Auto,False,3,12,2026-08-11 16:28:34.871369,7,99.2
EXP455753,India,E2,TX,ICICI Lombard,122.67,87.89,28.4,Health,False,3,14,2026-08-21 16:28:34.871386,9,99.4
EXP876813,India,H1B,PA,HDFC ERGO,78.51,56.77,27.7,Renter,True,3,9,2026-07-22 16:28:34.871402,10,99.0
EXP322013,India,H1B,CO,HDFC ERGO,122.85,84.31,31.4,Health,True,1,12,2026-07-13 16:28:34.871419,7,98.5
EXP562113,India,B1,PA,HDFC ERGO,144.51,99.38,31.2,Renter,True,3,8,2026-06-19 16:28:34.871435,8,99.4
EXP291998,India,H1B,TX,ICICI Lombard,118.95,93.52,21.4,Auto,False,1,13,2026-06-19 16:28:34.871451,9,98.0
EXP832132,India,H1B,MA,Allianz,78.22,60.07,23.2,Renter,True,2,7,2026-08-09 16:28:34.871468,9,97.0
EXP274616,India,L1,GA,CHUBB,140.27,99.14,29.3,Renter,True,1,7,2026-07-10 16:28:34.871484,8,98.9
EXP693321,India,H1B,TX,ICICI Lombard,80.03,62.4,22.0,Renter,True,3,8,2026-06-04 16:28:34.871502,8,99.3
EXP374709,India,F1,WA,Allianz,123.89,95.94,22.6,Renter,True,2,10,2026-05-30 16:28:34.871518,10,98.0
EXP944950,India,F1,NY,CHUBB,138.4,102.47,26.0,Auto+Health,True,3,14,2026-06-17 16:28:34.871535,9,99.4
EXP900251,India,F1,TX,CHUBB,119.12,92.49,22.4,Auto,True,2,14,2026-06-08 16:28:34.871552,10,98.8
EXP682519,India,F1,NY,HDFC ERGO,83.66,59.13,29.3,Health,True,1,12,2026-06-17 16:28:34.871568,10,99.0
EXP687068,India,E2,CO,HDFC ERGO,99.95,71.43,28.5,Auto+Health,True,1,14,2026-08-01 16:28:34.871589,9,97.4
EXP920622,India,E2,IL,CHUBB,81.38,54.67,32.8,Health,True,2,7,2026-08-19 16:28:34.871605,8,99.3
EXP381515,India,F1,CA,HDFC ERGO,99.94,76.68,23.3,Auto,True,3,14,2026-06-17 16:28:34.871622,9,97.4
EXP427630,India,E2,TX,IMG Global,91.19,72.54,20.4,Auto+Health,True,3,12,2026-07-31 16:28:34.871638,7,97.9
EXP499382,India,F1,CO,IMG Global,103.65,70.77,31.7,Auto+Health,True,1,14,2026-08-01 16:28:34.871655,10,97.8
EXP287110,India,E2,WA,CHUBB,127.1,91.18,28.3,Health,True,2,9,2026-08-25 16:28:34.871671,8,98.0
EXP779896,India,L1,WA,Allianz,101.58,76.2,25.0,Auto,True,3,11,2026-08-27 16:28:34.871688,10,98.8
EXP501759,India,B1,MA,IMG Global,138.66,98.19,29.2,Health,True,1,12,2026-06-27 16:28:34.871704,8,97.7
EXP532910,India,E2,WA,Allianz,113.29,85.1,24.9,Auto+Health,True,2,12,2026-08-11 16:28:34.871721,7,97.4
EXP271118,India,B1,IL,IMG Global,99.54,79.61,20.0,Auto+Health,True,1,7,2026-08-25 16:28:34.871737,9,99.3
EXP677690,India,F1,PA,HDFC ERGO,99.84,69.09,30.8,Health,False,1,12,2026-08-18 16:28:34.871754,8,99.1
EXP764799,India,B1,GA,CHUBB,118.1,84.01,28.9,Renter,False,3,8,2026-08-20 16:28:34.871770,7,98.1
EXP855117,India,F1,MI,ICICI Lombard,138.89,95.81,31.0,Health,True,3,10,2026-06-24 16:28:34.871787,9,98.0
EXP657017,India,F1,CA,HDFC ERGO,144.5,102.25,29.2,Auto+Health,False,3,13,2026-08-16 16:28:34.871804,7,97.4
EXP713675,India,H1B,CA,HDFC ERGO,130.64,96.06,26.5,Renter,True,3,14,2026-05-29 16:28:34.871820,7,99.0
EXP437570,India,B1,WA,IMG Global,134.75,94.13,30.1,Auto,True,3,12,2026-07-09 16:28:34.871843,8,98.0
EXP984825,India,B1,MA,ICICI Lombard,149.07,100.74,32.4,Renter,False,3,8,2026-08-07 16:28:34.871865,8,97.3
EXP979022,India,B1,MA,Allianz,136.57,100.4,26.5,Auto+Health,False,3,11,2026-06-20 16:28:34.871885,8,97.4
EXP606504,India,L1,MA,IMG Global,79.82,58.25,27.0,Health,False,3,10,2026-08-15 16:28:34.871901,9,99.2
EXP982180,India,E2,NC,HDFC ERGO,131.47,89.13,32.2,Auto,True,3,9,2026-07-09 16:28:34.871921,9,97.4
EXP940390,India,L1,MA,AIG,96.18,71.91,25.2,Auto,True,2,10,2026-06-16 16:28:34.871943,8,99.1
EXP987317,India,H1B,NC,Allianz,117.42,82.45,29.8,Auto+Health,True,1,9,2026-06-26 16:28:34.871962,9,98.0
EXP602160,India,E2,NC,ICICI Lombard,149.48,106.36,28.8,Auto+Health,False,2,11,2026-06-14 16:28:34.871981,10,99.1
EXP363372,India,B1,IL,HDFC ERGO,141.31,111.98,20.8,Auto,True,3,14,2026-06-01 16:28:34.872001,10,99.5
EXP489034,India,E2,MA,CHUBB,83.84,64.86,22.6,Auto,True,3,14,2026-06-15 16:28:34.872024,9,97.9
EXP764163,India,B1,CA,CHUBB,137.51,107.94,21.5,Renter,True,2,12,2026-07-16 16:28:34.872045,9,97.8
EXP946197,India,F1,CO,IMG Global,95.83,69.68,27.3,Health,True,2,10,2026-07-20 16:28:34.872067,7,97.2
EXP163110,India,E2,MA,HDFC ERGO,97.0,75.32,22.4,Auto,True,3,12,2026-08-02 16:28:34.872091,9,98.3
EXP881323,India,B1,CA,IMG Global,96.72,75.47,22.0,Health,True,1,9,2026-08-04 16:28:34.872114,7,98.6
EXP489052,India,L1,IL,ICICI Lombard,116.47,90.27,22.5,Auto,False,2,13,2026-07-01 16:28:34.872130,7,98.7
EXP413901,India,F1,CO,AIG,85.99,60.35,29.8,Auto,True,3,13,2026-06-12 16:28:34.872147,10,98.0
EXP607351,India,B1,IL,IMG Global,116.31,78.49,32.5,Auto+Health,True,2,12,2026-06-12 16:28:34.872163,7,98.5
EXP541490,India,F1,FL,HDFC ERGO,109.83,78.49,28.5,Auto,True,3,7,2026-07-04 16:28:34.872180,10,97.1
EXP602213,India,F1,MI,AIG,128.39,94.64,26.3,Health,True,1,12,2026-07-03 16:28:34.872196,9,99.3
EXP874496,India,B1,MI,ICICI Lombard,114.65,76.05,33.7,Auto+Health,True,3,13,2026-06-15 16:28:34.872213,7,97.8
EXP941355,India,L1,WA,AIG,109.85,84.19,23.4,Health,False,1,8,2026-07-20 16:28:34.872231,10,99.1
EXP218938,India,H1B,NC,CHUBB,130.67,98.22,24.8,Auto+Health,True,1,9,2026-07-12 16:28:34.872247,7,98.3
EXP850031,India,H1B,NY,IMG Global,147.36,114.02,22.6,Renter,True,2,13,2026-08-06 16:28:34.872267,7,98.9
EXP270698,India,L1,CO,HDFC ERGO,105.53,75.13,28.8,Auto,False,3,14,2026-07-10 16:28:34.872283,9,97.4
EXP369625,India,F1,NY,AIG,115.14,87.82,23.7,Renter,True,3,7,2026-06-17 16:28:34.872300,9,98.5
EXP338165,India,F1,NC,ICICI Lombard,146.83,113.94,22.4,Renter,True,3,9,2026-08-12 16:28:34.872317,8,98.7
EXP260766,India,E2,IL,IMG Global,86.65,59.89,30.9,Auto,True,2,12,2026-07-15 16:28:34.872333,7,99.3
EXP477979,India,F1,CA,Allianz,95.16,72.14,24.2,Renter,True,3,11,2026-07-05 16:28:34.872356,9,98.8
EXP122041,India,B1,MA,HDFC ERGO,136.72,100.65,26.4,Auto+Health,True,1,8,2026-07-14 16:28:34.872377,7,98.3
EXP753859,India,F1,TX,CHUBB,120.55,91.07,24.5,Auto,False,1,9,2026-06-26 16:28:34.872395,8,98.2
EXP167393,India,E2,IL,ICICI Lombard,94.64,73.84,22.0,Auto+Health,True,1,12,2026-06-16 16:28:34.872413,8,99.2
EXP451248,India,F1,TX,Allianz,111.36,86.52,22.3,Renter,True,3,11,2026-08-04 16:28:34.872430,9,98.8
EXP685448,India,F1,CO,IMG Global,114.0,80.3,29.6,Auto,False,3,13,2026-07-23 16:28:34.872446,7,99.4
EXP700437,India,B1,PA,ICICI Lombard,137.08,103.97,24.2,Auto,True,1,10,2026-06-19 16:28:34.872464,8,98.5
EXP620812,India,B1,MA,Allianz,123.17,94.16,23.6,Auto,True,1,8,2026-07-17 16:28:34.872483,10,98.9
EXP554576,India,B1,GA,CHUBB,86.56,65.33,24.5,Auto,False,3,11,2026-08-27 16:28:34.872506,8,99.0
EXP483591,India,H1B,CO,Allianz,100.28,79.84,20.4,Auto+Health,True,2,14,2026-06-14 16:28:34.872524,10,98.7
EXP809799,India,H1B,IL,IMG Global,125.86,99.87,20.7,Health,True,3,11,2026-08-09 16:28:34.872543,10,99.3
EXP838297,India,L1,MI,CHUBB,83.05,65.28,21.4,Renter,True,2,8,2026-07-12 16:28:34.872560,7,99.1
EXP765923,India,F1,FL,Allianz,143.28,113.14,21.0,Renter,True,1,14,2026-06-21 16:28:34.872577,9,98.4
EXP506182,India,L1,PA,ICICI Lombard,89.12,57.94,35.0,Auto,False,3,7,2026-05-31 16:28:34.872594,9,99.5
EXP487125,India,H1B,GA,HDFC ERGO,119.74,81.72,31.8,Auto+Health,False,1,9,2026-06-17 16:28:34.872615,7,99.2
EXP190066,India,F1,WA,CHUBB,107.29,71.43,33.4,Renter,False,3,14,2026-08-08 16:28:34.872636,9,99.3
EXP442307,India,B1,TX,AIG,137.04,89.44,34.7,Auto,True,2,9,2026-06-05 16:28:34.872655,7,97.7
EXP495484,India,H1B,MI,IMG Global,132.62,101.32,23.6,Auto+Health,True,1,14,2026-08-25 16:28:34.872672,7,98.2
EXP326630,India,F1,WA,ICICI Lombard,77.67,55.35,28.7,Auto+Health,True,1,11,2026-07-17 16:28:34.872688,7,98.7
EXP558717,India,E2,NY,Allianz,83.2,58.82,29.3,Renter,True,3,13,2026-07-22 16:28:34.872709,7,97.5
EXP401798,India,L1,MI,ICICI Lombard,123.16,87.44,29.0,Health,False,3,9,2026-08-14 16:28:34.872732,8,99.3
EXP713663,India,H1B,MA,AIG,120.07,89.41,25.5,Health,True,2,13,2026-08-08 16:28:34.872753,8,97.6
EXP990679,India,E2,MA,AIG,129.65,98.87,23.7,Auto,True,1,14,2026-07-03 16:28:34.872770,7,99.0
EXP436596,India,F1,MI,ICICI Lombard,99.43,71.95,27.6,Auto,True,3,9,2026-06-01 16:28:34.872793,8,97.9
EXP907235,India,F1,CA,ICICI Lombard,126.19,84.8,32.8,Auto,False,3,13,2026-08-20 16:28:34.872816,9,97.9
EXP514909,India,E2,MA,HDFC ERGO,117.99,91.61,22.4,Renter,True,3,14,2026-08-14 16:28:34.872835,9,98.0
EXP434986,India,H1B,PA,Allianz,133.49,95.05,28.8,Health,True,1,12,2026-08-03 16:28:34.872851,7,98.5
EXP124924,India,H1B,MI,CHUBB,116.71,80.69,30.9,Auto,True,3,10,2026-06-10 16:28:34.872868,9,97.8
EXP137031,India,F1,CO,ICICI Lombard,109.3,74.5,31.8,Health,True,3,9,2026-08-13 16:28:34.872884,10,98.7
EXP966706,India,F1,WA,AIG,145.58,105.36,27.6,Health,True,3,9,2026-06-24 16:28:34.872901,7,97.3
EXP958845,India,H1B,MA,IMG Global,81.24,59.25,27.1,Renter,True,1,11,2026-05-31 16:28:34.872917,7,97.5
EXP414980,India,H1B,TX,AIG,125.67,97.98,22.0,Auto+Health,True,1,14,2026-07-29 16:28:34.872934,10,97.8
EXP145315,India,L1,PA,CHUBB,77.94,52.9,32.1,Health,True,2,7,2026-05-31 16:28:34.872950,7,97.9
EXP358659,India,E2,TX,AIG,88.14,59.16,32.9,Health,False,2,10,2026-07-23 16:28:34.872968,8,98.5
EXP416620,India,B1,NC,ICICI Lombard,77.01,55.31,28.2,Health,True,1,14,2026-07-24 16:28:34.872984,9,98.0
EXP237479,India,B1,NC,ICICI Lombard,131.36,86.4,34.2,Health,True,1,9,2026-06-24 16:28:34.873001,8,97.1
EXP537283,India,B1,GA,CHUBB,98.26,71.44,27.3,Auto+Health,False,2,14,2026-07-28 16:28:34.873017,7,97.4
EXP979968,India,E2,IL,AIG,121.26,93.67,22.7,Health,False,3,7,2026-06-08 16:28:34.873033,8,97.7
EXP604811,India,H1B,MA,ICICI Lombard,136.8,99.86,27.0,Auto+Health,True,2,14,2026-08-06 16:28:34.873050,8,97.1
EXP415301,India,H1B,NY,CHUBB,81.23,64.65,20.4,Auto,True,2,7,2026-07-19 16:28:34.873066,8,99.2
EXP654971,India,L1,TX,IMG Global,111.49,78.01,30.0,Auto+Health,True,3,10,2026-06-22 16:28:34.873082,8,97.3
EXP856992,India,E2,MI,CHUBB,126.09,84.86,32.7,Health,False,3,12,2026-07-22 16:28:34.873098,10,97.2
EXP173301,India,H1B,TX,Allianz,141.97,111.67,21.3,Renter,False,3,11,2026-07-15 16:28:34.873115,9,98.8
EXP946581,India,F1,TX,AIG,108.14,83.24,23.0,Renter,True,2,7,2026-07-14 16:28:34.873131,9,98.9
EXP169703,India,L1,PA,AIG,144.42,115.5,20.0,Health,False,3,7,2026-08-02 16:28:34.873148,8,98.0
EXP198261,India,L1,WA,HDFC ERGO,98.41,78.08,20.7,Auto+Health,True,3,8,2026-07-14 16:28:34.873164,7,98.3
EXP239271,India,F1,CO,Allianz,136.8,100.82,26.3,Auto,True,3,10,2026-07-02 16:28:34.873180,8,97.7
EXP479537,India,B1,IL,ICICI Lombard,84.92,63.43,25.3,Health,True,2,7,2026-06-02 16:28:34.873196,7,98.4
EXP485235,India,L1,FL,CHUBB,121.5,87.56,27.9,Auto+Health,True,3,13,2026-07-22 16:28:34.873213,10,97.7
EXP322950,India,B1,TX,AIG,139.8,106.49,23.8,Health,True,1,8,2026-06-12 16:28:34.873229,7,97.3
EXP205451,India,B1,IL,HDFC ERGO,108.71,78.04,28.2,Health,False,1,11,2026-08-15 16:28:34.873245,7,99.3
EXP751942,India,B1,GA,Allianz,131.33,89.64,31.7,Auto,True,2,13,2026-06-11 16:28:34.873262,10,99.0
EXP814182,India,F1,CA,CHUBB,121.63,97.29,20.0,Health,False,1,13,2026-08-20 16:28:34.873278,10,97.7
EXP908250,India,F1,NY,AIG,111.42,80.04,28.2,Health,False,1,7,2026-06-06 16:28:34.873295,7,98.8
EXP908360,India,H1B,IL,IMG Global,109.13,78.75,27.8,Auto,True,3,11,2026-08-17 16:28:34.873311,7,98.0
EXP241285,India,F1,MA,AIG,94.19,69.92,25.8,Renter,True,1,10,2026-08-19 16:28:34.873327,10,98.2
EXP885095,India,H1B,CA,HDFC ERGO,99.59,73.76,25.9,Health,True,2,11,2026-07-23 16:28:34.873344,8,98.4
EXP974856,India,L1,NY,HDFC ERGO,120.55,93.77,22.2,Auto+Health,True,3,10,2026-08-07 16:28:34.873360,9,98.0
EXP662765,India,B1,NY,CHUBB,143.52,114.1,20.5,Health,True,2,9,2026-06-01 16:28:34.873376,10,98.7
EXP819232,India,L1,MI,AIG,132.05,93.7,29.0,Auto,True,2,12,2026-06-27 16:28:34.873393,7,97.5
EXP227291,India,H1B,MA,Allianz,99.07,75.83,23.5,Auto+Health,True,3,14,2026-07-04 16:28:34.873409,7,97.1
EXP172550,India,L1,TX,Allianz,149.53,106.91,28.5,Health,True,1,10,2026-08-22 16:28:34.873426,8,99.1
EXP387447,India,E2,PA,AIG,145.35,94.54,35.0,Auto,True,2,7,2026-06-12 16:28:34.873442,8,97.3
EXP657291,India,E2,CO,CHUBB,89.67,59.92,33.2,Renter,True,1,8,2026-07-14 16:28:34.873459,10,97.2
EXP697341,India,F1,GA,CHUBB,110.52,79.35,28.2,Renter,True,3,9,2026-06-10 16:28:34.873478,9,98.0
EXP266034,India,F1,IL,AIG,136.79,92.74,32.2,Health,True,1,13,2026-08-06 16:28:34.873500,7,97.9
EXP752970,India,B1,MA,Allianz,89.09,61.98,30.4,Auto,True,1,13,2026-06-29 16:28:34.873523,10,97.3
EXP110490,India,H1B,CO,AIG,111.42,76.41,31.4,Renter,False,1,14,2026-05-31 16:28:34.873545,7,98.6
EXP520027,India,H1B,IL,Allianz,83.17,56.07,32.6,Renter,True,2,14,2026-07-10 16:28:34.873566,7,97.1
EXP392082,India,E2,MI,AIG,110.96,82.09,26.0,Auto+Health,True,1,7,2026-07-13 16:28:34.873588,8,97.8
EXP829772,India,L1,NC,IMG Global,109.68,80.81,26.3,Renter,True,2,9,2026-06-07 16:28:34.873611,9,98.3
EXP909814,India,B1,WA,ICICI Lombard,131.14,90.16,31.2,Renter,False,1,12,2026-08-01 16:28:34.873631,7,98.5
EXP870135,India,F1,MI,IMG Global,126.87,94.85,25.2,Renter,False,3,11,2026-07-23 16:28:34.873654,8,97.8
EXP744428,India,F1,NY,Allianz,111.85,82.46,26.3,Health,True,2,12,2026-06-04 16:28:34.873679,7,98.2
EXP194302,India,F1,IL,AIG,96.14,64.85,32.5,Renter,True,2,10,2026-07-25 16:28:34.873699,7,98.3
EXP315471,India,E2,MA,CHUBB,94.79,66.65,29.7,Renter,True,3,9,2026-06-27 16:28:34.873720,10,98.7
EXP608537,India,L1,WA,AIG,103.6,68.96,33.4,Auto,False,2,12,2026-07-17 16:28:34.873741,8,98.1
EXP486789,India,B1,NC,ICICI Lombard,75.84,54.84,27.7,Auto,True,3,13,2026-06-17 16:28:34.873764,9,99.5
EXP991356,India,L1,MA,ICICI Lombard,131.94,101.93,22.7,Renter,True,2,11,2026-05-29 16:28:34.873784,10,98.8
EXP469996,India,H1B,PA,IMG Global,114.32,90.74,20.6,Auto,True,2,7,2026-08-11 16:28:34.873801,10,97.8
EXP640909,India,L1,FL,ICICI Lombard,91.99,68.15,25.9,Health,True,1,13,2026-08-09 16:28:34.873817,7,98.2
EXP613669,India,L1,TX,Allianz,124.57,94.2,24.4,Renter,True,1,9,2026-08-01 16:28:34.873834,8,99.4
EXP198373,India,H1B,PA,IMG Global,112.82,80.31,28.8,Auto+Health,True,3,12,2026-07-14 16:28:34.873851,10,99.1
EXP836239,India,L1,NY,AIG,103.41,79.72,22.9,Health,False,1,11,2026-08-02 16:28:34.873867,8,99.4
EXP469977,India,B1,MA,IMG Global,96.1,64.57,32.8,Auto+Health,True,3,8,2026-08-14 16:28:34.873884,9,97.3
EXP290094,India,L1,WA,HDFC ERGO,149.04,112.24,24.7,Auto+Health,True,3,8,2026-06-27 16:28:34.873900,7,98.4
EXP546753,India,F1,CO,AIG,132.24,95.12,28.1,Health,True,2,14,2026-07-06 16:28:34.873919,7,98.3
EXP577927,India,E2,MA,ICICI Lombard,122.68,82.64,32.6,Renter,False,2,12,2026-06-27 16:28:34.873984,7,98.2
EXP991214,India,B1,IL,IMG Global,86.52,58.49,32.4,Auto+Health,True,1,9,2026-06-15 16:28:34.874060,9,97.5
EXP773180,India,E2,TX,HDFC ERGO,131.05,99.75,23.9,Auto+Health,True,3,12,2026-08-20 16:28:34.874095,7,97.8
EXP951467,India,H1B,WA,HDFC ERGO,118.59,90.47,23.7,Auto,True,3,7,2026-08-14 16:28:34.874122,9,98.7
EXP798921,India,E2,PA,ICICI Lombard,78.9,59.34,24.8,Auto+Health,True,2,14,2026-06-11 16:28:34.874145,8,99.1
EXP375106,India,L1,GA,ICICI Lombard,84.36,58.08,31.1,Renter,True,3,13,2026-07-28 16:28:34.874166,9,97.7
EXP825642,India,E2,WA,HDFC ERGO,137.1,92.78,32.3,Renter,True,2,11,2026-06-27 16:28:34.874187,9,98.8
EXP691423,India,H1B,GA,IMG Global,101.29,69.76,31.1,Health,False,1,7,2026-06-01 16:28:34.874207,8,99.5
EXP645532,India,F1,CA,AIG,80.71,58.93,27.0,Renter,True,3,13,2026-06-04 16:28:34.874230,9,97.1
EXP256667,India,F1,WA,IMG Global,102.46,70.41,31.3,Auto,True,1,13,2026-08-19 16:28:34.874250,9,98.0
EXP455553,India,B1,MI,IMG Global,118.8,86.36,27.3,Renter,True,1,8,2026-06-10 16:28:34.874329,8,99.1
EXP889303,India,B1,IL,AIG,125.91,83.82,33.4,Renter,True,3,12,2026-07-13 16:28:34.874403,8,97.7
EXP439935,India,H1B,FL,IMG Global,114.9,85.13,25.9,Health,True,1,10,2026-06-19 16:28:34.874454,7,97.1
EXP783615,India,H1B,CO,IMG Global,79.09,58.58,25.9,Auto+Health,True,3,12,2026-08-19 16:28:34.874509,8,98.1
EXP312269,India,B1,MI,HDFC ERGO,76.68,55.11,28.1,Auto,True,3,11,2026-06-08 16:28:34.874542,9,97.2
EXP754325,India,L1,WA,AIG,109.62,76.77,30.0,Auto,False,3,14,2026-08-23 16:28:34.874565,10,98.4
EXP670022,India,H1B,NY,Allianz,113.31,75.15,33.7,Renter,False,2,14,2026-08-23 16:28:34.874586,8,97.3
EXP521564,India,L1,CO,IMG Global,95.3,71.41,25.1,Health,True,3,13,2026-06-20 16:28:34.874605,10,99.4
EXP951676,India,H1B,PA,HDFC ERGO,110.68,74.55,32.6,Auto+Health,True,1,11,2026-07-27 16:28:34.874623,7,97.7
EXP748000,India,F1,MA,CHUBB,77.57,57.06,26.4,Renter,True,1,14,2026-06-19 16:28:34.874655,9,97.6
EXP440989,India,H1B,IL,CHUBB,137.39,90.43,34.2,Auto,True,2,12,2026-06-27 16:28:34.874674,10,97.2
EXP554842,India,H1B,MI,CHUBB,79.75,59.8,25.0,Renter,True,2,13,2026-08-15 16:28:34.874694,10,98.2
EXP390700,India,H1B,PA,Allianz,94.96,74.73,21.3,Auto,True,3,12,2026-08-02 16:28:34.874712,7,98.0
EXP809686,India,F1,GA,AIG,116.98,80.28,31.4,Auto+Health,True,3,7,2026-07-14 16:28:34.874731,10,98.4
EXP269678,India,B1,GA,AIG,94.89,63.66,32.9,Auto,True,1,7,2026-08-18 16:28:34.874750,9,99.2
EXP755429,India,L1,GA,ICICI Lombard,82.51,58.38,29.2,Auto+Health,False,2,14,2026-06-24 16:28:34.874769,7,98.8
EXP998931,India,F1,NY,HDFC ERGO,145.99,106.15,27.3,Renter,True,2,8,2026-06-21 16:28:34.874790,7,98.9
EXP620658,India,H1B,GA,Allianz,98.66,70.02,29.0,Auto+Health,True,3,10,2026-08-27 16:28:34.874811,9,98.8
EXP357172,India,L1,PA,ICICI Lombard,124.54,82.47,33.8,Auto+Health,True,2,9,2026-08-12 16:28:34.874831,8,98.2
EXP173270,India,L1,TX,Allianz,95.41,64.63,32.3,Health,True,1,13,2026-07-22 16:28:34.874850,8,98.0
EXP443563,India,H1B,MI,IMG Global,99.49,79.42,20.2,Health,True,2,14,2026-06-08 16:28:34.874868,10,98.7
EXP700961,India,E2,NY,HDFC ERGO,96.46,67.05,30.5,Auto,True,2,8,2026-07-29 16:28:34.874889,7,97.3
EXP708588,India,L1,MI,ICICI Lombard,129.96,103.0,20.7,Health,True,3,7,2026-06-22 16:28:34.874908,7,97.1
EXP827935,India,H1B,MA,HDFC ERGO,79.24,57.99,26.8,Auto+Health,True,1,8,2026-07-07 16:28:34.874926,9,98.9
EXP516204,India,L1,NY,AIG,79.45,53.96,32.1,Auto+Health,False,1,10,2026-07-21 16:28:34.874946,7,99.4
EXP464230,India,E2,CA,HDFC ERGO,141.16,99.41,29.6,Renter,False,3,7,2026-05-31 16:28:34.874969,10,99.4
EXP473613,India,H1B,CO,IMG Global,90.08,66.24,26.5,Auto,False,2,10,2026-06-19 16:28:34.874992,7,98.8
EXP853302,India,B1,NY,AIG,143.96,97.79,32.1,Health,True,2,8,2026-07-21 16:28:34.875015,8,98.0
EXP342635,India,L1,TX,ICICI Lombard,75.91,55.48,26.9,Renter,True,1,10,2026-08-18 16:28:34.875031,7,97.8
EXP468785,India,B1,PA,HDFC ERGO,147.13,116.96,20.5,Renter,False,1,10,2026-07-30 16:28:34.875048,7,98.0
EXP810253,India,H1B,CO,IMG Global,82.51,58.83,28.7,Health,True,2,12,2026-06-10 16:28:34.875072,8,99.4
EXP344987,India,F1,MA,IMG Global,98.94,73.01,26.2,Auto+Health,False,3,13,2026-07-03 16:28:34.875092,10,98.3
EXP634099,India,F1,NY,CHUBB,120.1,92.17,23.3,Health,True,3,9,2026-07-10 16:28:34.875110,10,98.8
EXP298851,India,B1,FL,IMG Global,140.09,98.4,29.8,Auto+Health,False,2,8,2026-08-26 16:28:34.875129,9,99.2
EXP869705,India,B1,CO,HDFC ERGO,86.53,67.21,22.3,Health,True,3,11,2026-07-31 16:28:34.875148,7,97.1
EXP528664,India,B1,WA,CHUBB,113.71,90.16,20.7,Health,False,3,10,2026-06-18 16:28:34.875166,7,98.4
EXP211113,India,L1,FL,CHUBB,88.19,59.9,32.1,Auto,False,3,12,2026-08-24 16:28:34.875185,7,97.1
EXP449192,India,F1,MI,HDFC ERGO,106.97,81.27,24.0,Auto+Health,False,1,10,2026-07-17 16:28:34.875203,8,99.2
EXP198123,India,E2,MI,Allianz,88.9,68.9,22.5,Auto,True,2,13,2026-08-26 16:28:34.875222,7,98.9
EXP257224,India,B1,GA,ICICI Lombard,109.03,78.04,28.4,Auto,False,2,7,2026-06-13 16:28:34.875255,8,97.7
EXP477320,India,F1,MI,HDFC ERGO,109.56,85.05,22.4,Health,True,2,12,2026-07-30 16:28:34.875274,10,98.4
EXP779187,India,F1,CA,Allianz,75.07,56.02,25.4,Auto+Health,False,3,14,2026-08-04 16:28:34.875293,10,98.0
EXP908311,India,F1,WA,CHUBB,148.44,116.67,21.4,Renter,True,3,9,2026-06-07 16:28:34.875312,8,97.6
EXP368767,India,F1,GA,HDFC ERGO,134.31,106.81,20.5,Renter,True,3,9,2026-06-16 16:28:34.875330,7,98.9
EXP206815,India,H1B,PA,HDFC ERGO,84.07,64.2,23.6,Auto,False,2,9,2026-07-18 16:28:34.875346,9,97.2
EXP921805,India,F1,NC,IMG Global,107.61,74.75,30.5,Auto+Health,True,2,11,2026-07-12 16:28:34.875362,7,97.6
EXP434641,India,E2,IL,Allianz,146.45,99.33,32.2,Health,True,1,7,2026-06-03 16:28:34.875378,8,97.4
EXP612717,India,E2,NY,AIG,107.04,75.9,29.1,Auto,False,1,7,2026-07-10 16:28:34.875394,9,98.1
EXP316131,India,F1,NC,CHUBB,105.71,71.71,32.2,Auto,True,2,13,2026-07-26 16:28:34.875412,9,97.8
EXP412309,India,E2,WA,Allianz,148.25,108.61,26.7,Auto,True,3,12,2026-07-07 16:28:34.875431,10,97.7
EXP297932,India,B1,TX,ICICI Lombard,95.35,75.73,20.6,Health,True,1,12,2026-08-26 16:28:34.875447,10,97.8
EXP635063,India,B1,NC,IMG Global,136.52,108.74,20.4,Auto+Health,True,2,9,2026-06-21 16:28:34.875463,7,99.4
EXP337646,India,E2,GA,HDFC ERGO,83.48,63.32,24.1,Renter,True,3,13,2026-07-11 16:28:34.875479,7,99.4
EXP849049,India,L1,IL,AIG,90.4,66.45,26.5,Renter,False,1,10,2026-08-19 16:28:34.875495,8,97.6
EXP591264,India,H1B,NC,HDFC ERGO,147.1,101.02,31.3,Renter,True,1,8,2026-07-27 16:28:34.875511,9,98.3
EXP500015,India,B1,MI,Allianz,77.46,59.34,23.4,Auto,True,1,12,2026-06-25 16:28:34.875527,7,99.2
EXP678279,India,B1,MA,HDFC ERGO,77.53,52.65,32.1,Auto+Health,True,2,10,2026-06-02 16:28:34.875545,8,98.2
EXP278921,India,H1B,MA,HDFC ERGO,96.15,65.16,32.2,Renter,True,3,9,2026-06-03 16:28:34.875561,7,98.0
EXP957425,India,L1,MA,CHUBB,79.33,53.89,32.1,Auto+Health,True,3,7,2026-06-17 16:28:34.875577,10,98.4
EXP404139,India,B1,MA,IMG Global,88.2,57.44,34.9,Health,True,1,10,2026-08-26 16:28:34.875593,10,97.7
EXP573615,India,E2,NC,AIG,123.28,96.01,22.1,Renter,True,3,11,2026-06-27 16:28:34.875609,7,97.9
EXP384086,India,E2,FL,CHUBB,101.41,76.77,24.3,Renter,True,3,13,2026-05-31 16:28:34.875625,10,98.7
EXP496050,India,F1,MA,IMG Global,110.17,73.91,32.9,Health,True,3,9,2026-06-11 16:28:34.875641,7,98.3
EXP534393,India,E2,CO,AIG,132.17,93.23,29.5,Renter,True,2,11,2026-06-28 16:28:34.875658,10,98.8
EXP401891,India,E2,CO,HDFC ERGO,86.09,63.55,26.2,Health,True,3,13,2026-07-28 16:28:34.875674,8,98.9
EXP457114,India,L1,FL,IMG Global,95.86,65.3,31.9,Renter,False,3,7,2026-07-28 16:28:34.875690,10,98.3
EXP879760,India,F1,GA,Allianz,84.88,61.01,28.1,Renter,False,1,12,2026-07-06 16:28:34.875708,10,99.2
EXP106547,India,H1B,TX,ICICI Lombard,75.42,56.34,25.3,Health,True,1,10,2026-06-12 16:28:34.875724,9,99.4
EXP408867,India,B1,WA,AIG,82.55,63.3,23.3,Auto+Health,False,1,13,2026-07-10 16:28:34.875740,7,97.3
EXP506099,India,H1B,NY,Allianz,101.91,75.55,25.9,Auto+Health,False,1,14,2026-08-13 16:28:34.875756,9,98.1
EXP433761,India,B1,PA,ICICI Lombard,75.04,59.85,20.2,Health,False,2,7,2026-07-30 16:28:34.875773,9,98.5
EXP725573,India,H1B,NY,AIG,127.16,92.97,26.9,Health,True,1,12,2026-06-18 16:28:34.875789,7,99.5
EXP841894,India,H1B,WA,IMG Global,82.98,61.44,26.0,Auto,True,3,7,2026-08-15 16:28:34.875806,10,99.0
EXP485025,India,B1,NY,ICICI Lombard,86.11,61.97,28.0,Auto,False,2,8,2026-06-16 16:28:34.875823,7,97.4
EXP598687,India,F1,WA,CHUBB,85.09,64.33,24.4,Renter,False,1,12,2026-07-15 16:28:34.875839,9,98.6
EXP510700,India,H1B,IL,Allianz,121.65,84.1,30.9,Renter,False,2,11,2026-07-18 16:28:34.875855,9,99.1
EXP769766,India,L1,NY,CHUBB,134.54,93.29,30.7,Auto,True,2,11,2026-07-31 16:28:34.875871,10,98.5
EXP884399,India,F1,MA,ICICI Lombard,123.76,92.38,25.4,Health,True,1,13,2026-06-30 16:28:34.875887,8,97.3
EXP405294,India,B1,GA,IMG Global,94.57,64.31,32.0,Auto+Health,True,3,9,2026-07-30 16:28:34.875903,9,97.2
EXP591769,India,H1B,PA,Allianz,140.62,106.45,24.3,Health,True,2,7,2026-07-15 16:28:34.875921,8,98.4
EXP411367,India,B1,PA,CHUBB,98.1,77.93,20.6,Auto+Health,False,2,12,2026-06-09 16:28:34.875937,10,99.1
EXP631403,India,F1,MI,CHUBB,115.3,80.93,29.8,Renter,True,3,10,2026-08-12 16:28:34.875953,7,97.2
EXP389348,India,L1,FL,IMG Global,148.18,110.43,25.5,Auto,False,2,7,2026-06-30 16:28:34.875972,9,98.1
EXP825053,India,H1B,IL,CHUBB,86.26,60.27,30.1,Health,True,3,8,2026-06-28 16:28:34.875988,10,98.1
EXP632250,India,F1,MI,CHUBB,137.62,102.98,25.2,Auto+Health,False,2,8,2026-08-18 16:28:34.876004,8,98.3
EXP152908,India,L1,PA,IMG Global,136.98,108.51,20.8,Auto,False,1,13,2026-06-30 16:28:34.876020,7,97.4
EXP735071,India,H1B,MA,ICICI Lombard,133.22,103.33,22.4,Renter,True,2,8,2026-07-20 16:28:34.876037,7,97.7
EXP169007,India,L1,IL,ICICI Lombard,116.28,89.49,23.0,Health,True,3,12,2026-08-05 16:28:34.876053,8,98.6
EXP135174,India,E2,NY,Allianz,102.63,74.32,27.6,Health,True,3,8,2026-07-31 16:28:34.876069,8,98.0
EXP936217,India,L1,CA,Allianz,93.09,65.86,29.3,Auto+Health,False,2,8,2026-08-10 16:28:34.876085,10,99.3
EXP707023,India,F1,CO,ICICI Lombard,127.1,87.69,31.0,Health,True,1,9,2026-07-30 16:28:34.876102,8,97.4
EXP981998,India,H1B,NC,CHUBB,86.93,67.26,22.6,Health,True,1,7,2026-08-24 16:28:34.876118,7,99.5
EXP271380,India,E2,IL,AIG,110.71,82.89,25.1,Auto,True,1,12,2026-08-23 16:28:34.876134,7,98.1
EXP843447,India,L1,MA,AIG,93.86,66.44,29.2,Renter,True,1,13,2026-07-22 16:28:34.876149,8,97.3
EXP106959,India,L1,NY,AIG,106.77,76.84,28.0,Auto+Health,True,2,10,2026-08-10 16:28:34.876166,10,98.3
EXP509011,India,H1B,MI,HDFC ERGO,94.5,71.06,24.8,Renter,True,1,13,2026-07-27 16:28:34.876182,10,98.3
EXP399485,India,B1,NC,CHUBB,108.88,86.84,20.2,Auto+Health,False,2,12,2026-07-28 16:28:34.876200,7,99.4
EXP670684,India,E2,NY,IMG Global,87.59,57.93,33.9,Auto,True,3,12,2026-06-24 16:28:34.876216,10,98.0
EXP572105,India,F1,MA,CHUBB,142.67,99.77,30.1,Renter,True,1,14,2026-07-27 16:28:34.876232,10,97.3
EXP653882,India,H1B,CO,CHUBB,77.86,61.02,21.6,Renter,False,3,8,2026-08-24 16:28:34.876248,10,97.2
EXP860368,India,L1,CA,ICICI Lombard,117.85,87.57,25.7,Auto+Health,True,2,13,2026-06-05 16:28:34.876265,10,97.0
EXP463772,India,B1,NY,CHUBB,127.45,100.61,21.1,Auto,False,1,10,2026-08-06 16:28:34.876280,9,99.1
EXP652058,India,H1B,NY,CHUBB,109.21,73.59,32.6,Renter,True,2,8,2026-06-20 16:28:34.876296,9,98.3
EXP345458,India,E2,FL,Allianz,85.72,63.1,26.4,Renter,True,2,12,2026-08-11 16:28:34.876313,9,98.9
EXP907838,India,L1,CA,CHUBB,140.11,98.12,30.0,Auto+Health,True,2,14,2026-08-10 16:28:34.876329,7,98.8
EXP334791,India,F1,MA,ICICI Lombard,144.64,96.75,33.1,Renter,True,3,7,2026-06-09 16:28:34.876345,10,98.3
EXP193084,India,H1B,MA,AIG,81.04,54.14,33.2,Health,True,3,7,2026-07-27 16:28:34.876360,9,97.8
EXP236595,India,E2,CO,HDFC ERGO,96.27,67.51,29.9,Auto,True,2,10,2026-07-21 16:28:34.876377,7,97.6
EXP535642,India,E2,CA,AIG,124.06,86.62,30.2,Health,True,3,10,2026-08-06 16:28:34.876393,9,98.5
EXP630678,India,L1,GA,CHUBB,116.16,85.95,26.0,Auto+Health,True,1,9,2026-06-12 16:28:34.876409,10,97.5
EXP630972,India,B1,WA,HDFC ERGO,142.49,112.33,21.2,Auto,False,3,9,2026-08-05 16:28:34.876425,10,97.4
EXP808966,India,H1B,GA,IMG Global,134.14,97.64,27.2,Health,True,3,13,2026-07-15 16:28:34.876441,8,98.6
EXP168583,India,H1B,NC,IMG Global,115.01,80.7,29.8,Auto+Health,True,1,7,2026-08-24 16:28:34.876457,7,97.3
EXP239714,India,L1,CO,IMG Global,102.48,66.88,34.7,Auto,False,3,7,2026-07-02 16:28:34.876473,9,98.4
EXP740055,India,B1,CO,ICICI Lombard,133.53,104.38,21.8,Renter,True,3,12,2026-06-27 16:28:34.876489,7,98.7
EXP354919,India,H1B,NC,CHUBB,103.17,78.23,24.2,Health,False,2,7,2026-07-20 16:28:34.876505,10,98.4
EXP346525,India,H1B,PA,IMG Global,142.76,94.71,33.7,Renter,True,2,8,2026-07-19 16:28:34.876521,8,99.3
EXP985753,India,L1,WA,ICICI Lombard,149.62,105.94,29.2,Auto+Health,True,1,10,2026-06-11 16:28:34.876537,9,97.1
EXP206503,India,F1,CO,Allianz,92.29,62.65,32.1,Auto+Health,True,1,13,2026-08-11 16:28:34.876553,10,97.9
EXP718028,India,B1,CA,CHUBB,94.05,70.05,25.5,Renter,True,2,9,2026-07-12 16:28:34.876569,7,99.4
EXP635958,India,B1,CA,IMG Global,129.2,99.8,22.8,Auto,True,1,8,2026-08-17 16:28:34.876585,7,97.0
EXP853757,India,F1,WA,Allianz,80.06,61.3,23.4,Auto,True,3,8,2026-07-30 16:28:34.876601,9,98.3
EXP943413,India,H1B,FL,IMG Global,117.08,91.31,22.0,Auto,True,3,10,2026-06-25 16:28:34.876617,8,97.5
EXP824412,India,L1,NC,HDFC ERGO,144.09,106.95,25.8,Auto,True,1,13,2026-07-30 16:28:34.876633,9,97.4
EXP330389,India,H1B,FL,AIG,141.6,110.29,22.1,Auto,True,2,9,2026-08-15 16:28:34.876649,9,97.9
EXP844840,India,B1,NC,HDFC ERGO,143.57,108.81,24.2,Auto+Health,True,1,8,2026-08-01 16:28:34.876665,7,97.0
EXP933358,India,B1,CO,Allianz,88.67,64.58,27.2,Auto,True,3,9,2026-06-18 16:28:34.876681,8,98.2
EXP586665,India,F1,TX,CHUBB,116.97,86.12,26.4,Health,True,3,9,2026-07-30 16:28:34.876697,10,97.4
EXP284859,India,L1,WA,Allianz,96.99,69.79,28.0,Health,False,1,10,2026-06-02 16:28:34.876714,10,97.9
EXP562367,India,L1,WA,IMG Global,101.06,75.53,25.3,Health,True,3,12,2026-06-18 16:28:34.876730,10,97.2
EXP666414,India,E2,PA,HDFC ERGO,131.96,97.89,25.8,Health,True,2,11,2026-06-05 16:28:34.876746,7,97.4
EXP490977,India,F1,CA,HDFC ERGO,106.39,74.46,30.0,Health,True,1,8,2026-08-23 16:28:34.876762,8,98.5
EXP913536,India,B1,CO,HDFC ERGO,149.21,107.56,27.9,Auto,True,3,8,2026-07-03 16:28:34.876778,7,97.6
EXP211804,India,L1,CO,CHUBB,84.21,61.67,26.8,Health,True,2,11,2026-06-25 16:28:34.876795,9,98.7
EXP184743,India,H1B,PA,CHUBB,129.24,97.97,24.2,Renter,True,1,14,2026-08-08 16:28:34.876811,7,97.2
EXP692594,India,E2,CA,AIG,89.52,64.11,28.4,Health,True,1,7,2026-05-31 16:28:34.876827,10,99.4
EXP415594,India,F1,CA,AIG,82.7,54.86,33.7,Health,False,1,9,2026-07-11 16:28:34.876847,10,97.6
EXP922494,India,L1,CA,ICICI Lombard,91.95,68.86,25.1,Health,False,1,7,2026-08-08 16:28:34.876863,8,97.5
EXP632299,India,F1,FL,Allianz,133.42,90.96,31.8,Health,True,2,10,2026-07-17 16:28:34.876880,7,98.8
EXP350796,India,F1,IL,Allianz,93.46,72.96,21.9,Renter,True,1,10,2026-07-15 16:28:34.876895,10,99.1
EXP196878,India,L1,IL,ICICI Lombard,90.01,61.47,31.7,Auto,True,1,9,2026-07-12 16:28:34.876912,9,99.4
EXP670539,India,F1,MI,IMG Global,137.16,90.3,34.2,Auto,True,2,12,2026-08-05 16:28:34.876928,8,98.4
EXP286505,India,L1,CO,ICICI Lombard,128.89,89.36,30.7,Auto,True,3,12,2026-07-31 16:28:34.876943,8,98.5
EXP117099,India,F1,GA,CHUBB,123.53,82.51,33.2,Renter,False,3,7,2026-07-29 16:28:34.876959,8,99.4
EXP199699,India,H1B,NY,CHUBB,125.79,92.41,26.5,Auto+Health,False,1,12,2026-06-04 16:28:34.876977,8,97.0
EXP103829,India,E2,GA,IMG Global,111.41,76.36,31.5,Auto+Health,True,3,11,2026-07-01 16:28:34.876993,7,97.5
EXP129548,India,F1,WA,CHUBB,123.7,83.57,32.4,Renter,True,3,11,2026-07-28 16:28:34.877010,8,98.8
EXP561288,India,H1B,NC,ICICI Lombard,122.78,90.23,26.5,Health,False,3,10,2026-07-08 16:28:34.877026,7,97.8
EXP602901,India,E2,MA,AIG,87.81,60.9,30.6,Renter,True,3,13,2026-05-31 16:28:34.877042,7,97.9
EXP821105,India,L1,CA,AIG,108.35,83.88,22.6,Auto,True,2,14,2026-06-14 16:28:34.877059,9,98.2
EXP251645,India,E2,MA,AIG,101.6,79.52,21.7,Renter,True,3,9,2026-06-30 16:28:34.877074,10,97.5
EXP949798,India,E2,GA,Allianz,81.99,61.51,25.0,Auto,True,3,9,2026-07-15 16:28:34.877090,9,98.8
EXP317164,India,F1,FL,Allianz,98.98,65.39,33.9,Health,False,2,7,2026-06-28 16:28:34.877107,9,98.7
EXP160220,India,F1,PA,AIG,86.03,59.73,30.6,Health,True,1,7,2026-06-20 16:28:34.877123,7,98.1
EXP782944,India,B1,TX,AIG,129.37,95.44,26.2,Health,True,3,7,2026-07-25 16:28:34.877138,10,99.2
EXP469540,India,B1,NY,IMG Global,98.97,70.59,28.7,Auto+Health,False,2,12,2026-08-17 16:28:34.877155,9,98.7
EXP129877,India,E2,PA,Allianz,106.15,71.84,32.3,Auto+Health,True,2,10,2026-06-13 16:28:34.877171,9,99.3
EXP745412,India,H1B,CA,CHUBB,112.71,78.58,30.3,Health,True,2,7,2026-06-15 16:28:34.877187,10,99.0
EXP128179,India,B1,CO,AIG,80.74,55.29,31.5,Auto+Health,True,2,11,2026-08-08 16:28:34.877203,9,98.5
EXP333568,India,F1,NY,CHUBB,100.15,77.39,22.7,Auto,True,2,12,2026-07-05 16:28:34.877219,8,98.4
EXP504235,India,B1,WA,HDFC ERGO,82.74,54.68,33.9,Health,False,1,13,2026-07-31 16:28:34.877235,10,99.5
EXP854325,India,H1B,TX,AIG,77.58,54.43,29.8,Auto+Health,True,1,14,2026-06-07 16:28:34.877251,7,99.0
EXP106407,India,L1,IL,IMG Global,137.77,96.69,29.8,Health,True,1,9,2026-06-01 16:28:34.877267,9,97.1
EXP882991,India,E2,GA,AIG,138.23,104.03,24.7,Auto,True,2,11,2026-07-08 16:28:34.877283,10,99.3
EXP263220,India,F1,MI,IMG Global,129.88,93.16,28.3,Auto+Health,True,2,7,2026-07-31 16:28:34.877299,7,98.6
EXP519330,India,B1,CA,HDFC ERGO,87.32,62.35,28.6,Renter,False,1,10,2026-05-31 16:28:34.877315,9,98.3
EXP570832,India,B1,FL,IMG Global,101.81,80.25,21.2,Renter,True,2,8,2026-08-26 16:28:34.877333,7,98.6
EXP256285,India,B1,GA,ICICI Lombard,136.11,89.08,34.5,Renter,True,3,7,2026-06-08 16:28:34.877349,9,97.5
EXP656521,India,L1,MA,AIG,118.15,92.25,21.9,Auto,True,2,7,2026-07-15 16:28:34.877365,9,97.8
EXP230045,India,L1,NY,IMG Global,77.79,59.37,23.7,Auto,False,1,11,2026-06-29 16:28:34.877381,8,98.0
EXP718151,India,F1,PA,HDFC ERGO,115.24,79.97,30.6,Renter,False,3,12,2026-06-27 16:28:34.877398,10,97.2
EXP729547,India,F1,PA,CHUBB,124.76,91.72,26.5,Renter,True,2,14,2026-06-25 16:28:34.877414,9,99.4
EXP340754,India,F1,MI,ICICI Lombard,106.27,78.96,25.7,Auto,True,1,14,2026-08-07 16:28:34.877431,8,98.4
EXP143705,India,H1B,FL,HDFC ERGO,127.31,98.25,22.8,Health,True,3,7,2026-05-30 16:28:34.877447,10,98.0
EXP567352,India,H1B,NC,ICICI Lombard,135.92,94.83,30.2,Health,True,2,10,2026-08-19 16:28:34.877463,7,98.8
EXP163268,India,F1,CO,AIG,109.33,72.39,33.8,Renter,False,3,11,2026-07-14 16:28:34.877478,8,97.9
EXP412083,India,E2,CA,AIG,94.02,73.9,21.4,Auto,True,1,8,2026-06-18 16:28:34.877496,9,97.6
EXP691284,India,L1,MA,HDFC ERGO,129.96,101.71,21.7,Renter,False,3,7,2026-06-20 16:28:34.877512,7,99.1
EXP431201,India,F1,WA,IMG Global,96.82,77.15,20.3,Renter,True,1,9,2026-06-01 16:28:34.877528,7,97.0
EXP983497,India,B1,CA,HDFC ERGO,123.61,89.44,27.6,Auto+Health,True,2,9,2026-06-28 16:28:34.877544,7,97.8
EXP681180,India,F1,WA,IMG Global,127.34,97.16,23.7,Auto,True,3,12,2026-08-10 16:28:34.877560,7,99.1
EXP111463,India,L1,WA,ICICI Lombard,125.65,90.0,28.4,Auto+Health,True,1,13,2026-08-19 16:28:34.877577,7,98.3
EXP549527,India,L1,GA,Allianz,95.94,64.12,33.2,Renter,True,3,7,2026-08-17 16:28:34.877593,8,97.0
EXP115671,India,L1,IL,IMG Global,83.48,63.32,24.2,Renter,True,2,7,2026-07-04 16:28:34.877609,9,98.0
EXP871619,India,B1,PA,IMG Global,106.45,76.94,27.7,Auto,False,1,9,2026-08-04 16:28:34.877631,7,99.4
EXP714902,India,H1B,PA,IMG Global,80.46,57.27,28.8,Auto+Health,False,2,13,2026-06-24 16:28:34.877647,9,98.7
EXP488865,India,E2,MI,Allianz,87.38,65.8,24.7,Renter,False,3,10,2026-07-30 16:28:34.877663,9,98.4
EXP860184,India,E2,MI,AIG,87.46,66.0,24.5,Health,True,2,13,2026-08-19 16:28:34.877679,7,97.2
EXP454642,India,L1,WA,ICICI Lombard,76.13,58.79,22.8,Renter,False,3,14,2026-08-04 16:28:34.877695,9,99.4
EXP172960,India,H1B,PA,AIG,114.2,80.79,29.3,Auto,True,2,7,2026-08-24 16:28:34.877712,10,97.6
EXP697487,India,B1,IL,CHUBB,94.67,63.85,32.6,Health,True,1,14,2026-08-26 16:28:34.877728,9,97.6
EXP369974,India,B1,FL,IMG Global,80.42,54.58,32.1,Auto+Health,True,2,10,2026-08-16 16:28:34.877744,10,98.5
EXP713490,India,H1B,GA,IMG Global,108.65,76.56,29.5,Auto,False,1,7,2026-06-11 16:28:34.877760,10,98.0
EXP597463,India,B1,NC,CHUBB,129.34,94.22,27.2,Auto+Health,True,3,13,2026-06-11 16:28:34.877775,8,99.4
EXP311293,India,E2,NY,Allianz,120.9,89.11,26.3,Renter,False,1,14,2026-06-10 16:28:34.877791,8,98.3
EXP868250,India,B1,CA,ICICI Lombard,98.31,78.35,20.3,Renter,True,2,11,2026-06-19 16:28:34.877807,7,97.8
EXP351585,India,F1,NY,HDFC ERGO,88.57,63.96,27.8,Auto+Health,True,1,8,2026-06-28 16:28:34.877823,10,98.3
EXP609568,India,B1,FL,Allianz,132.56,100.12,24.5,Auto,False,3,7,2026-06-26 16:28:34.877839,7,99.3
EXP246071,India,L1,CO,ICICI Lombard,107.98,75.26,30.3,Renter,True,3,13,2026-08-15 16:28:34.877855,8,97.5
EXP636816,India,H1B,FL,CHUBB,80.23,53.01,33.9,Auto,True,3,9,2026-06-07 16:28:34.877871,8,99.3
EXP400941,India,B1,TX,HDFC ERGO,82.42,61.1,25.9,Renter,True,1,7,2026-06-10 16:28:34.877887,10,98.2
EXP460414,India,H1B,NY,IMG Global,115.13,85.91,25.4,Auto,False,3,10,2026-06-27 16:28:34.877903,10,98.6
EXP694653,India,B1,TX,CHUBB,102.09,68.92,32.5,Health,True,3,12,2026-07-17 16:28:34.877919,9,98.7
EXP617197,India,H1B,NY,Allianz,107.61,84.94,21.1,Auto,False,2,7,2026-08-15 16:28:34.877935,9,97.5
EXP946508,India,B1,PA,IMG Global,137.4,90.06,34.5,Auto+Health,True,1,9,2026-06-03 16:28:34.877951,10,97.3
EXP350150,India,L1,TX,CHUBB,95.92,71.89,25.1,Renter,True,1,13,2026-07-11 16:28:34.877967,10,97.3
EXP634252,India,F1,FL,IMG Global,148.74,103.32,30.5,Health,True,3,9,2026-07-02 16:28:34.877983,9,98.0
EXP602575,India,L1,FL,CHUBB,145.16,109.33,24.7,Auto+Health,True,3,11,2026-08-25 16:28:34.877999,7,97.8
EXP923548,India,H1B,NY,ICICI Lombard,95.22,73.26,23.1,Auto+Health,False,1,14,2026-07-16 16:28:34.878015,10,98.4
EXP445385,India,F1,PA,CHUBB,115.56,75.74,34.5,Renter,True,2,7,2026-07-22 16:28:34.878031,8,98.0
EXP295692,India,L1,CO,CHUBB,78.88,61.97,21.4,Renter,True,1,14,2026-06-29 16:28:34.878047,10,99.0
EXP110800,India,F1,NY,ICICI Lombard,124.0,84.44,31.9,Health,True,2,12,2026-08-04 16:28:34.878063,8,98.8
EXP993810,India,B1,NY,AIG,94.14,64.41,31.6,Renter,True,3,8,2026-07-12 16:28:34.878079,7,97.3
EXP546069,India,L1,MI,CHUBB,137.32,93.11,32.2,Health,True,1,11,2026-08-07 16:28:34.878095,9,97.9
EXP430898,India,H1B,MA,ICICI Lombard,102.86,81.8,20.5,Renter,True,2,11,2026-07-03 16:28:34.878111,10,98.2
EXP391557,India,L1,CO,Allianz,110.1,78.71,28.5,Health,True,2,8,2026-06-02 16:28:34.878126,7,97.9
EXP692171,India,L1,GA,CHUBB,116.04,90.78,21.8,Renter,True,3,8,2026-06-28 16:28:34.878144,10,98.5
EXP187080,India,L1,FL,ICICI Lombard,129.76,88.97,31.4,Health,False,3,10,2026-08-09 16:28:34.878160,10,98.6
EXP520837,India,F1,NC,IMG Global,93.21,70.02,24.9,Renter,True,2,11,2026-07-08 16:28:34.878176,7,97.5
EXP347296,India,F1,GA,IMG Global,86.42,59.7,30.9,Auto+Health,False,3,12,2026-07-16 16:28:34.878192,9,97.2
EXP449060,India,F1,PA,Allianz,79.77,58.99,26.1,Renter,True,3,10,2026-08-17 16:28:34.878207,8,97.9
EXP815370,India,E2,PA,IMG Global,102.77,73.54,28.4,Renter,True,2,8,2026-08-02 16:28:34.878224,9,97.8
EXP417072,India,E2,NC,ICICI Lombard,122.86,83.04,32.4,Renter,False,3,13,2026-06-09 16:28:34.878240,8,98.5
EXP622241,India,B1,MA,Allianz,120.37,94.35,21.6,Auto+Health,True,2,13,2026-08-12 16:28:34.878256,7,98.5
EXP761330,India,L1,MA,ICICI Lombard,131.58,94.87,27.9,Health,True,2,9,2026-08-11 16:28:34.878272,8,98.6
EXP963459,India,L1,MI,HDFC ERGO,81.22,63.29,22.1,Renter,True,3,10,2026-06-19 16:28:34.878288,10,98.3
EXP754787,India,L1,CA,AIG,120.33,89.01,26.0,Auto+Health,True,2,11,2026-08-06 16:28:34.878304,10,97.2
EXP600027,India,F1,NC,Allianz,86.36,64.2,25.7,Renter,False,3,9,2026-06-11 16:28:34.878320,8,97.6
EXP419811,India,L1,WA,CHUBB,145.06,109.4,24.6,Health,True,3,11,2026-08-23 16:28:34.878336,10,99.1
EXP116505,India,H1B,NY,CHUBB,87.46,59.68,31.8,Renter,True,3,12,2026-08-19 16:28:34.878352,7,98.7
EXP772214,India,E2,GA,Allianz,117.26,76.97,34.4,Renter,True,1,13,2026-08-07 16:28:34.878368,8,99.3
EXP284487,India,E2,CO,HDFC ERGO,128.05,96.51,24.6,Health,False,3,11,2026-07-28 16:28:34.878384,7,97.8
EXP370193,India,L1,CA,ICICI Lombard,114.69,90.45,21.1,Renter,False,2,10,2026-07-17 16:28:34.878400,8,98.4
EXP322345,India,E2,MA,CHUBB,117.66,77.86,33.8,Renter,False,1,12,2026-08-04 16:28:34.878416,8,97.2
EXP829474,India,L1,MI,ICICI Lombard,78.04,55.72,28.6,Health,False,2,10,2026-06-09 16:28:34.878432,8,98.9
EXP793960,India,F1,PA,ICICI Lombard,113.53,86.99,23.4,Health,True,3,11,2026-08-10 16:28:34.878448,9,97.5
EXP549559,India,L1,MA,IMG Global,85.66,63.29,26.1,Renter,False,3,9,2026-07-13 16:28:34.878464,7,97.4
EXP497460,India,B1,WA,AIG,143.36,110.17,23.2,Auto,True,3,11,2026-08-21 16:28:34.878480,7,97.4
EXP587514,India,L1,TX,CHUBB,143.62,111.06,22.7,Health,False,1,12,2026-07-01 16:28:34.878496,7,99.0
EXP101929,India,H1B,IL,AIG,116.31,80.53,30.8,Auto,True,2,9,2026-06-17 16:28:34.878512,9,97.6
EXP580547,India,E2,CO,CHUBB,103.06,73.01,29.2,Health,True,1,12,2026-05-31 16:28:34.878528,7,97.7
EXP881904,India,E2,MA,Allianz,80.79,52.75,34.7,Auto,True,1,7,2026-07-10 16:28:34.878544,8,97.0
EXP212357,India,F1,FL,IMG Global,132.32,99.11,25.1,Auto+Health,False,2,10,2026-08-01 16:28:34.878560,7,97.2
EXP572190,India,B1,PA,Allianz,77.73,56.46,27.4,Renter,True,1,13,2026-06-28 16:28:34.878578,8,97.0
EXP472769,India,B1,NY,AIG,83.14,56.85,31.6,Renter,True,2,8,2026-06-07 16:28:34.878594,8,98.2
EXP422983,India,L1,FL,HDFC ERGO,122.58,95.9,21.8,Renter,True,3,8,2026-07-19 16:28:34.878611,8,98.6
EXP649553,India,B1,CA,CHUBB,116.75,86.69,25.7,Auto+Health,True,2,7,2026-08-03 16:28:34.878631,10,97.3
EXP758909,India,F1,FL,AIG,141.74,92.16,35.0,Auto+Health,True,2,11,2026-07-09 16:28:34.878651,9,99.4
EXP845932,India,F1,CA,Allianz,97.2,65.0,33.1,Health,True,1,8,2026-07-04 16:28:34.878667,8,97.6
EXP566516,India,H1B,CA,AIG,93.92,73.57,21.7,Auto,True,1,10,2026-06-09 16:28:34.878693,10,98.3
EXP732305,India,L1,MI,CHUBB,88.06,59.71,32.2,Health,False,3,10,2026-06-23 16:28:34.878714,10,97.2
EXP985794,India,B1,TX,Allianz,90.38,62.71,30.6,Auto+Health,True,3,9,2026-06-06 16:28:34.878734,10,97.1
EXP788770,India,E2,CO,AIG,119.94,90.96,24.2,Renter,True,2,9,2026-06-16 16:28:34.878750,10,99.0
EXP223579,India,L1,CO,ICICI Lombard,79.59,61.18,23.1,Renter,True,2,9,2026-08-04 16:28:34.878766,10,98.1
EXP289765,India,L1,PA,CHUBB,146.07,102.17,30.1,Renter,True,3,7,2026-08-21 16:28:34.878782,9,97.4
EXP210221,India,F1,FL,ICICI Lombard,77.19,52.1,32.5,Health,True,2,9,2026-07-06 16:28:34.878801,10,98.3
EXP866990,India,F1,MA,CHUBB,80.67,54.26,32.7,Renter,True,1,13,2026-08-02 16:28:34.878819,10,99.1
EXP759220,India,F1,MA,HDFC ERGO,85.58,58.32,31.9,Health,False,3,14,2026-06-29 16:28:34.878835,9,99.4
EXP772696,India,B1,PA,HDFC ERGO,83.77,56.26,32.8,Renter,True,1,11,2026-06-30 16:28:34.878852,7,97.2
EXP279307,India,H1B,WA,HDFC ERGO,124.39,86.41,30.5,Auto,False,3,12,2026-08-13 16:28:34.878868,10,97.5
EXP612085,India,F1,WA,ICICI Lombard,126.09,84.55,32.9,Auto,True,1,7,2026-08-23 16:28:34.878888,9,99.4
EXP381700,India,L1,MA,ICICI Lombard,133.73,102.71,23.2,Renter,False,1,11,2026-07-20 16:28:34.878904,8,97.0
EXP402583,India,E2,MI,HDFC ERGO,83.11,58.32,29.8,Auto,True,3,9,2026-08-04 16:28:34.878920,8,97.3
EXP326685,India,F1,IL,ICICI Lombard,127.2,98.36,22.7,Auto,True,1,11,2026-07-11 16:28:34.878936,9,99.1
EXP924419,India,L1,WA,HDFC ERGO,146.16,111.71,23.6,Auto,True,1,12,2026-08-17 16:28:34.878952,10,99.1
EXP618810,India,B1,TX,AIG,89.46,59.45,33.5,Auto,True,2,8,2026-08-04 16:28:34.878969,7,99.1
EXP687543,India,E2,CO,ICICI Lombard,90.96,70.28,22.7,Auto,False,3,9,2026-07-23 16:28:34.878984,10,98.8
EXP573948,India,B1,GA,IMG Global,119.32,78.17,34.5,Health,False,1,7,2026-06-19 16:28:34.879000,7,98.8
EXP810195,India,H1B,PA,ICICI Lombard,115.91,81.63,29.6,Renter,False,3,14,2026-06-10 16:28:34.879019,8,98.3
EXP926569,India,H1B,PA,HDFC ERGO,91.21,68.06,25.4,Auto+Health,True,2,7,2026-07-06 16:28:34.879036,9,99.3
EXP355139,India,E2,MA,HDFC ERGO,133.39,106.26,20.3,Renter,True,1,14,2026-06-05 16:28:34.879052,9,97.1
EXP253168,India,F1,PA,Allianz,139.44,110.89,20.5,Renter,True,2,8,2026-07-03 16:28:34.879067,10,97.3
EXP904679,India,H1B,IL,HDFC ERGO,86.21,58.76,31.8,Health,False,2,13,2026-08-23 16:28:34.879084,8,97.6
EXP307076,India,E2,TX,Allianz,98.57,73.18,25.8,Auto,False,2,14,2026-08-02 16:28:34.879100,7,99.2
EXP794016,India,F1,IL,Allianz,144.83,112.11,22.6,Auto,True,1,11,2026-08-11 16:28:34.879116,7,98.5
EXP724885,India,B1,NY,CHUBB,145.27,116.18,20.0,Auto+Health,True,3,10,2026-06-10 16:28:34.879132,8,97.6
EXP771051,India,H1B,NC,HDFC ERGO,141.89,104.8,26.1,Auto,False,3,10,2026-08-04 16:28:34.879148,9,99.5
EXP551753,India,E2,NY,HDFC ERGO,122.49,91.62,25.2,Auto+Health,True,3,12,2026-08-04 16:28:34.879167,9,98.0
EXP611956,India,B1,CA,CHUBB,141.66,113.11,20.2,Auto,True,1,7,2026-06-18 16:28:34.879184,9,97.1
EXP812002,India,B1,MA,HDFC ERGO,131.85,99.45,24.6,Renter,True,1,10,2026-07-27 16:28:34.879201,8,97.2
EXP681249,India,H1B,NC,HDFC ERGO,104.15,72.95,30.0,Renter,True,3,14,2026-08-13 16:28:34.879216,8,98.7
EXP916488,India,F1,FL,CHUBB,100.44,66.74,33.6,Auto+Health,True,2,14,2026-08-11 16:28:34.879232,10,99.4
EXP689868,India,E2,CO,IMG Global,99.33,66.39,33.2,Renter,True,1,12,2026-07-13 16:28:34.879249,9,97.5
EXP294009,India,L1,PA,HDFC ERGO,81.04,61.82,23.7,Renter,False,1,7,2026-08-19 16:28:34.879265,7,98.4
EXP470941,India,F1,CO,CHUBB,138.86,95.54,31.2,Renter,True,3,9,2026-06-10 16:28:34.879281,8,99.5
EXP180417,India,B1,IL,Allianz,104.81,74.87,28.6,Auto+Health,True,1,13,2026-08-19 16:28:34.879300,8,97.8
EXP441766,India,L1,MI,HDFC ERGO,131.7,99.44,24.5,Health,False,2,11,2026-06-25 16:28:34.879316,10,97.6
EXP281593,India,H1B,CO,ICICI Lombard,109.86,79.59,27.6,Health,False,2,9,2026-07-07 16:28:34.879332,8,98.1
EXP807094,India,L1,IL,IMG Global,141.41,106.39,24.8,Auto,False,3,12,2026-06-27 16:28:34.879348,8,99.1
EXP914806,India,E2,TX,CHUBB,81.72,64.11,21.6,Health,True,1,10,2026-06-13 16:28:34.879364,10,98.7
EXP659416,India,L1,MA,ICICI Lombard,102.86,71.44,30.5,Auto+Health,False,2,11,2026-06-29 16:28:34.879380,9,99.2
EXP273567,India,F1,GA,ICICI Lombard,131.4,92.61,29.5,Auto,True,2,12,2026-08-14 16:28:34.879396,8,99.5
EXP114143,India,B1,MI,Allianz,146.94,100.61,31.5,Auto+Health,True,3,12,2026-06-06 16:28:34.879412,10,97.1
EXP825506,India,B1,MI,CHUBB,132.55,104.79,20.9,Auto+Health,True,2,7,2026-08-20 16:28:34.879428,9,98.1
EXP209785,India,E2,MI,HDFC ERGO,135.48,92.82,31.5,Health,True,3,7,2026-07-20 16:28:34.879444,7,98.3
EXP824289,India,B1,TX,HDFC ERGO,108.35,76.52,29.4,Renter,True,2,9,2026-07-03 16:28:34.879459,7,98.3
EXP362298,India,E2,GA,IMG Global,103.9,80.72,22.3,Auto+Health,True,2,12,2026-07-28 16:28:34.879477,8,97.6
EXP169464,India,F1,CO,IMG Global,77.48,51.73,33.2,Auto,True,1,12,2026-07-19 16:28:34.879494,9,98.1
EXP605663,India,E2,NC,AIG,122.38,90.65,25.9,Auto+Health,True,1,13,2026-08-05 16:28:34.879510,10,97.8
EXP377942,India,E2,NY,CHUBB,85.64,57.97,32.3,Health,False,1,8,2026-07-08 16:28:34.879526,9,97.4
EXP247828,India,L1,NY,CHUBB,98.78,66.53,32.6,Auto+Health,True,1,9,2026-07-17 16:28:34.879542,8,97.0
EXP545822,India,E2,GA,AIG,90.63,64.21,29.1,Renter,True,1,14,2026-08-17 16:28:34.879558,10,98.1
EXP317569,India,B1,IL,IMG Global,142.54,110.92,22.2,Auto+Health,True,1,7,2026-08-20 16:28:34.879574,9,97.9
EXP563107,India,B1,TX,HDFC ERGO,138.11,108.63,21.3,Auto,True,1,9,2026-06-23 16:28:34.879590,8,99.4
EXP727936,India,B1,WA,Allianz,120.11,88.38,26.4,Renter,True,3,9,2026-08-06 16:28:34.879606,9,99.0
EXP217403,India,F1,NY,AIG,77.64,51.35,33.9,Auto+Health,False,3,12,2026-08-19 16:28:34.879622,9,98.3
EXP293959,India,F1,MI,IMG Global,145.04,95.32,34.3,Health,True,3,13,2026-07-26 16:28:34.879639,9,97.6
EXP209845,India,H1B,CA,Allianz,112.24,78.33,30.2,Renter,True,1,14,2026-06-03 16:28:34.879655,8,98.9
EXP893743,India,E2,IL,IMG Global,80.86,59.07,26.9,Auto+Health,True,1,9,2026-08-17 16:28:34.879671,9,97.0
EXP430590,India,B1,GA,HDFC ERGO,101.61,75.13,26.1,Health,True,2,10,2026-08-09 16:28:34.879687,8,97.5
EXP818887,India,F1,GA,ICICI Lombard,136.23,104.72,23.1,Health,True,3,13,2026-08-02 16:28:34.879703,9,97.7
EXP361814,India,L1,WA,IMG Global,141.76,93.47,34.1,Auto+Health,True,3,11,2026-07-21 16:28:34.879719,10,97.7
EXP165796,India,E2,IL,HDFC ERGO,98.29,69.78,29.0,Renter,True,1,13,2026-08-04 16:28:34.879735,7,99.0
EXP169658,India,B1,PA,CHUBB,135.13,91.99,31.9,Auto,True,1,11,2026-07-25 16:28:34.879751,10,97.8
EXP233591,India,B1,TX,IMG Global,75.22,49.63,34.0,Health,True,1,11,2026-06-05 16:28:34.879771,10,98.0
EXP604577,India,B1,WA,ICICI Lombard,88.53,63.87,27.9,Health,True,3,9,2026-06-27 16:28:34.879788,8,98.1
EXP183050,India,E2,WA,ICICI Lombard,147.4,117.9,20.0,Auto,False,1,11,2026-06-04 16:28:34.879806,10,97.2
EXP213375,India,H1B,CA,HDFC ERGO,125.58,86.35,31.2,Auto+Health,True,2,14,2026-06-11 16:28:34.879826,9,97.2
EXP504164,India,F1,NC,CHUBB,110.91,86.38,22.1,Auto+Health,False,3,9,2026-07-30 16:28:34.879845,7,97.8
EXP588022,India,F1,FL,HDFC ERGO,93.12,70.03,24.8,Health,False,2,11,2026-08-03 16:28:34.879865,8,98.7
EXP411178,India,B1,MA,AIG,138.63,105.15,24.2,Renter,True,1,7,2026-06-22 16:28:34.879883,8,98.1
EXP823087,India,H1B,CO,CHUBB,120.31,87.86,27.0,Auto+Health,True,3,9,2026-06-12 16:28:34.879902,7,99.0
EXP445604,India,L1,NC,AIG,149.21,112.76,24.4,Health,False,1,11,2026-07-12 16:28:34.879920,7,97.3
EXP144461,India,E2,PA,CHUBB,81.72,62.89,23.0,Auto+Health,True,2,12,2026-07-29 16:28:34.879939,8,97.6
EXP919252,India,L1,NY,HDFC ERGO,100.52,79.17,21.2,Health,True,1,13,2026-06-27 16:28:34.879958,10,98.7
EXP592662,India,L1,TX,IMG Global,77.49,57.96,25.2,Health,True,1,10,2026-06-22 16:28:34.879976,10,99.2
EXP442430,India,L1,PA,ICICI Lombard,96.77,65.15,32.7,Auto,True,1,14,2026-08-24 16:28:34.879996,8,97.8
EXP872675,India,F1,GA,CHUBB,80.51,54.27,32.6,Auto,True,3,11,2026-06-09 16:28:34.880016,10,98.4
EXP786363,India,H1B,GA,HDFC ERGO,76.6,58.54,23.6,Auto,True,1,9,2026-08-10 16:28:34.880035,10,98.6
EXP497264,India,B1,MI,CHUBB,77.44,56.58,26.9,Auto,True,1,14,2026-07-04 16:28:34.880051,8,98.3
EXP100960,India,E2,MA,AIG,129.45,89.73,30.7,Renter,False,3,14,2026-07-25 16:28:34.880070,8,97.6
EXP220967,India,H1B,MI,AIG,143.51,112.1,21.9,Health,True,2,9,2026-06-03 16:28:34.880088,9,97.4
EXP897091,India,L1,FL,AIG,137.04,108.36,20.9,Renter,True,3,9,2026-06-05 16:28:34.880108,7,98.3
EXP888050,India,L1,GA,Allianz,127.86,94.98,25.7,Renter,True,1,9,2026-06-18 16:28:34.880126,7,97.5
EXP839131,India,F1,NC,AIG,104.88,69.99,33.3,Auto,True,1,9,2026-08-02 16:28:34.880144,8,98.1
EXP160898,India,E2,PA,CHUBB,114.38,88.85,22.3,Auto+Health,False,3,12,2026-06-20 16:28:34.880162,10,98.1
EXP241154,India,F1,GA,IMG Global,145.65,102.75,29.5,Auto+Health,True,3,11,2026-06-09 16:28:34.880185,7,99.2
EXP962019,India,B1,TX,ICICI Lombard,123.51,95.39,22.8,Health,True,1,13,2026-08-05 16:28:34.880204,10,98.3
EXP689749,India,H1B,NC,Allianz,123.38,95.18,22.9,Renter,True,2,9,2026-07-20 16:28:34.880220,7,98.8
EXP687217,India,E2,NC,ICICI Lombard,87.84,58.69,33.2,Auto,True,2,11,2026-07-29 16:28:34.880236,8,97.0
EXP619808,India,L1,MI,IMG Global,144.06,99.17,31.2,Renter,False,3,13,2026-08-15 16:28:34.880252,8,98.8
EXP917037,India,H1B,CO,CHUBB,90.73,60.34,33.5,Auto,True,2,10,2026-06-10 16:28:34.880268,9,97.6
EXP184842,India,F1,IL,AIG,128.59,96.91,24.6,Renter,False,2,8,2026-06-20 16:28:34.880284,8,97.5
EXP941274,India,E2,CA,Allianz,84.12,58.18,30.8,Auto,True,3,12,2026-08-11 16:28:34.880300,9,97.6
EXP996490,India,E2,WA,Allianz,129.06,101.39,21.4,Health,False,3,12,2026-07-10 16:28:34.880316,10,99.2
EXP646102,India,F1,NY,AIG,101.07,79.31,21.5,Health,False,1,9,2026-08-01 16:28:34.880332,7,98.8
EXP291828,India,E2,IL,IMG Global,136.31,97.98,28.1,Health,True,3,9,2026-08-11 16:28:34.880348,9,97.5
EXP286649,India,B1,WA,Allianz,76.55,56.05,26.8,Auto+Health,True,3,10,2026-08-16 16:28:34.880364,10,97.9
EXP691691,India,E2,FL,HDFC ERGO,112.15,86.68,22.7,Health,True,3,13,2026-06-27 16:28:34.880380,10,97.2
EXP355007,India,E2,NC,HDFC ERGO,141.56,103.6,26.8,Auto,False,1,12,2026-06-15 16:28:34.880395,8,99.4
EXP488219,India,E2,NY,AIG,128.18,84.96,33.7,Renter,True,3,12,2026-08-06 16:28:34.880411,10,97.7
EXP823072,India,L1,MA,AIG,84.94,58.69,30.9,Renter,True,1,13,2026-08-13 16:28:34.880427,7,98.0
EXP662811,India,H1B,GA,Allianz,132.19,95.65,27.6,Auto+Health,False,1,7,2026-08-08 16:28:34.880443,10,97.1
EXP487729,India,L1,MA,ICICI Lombard,141.89,96.92,31.7,Auto+Health,False,1,13,2026-07-28 16:28:34.880459,10,97.6
EXP196958,India,H1B,FL,AIG,86.96,65.23,25.0,Auto,True,3,13,2026-07-30 16:28:34.880475,10,97.7
EXP371694,India,F1,CO,HDFC ERGO,87.2,62.81,28.0,Auto+Health,True,2,12,2026-07-15 16:28:34.880491,9,97.6
EXP924222,India,H1B,PA,IMG Global,108.33,71.67,33.8,Renter,True,2,13,2026-06-20 16:28:34.880507,8,98.4
EXP493514,India,B1,MA,Allianz,102.04,79.74,21.9,Auto+Health,True,3,7,2026-06-22 16:28:34.880523,9,98.8
EXP374544,India,H1B,IL,AIG,117.17,84.87,27.6,Health,True,3,10,2026-07-19 16:28:34.880539,9,97.2
EXP545043,India,E2,GA,AIG,133.41,87.13,34.7,Auto,True,2,11,2026-08-02 16:28:34.880555,10,97.4
EXP956485,India,L1,GA,HDFC ERGO,142.73,108.17,24.2,Auto+Health,True,2,11,2026-07-04 16:28:34.880571,9,98.5
EXP988716,India,H1B,MA,CHUBB,146.95,110.04,25.1,Auto+Health,True,3,9,2026-08-09 16:28:34.880587,8,98.4
EXP585092,India,E2,GA,AIG,85.02,61.33,27.9,Health,True,2,7,2026-07-16 16:28:34.880603,8,98.8
EXP232150,India,L1,PA,Allianz,84.93,65.23,23.2,Health,True,1,12,2026-06-26 16:28:34.880619,10,99.4
EXP573761,India,H1B,NC,CHUBB,145.12,112.57,22.4,Renter,True,3,9,2026-06-06 16:28:34.880635,9,97.1
EXP132528,India,B1,MA,ICICI Lombard,133.43,96.84,27.4,Auto+Health,True,1,14,2026-08-16 16:28:34.880651,7,98.3
EXP897891,India,E2,PA,CHUBB,112.43,89.66,20.2,Renter,True,3,14,2026-06-03 16:28:34.880667,10,98.5
EXP299694,India,H1B,WA,AIG,92.49,60.67,34.4,Renter,True,2,8,2026-05-31 16:28:34.880683,9,98.5
EXP856591,India,L1,WA,HDFC ERGO,126.53,90.81,28.2,Renter,False,3,14,2026-07-01 16:28:34.880698,9,98.3
EXP436783,India,L1,GA,AIG,98.91,65.75,33.5,Renter,True,2,8,2026-07-13 16:28:34.880714,8,98.5
EXP834275,India,B1,NY,ICICI Lombard,75.94,52.88,30.4,Health,False,1,10,2026-06-19 16:28:34.880730,7,99.5
EXP827251,India,F1,FL,ICICI Lombard,111.93,84.27,24.7,Auto+Health,True,3,9,2026-06-18 16:28:34.880746,10,97.0
EXP698172,India,H1B,IL,HDFC ERGO,139.79,104.72,25.1,Auto+Health,True,3,7,2026-06-11 16:28:34.880763,10,97.5
EXP871099,India,F1,NC,IMG Global,126.67,85.37,32.6,Auto+Health,False,3,12,2026-07-02 16:28:34.880779,9,99.2
EXP852255,India,H1B,MI,IMG Global,147.0,103.49,29.6,Auto,True,1,14,2026-07-29 16:28:34.880795,7,97.7
EXP314702,India,H1B,GA,Allianz,85.93,59.08,31.2,Auto,False,3,12,2026-06-09 16:28:34.880811,9,99.1
EXP162202,India,F1,IL,Allianz,92.8,69.37,25.2,Auto,False,3,13,2026-06-29 16:28:34.880828,7,98.0
EXP267235,India,L1,FL,HDFC ERGO,95.28,65.41,31.4,Auto,True,3,9,2026-08-21 16:28:34.880845,9,97.2
EXP613210,India,L1,NC,CHUBB,76.63,53.52,30.2,Renter,True,2,11,2026-06-07 16:28:34.880861,9,97.7
EXP963875,India,B1,MI,ICICI Lombard,142.93,112.98,21.0,Auto+Health,True,3,12,2026-05-30 16:28:34.880877,7,99.4
EXP117302,India,F1,MA,AIG,125.82,95.12,24.4,Renter,False,2,12,2026-07-17 16:28:34.880893,8,97.4
EXP440488,India,B1,CA,Allianz,119.87,93.13,22.3,Auto+Health,True,1,8,2026-06-08 16:28:34.880908,8,99.2
EXP935659,India,H1B,CA,Allianz,90.27,63.05,30.2,Health,True,1,10,2026-07-12 16:28:34.880924,10,99.2
EXP817300,India,L1,WA,CHUBB,105.07,71.24,32.2,Auto,True,2,7,2026-06-11 16:28:34.880941,7,99.1
EXP105606,India,F1,MI,CHUBB,113.83,90.52,20.5,Auto+Health,True,2,14,2026-08-21 16:28:34.880957,7,97.7
EXP147584,India,F1,PA,IMG Global,79.88,59.84,25.1,Auto,True,3,10,2026-06-29 16:28:34.880973,8,97.1
EXP271628,India,H1B,MA,HDFC ERGO,102.91,71.41,30.6,Auto,True,1,9,2026-05-31 16:28:34.880989,10,99.3
EXP315555,India,L1,IL,CHUBB,97.98,68.23,30.4,Auto+Health,False,2,13,2026-06-17 16:28:34.881005,7,98.0
EXP571230,India,B1,IL,CHUBB,109.77,84.84,22.7,Health,True,1,14,2026-06-02 16:28:34.881021,7,97.3
EXP268450,India,F1,GA,ICICI Lombard,135.88,106.24,21.8,Health,True,1,11,2026-06-18 16:28:34.881037,10,99.0
EXP148748,India,B1,MI,AIG,114.78,86.64,24.5,Auto,True,1,13,2026-07-02 16:28:34.881053,10,98.1
EXP555804,India,E2,GA,ICICI Lombard,148.16,99.77,32.7,Auto+Health,True,2,10,2026-08-07 16:28:34.881068,8,99.2
EXP743028,India,L1,FL,CHUBB,131.45,97.88,25.5,Auto+Health,True,2,9,2026-06-05 16:28:34.881084,8,99.0
EXP346297,India,L1,GA,AIG,124.88,96.63,22.6,Health,True,3,14,2026-06-04 16:28:34.881101,10,97.6
EXP894072,India,E2,TX,HDFC ERGO,98.27,72.79,25.9,Renter,False,3,8,2026-07-31 16:28:34.881121,8,98.9
EXP648543,India,E2,CA,Allianz,96.16,69.1,28.1,Auto,True,3,7,2026-07-08 16:28:34.881138,9,97.6
EXP395259,India,F1,MA,CHUBB,141.24,91.91,34.9,Renter,True,3,14,2026-06-17 16:28:34.881154,10,99.3
EXP673085,India,F1,MI,Allianz,102.05,70.26,31.2,Health,True,1,8,2026-07-08 16:28:34.881170,8,97.7
EXP645833,India,E2,FL,AIG,119.82,80.0,33.2,Auto,False,3,10,2026-08-16 16:28:34.881186,7,99.1
EXP413182,India,B1,PA,AIG,127.61,83.54,34.5,Auto+Health,True,3,8,2026-05-31 16:28:34.881202,10,99.3
EXP619156,India,H1B,CA,HDFC ERGO,120.28,86.33,28.2,Renter,True,2,9,2026-06-27 16:28:34.881218,8,98.1
EXP863746,India,F1,CO,IMG Global,128.64,91.92,28.5,Renter,False,1,7,2026-08-24 16:28:34.881234,7,98.0
EXP848133,India,F1,GA,IMG Global,101.35,73.18,27.8,Health,False,1,10,2026-06-01 16:28:34.881249,8,98.5
EXP890492,India,F1,WA,AIG,98.49,65.47,33.5,Renter,True,2,10,2026-08-07 16:28:34.881265,8,97.7
EXP729678,India,B1,GA,AIG,131.16,93.53,28.7,Health,True,2,14,2026-08-25 16:28:34.881281,7,98.7
EXP880178,India,B1,IL,IMG Global,78.11,58.42,25.2,Renter,True,2,10,2026-08-11 16:28:34.881297,7,97.2
EXP328815,India,F1,MI,HDFC ERGO,100.93,79.1,21.6,Auto,True,3,9,2026-07-18 16:28:34.881313,9,98.8
EXP802226,India,E2,GA,AIG,76.33,60.26,21.0,Renter,True,1,11,2026-06-20 16:28:34.881329,8,97.0
EXP325981,India,B1,GA,HDFC ERGO,86.96,58.73,32.5,Auto,True,1,9,2026-08-27 16:28:34.881345,9,97.3
EXP168264,India,B1,IL,AIG,126.88,94.85,25.2,Auto+Health,False,3,12,2026-06-23 16:28:34.881361,7,98.7
EXP601365,India,F1,MI,IMG Global,85.95,56.34,34.4,Health,True,1,13,2026-06-22 16:28:34.881377,9,98.5
EXP583457,India,E2,WA,Allianz,106.73,70.81,33.7,Auto,False,2,10,2026-06-05 16:28:34.881393,7,98.3
EXP448322,India,H1B,CO,HDFC ERGO,85.72,60.99,28.8,Health,True,3,12,2026-08-16 16:28:34.881409,7,98.6
EXP992524,India,L1,MI,HDFC ERGO,77.74,61.23,21.2,Renter,True,1,9,2026-07-05 16:28:34.881425,9,98.1
EXP513666,India,H1B,MI,HDFC ERGO,81.82,64.15,21.6,Auto+Health,True,1,13,2026-06-13 16:28:34.881441,10,97.8
EXP141036,India,L1,IL,Allianz,83.42,62.08,25.6,Health,True,2,13,2026-05-31 16:28:34.881457,7,98.0
EXP144177,India,L1,GA,Allianz,128.59,102.16,20.6,Renter,True,2,8,2026-07-12 16:28:34.881475,9,98.2
EXP247029,India,H1B,MI,IMG Global,124.73,98.39,21.1,Renter,True,2,7,2026-07-10 16:28:34.881490,8,99.1
EXP400358,India,L1,GA,HDFC ERGO,102.92,74.69,27.4,Health,True,3,9,2026-06-10 16:28:34.881506,9,97.7
EXP204028,India,F1,FL,CHUBB,93.41,64.37,31.1,Auto,True,2,12,2026-07-28 16:28:34.881524,7,99.4
EXP206706,India,L1,NC,CHUBB,81.32,62.34,23.3,Auto,False,2,10,2026-07-12 16:28:34.881540,8,99.5
EXP469195,India,B1,NC,CHUBB,129.54,87.28,32.6,Health,True,2,9,2026-07-25 16:28:34.881556,7,99.0
EXP815773,India,B1,TX,ICICI Lombard,141.89,111.18,21.6,Auto+Health,True,3,8,2026-06-10 16:28:34.881572,9,98.2
EXP691876,India,L1,PA,ICICI Lombard,130.74,91.84,29.8,Auto,True,1,13,2026-07-06 16:28:34.881588,9,98.2
EXP109580,India,H1B,NY,Allianz,115.07,77.02,33.1,Renter,True,2,14,2026-07-08 16:28:34.881605,7,98.1
EXP269776,India,H1B,CA,ICICI Lombard,147.63,104.89,29.0,Health,True,3,10,2026-06-10 16:28:34.881621,10,98.2
EXP822507,India,H1B,CO,ICICI Lombard,128.1,94.8,26.0,Auto+Health,False,3,10,2026-08-09 16:28:34.881637,10,99.2
EXP807925,India,H1B,NC,ICICI Lombard,76.7,60.55,21.1,Auto+Health,True,3,14,2026-08-06 16:28:34.881653,10,99.0
EXP585715,India,E2,CA,IMG Global,148.61,114.29,23.1,Renter,True,1,11,2026-06-29 16:28:34.881669,9,99.3
EXP578352,India,F1,MA,CHUBB,100.43,78.42,21.9,Health,True,3,11,2026-08-20 16:28:34.881685,9,97.4
EXP514134,India,H1B,TX,IMG Global,81.11,59.33,26.8,Renter,False,2,14,2026-07-22 16:28:34.881701,8,99.4
EXP900545,India,F1,NC,AIG,128.77,90.22,29.9,Auto,True,1,13,2026-08-20 16:28:34.881717,8,98.0
EXP746279,India,E2,NC,AIG,138.02,92.47,33.0,Renter,True,2,13,2026-08-10 16:28:34.881733,8,97.7
EXP491254,India,L1,MA,ICICI Lombard,133.45,95.91,28.1,Renter,False,1,14,2026-06-29 16:28:34.881750,7,99.0
EXP928055,India,B1,CA,IMG Global,110.3,79.19,28.2,Health,False,2,10,2026-07-16 16:28:34.881765,10,98.5
EXP401190,India,B1,MI,CHUBB,93.56,72.24,22.8,Auto,True,2,9,2026-06-04 16:28:34.881781,8,99.1
EXP437842,India,F1,GA,AIG,143.17,101.39,29.2,Health,True,1,9,2026-06-30 16:28:34.881797,8,98.5
EXP706334,India,F1,CA,AIG,94.48,70.46,25.4,Auto+Health,True,3,10,2026-07-23 16:28:34.881813,10,98.9
EXP879230,India,F1,CO,CHUBB,111.83,77.89,30.4,Health,True,3,9,2026-05-31 16:28:34.881829,10,98.7
EXP193290,India,L1,NY,HDFC ERGO,139.79,98.52,29.5,Auto,True,3,11,2026-07-15 16:28:34.881845,8,97.6
EXP601274,India,B1,WA,IMG Global,79.1,54.76,30.8,Renter,True,3,13,2026-08-23 16:28:34.881861,8,99.4
EXP501756,India,H1B,NC,AIG,138.86,99.46,28.4,Auto,True,3,12,2026-07-28 16:28:34.881877,7,99.1
EXP522966,India,L1,TX,CHUBB,123.98,84.14,32.1,Health,True,1,7,2026-08-22 16:28:34.881893,9,97.4
EXP119692,India,F1,NC,AIG,93.18,69.09,25.9,Auto+Health,True,3,8,2026-06-23 16:28:34.881911,10,99.2
EXP585128,India,H1B,IL,Allianz,107.16,79.41,25.9,Renter,True,2,13,2026-06-10 16:28:34.881926,7,98.9
EXP273384,India,B1,NC,CHUBB,77.54,50.78,34.5,Health,True,1,9,2026-07-23 16:28:34.881942,7,99.0
EXP973559,India,H1B,MI,Allianz,105.94,75.16,29.1,Auto,True,2,10,2026-06-03 16:28:34.881959,7,97.1
EXP567345,India,L1,PA,ICICI Lombard,88.64,58.2,34.3,Auto+Health,True,3,11,2026-08-07 16:28:34.881975,10,99.2
EXP538325,India,H1B,CA,IMG Global,124.66,97.96,21.4,Auto,True,2,13,2026-06-01 16:28:34.881990,8,97.1
EXP162347,India,L1,TX,HDFC ERGO,92.4,69.43,24.9,Renter,True,3,12,2026-08-11 16:28:34.882006,7,97.0
EXP325814,India,B1,IL,CHUBB,141.54,96.89,31.5,Health,True,1,14,2026-07-10 16:28:34.882022,8,99.3
EXP910780,India,L1,WA,Allianz,116.13,85.08,26.7,Renter,True,3,11,2026-06-23 16:28:34.882038,9,97.5
EXP969608,India,F1,GA,Allianz,81.45,57.93,28.9,Health,False,3,9,2026-06-22 16:28:34.882055,9,97.7
EXP917225,India,H1B,MI,CHUBB,126.82,99.6,21.5,Health,True,1,13,2026-06-30 16:28:34.882071,10,99.0
EXP334741,India,E2,FL,CHUBB,127.04,98.62,22.4,Auto+Health,False,3,14,2026-06-15 16:28:34.882087,9,99.0
EXP324339,India,L1,FL,CHUBB,130.67,96.08,26.5,Auto,True,3,8,2026-07-22 16:28:34.882103,9,98.7
EXP572407,India,E2,MI,Allianz,103.74,74.25,28.4,Auto+Health,True,1,14,2026-08-24 16:28:34.882120,9,99.2
EXP853114,India,L1,NY,HDFC ERGO,99.43,66.74,32.9,Health,False,1,8,2026-07-15 16:28:34.882136,10,97.3
EXP725070,India,B1,IL,IMG Global,133.66,93.29,30.2,Health,True,3,12,2026-06-12 16:28:34.882152,10,99.0
EXP696587,India,E2,IL,HDFC ERGO,86.44,56.84,34.2,Auto+Health,True,1,10,2026-06-02 16:28:34.882168,7,99.4
EXP630419,India,B1,GA,HDFC ERGO,95.61,66.52,30.4,Renter,True,3,11,2026-06-13 16:28:34.882183,7,97.8
EXP507827,India,L1,WA,ICICI Lombard,141.23,93.62,33.7,Health,True,1,9,2026-06-15 16:28:34.882199,10,99.2
EXP537886,India,B1,NY,ICICI Lombard,106.27,84.93,20.1,Renter,True,2,10,2026-06-10 16:28:34.882215,10,97.0
EXP882107,India,L1,GA,HDFC ERGO,123.58,96.59,21.8,Auto+Health,True,3,8,2026-07-15 16:28:34.882231,7,98.6
EXP164454,India,F1,MI,IMG Global,87.79,62.0,29.4,Auto+Health,True,1,12,2026-06-12 16:28:34.882247,8,98.7
EXP459392,India,H1B,FL,Allianz,137.79,110.17,20.0,Auto+Health,True,2,10,2026-07-24 16:28:34.882263,8,98.4
EXP952908,India,B1,NC,AIG,88.46,69.6,21.3,Auto,True,3,11,2026-07-10 16:28:34.882279,8,99.3
EXP124321,India,E2,IL,AIG,79.17,61.65,22.1,Health,False,3,12,2026-06-05 16:28:34.882295,9,98.7
EXP640167,India,B1,CO,CHUBB,126.09,86.84,31.1,Health,False,2,10,2026-08-09 16:28:34.882311,9,97.6
EXP337494,India,H1B,TX,ICICI Lombard,94.66,66.92,29.3,Auto,False,3,14,2026-07-03 16:28:34.882326,7,97.3
EXP477828,India,H1B,FL,AIG,113.06,90.09,20.3,Auto,True,2,7,2026-08-01 16:28:34.882343,9,99.3
EXP231951,India,F1,IL,IMG Global,131.47,93.23,29.1,Auto,False,2,11,2026-07-20 16:28:34.882358,8,97.9
EXP771383,India,F1,FL,Allianz,129.87,100.08,22.9,Auto+Health,True,2,10,2026-07-15 16:28:34.882374,8,97.8
EXP714600,India,H1B,NC,IMG Global,104.82,76.22,27.3,Health,False,2,8,2026-06-13 16:28:34.882390,10,98.0
EXP119445,India,B1,PA,ICICI Lombard,145.59,101.13,30.5,Renter,True,2,11,2026-08-13 16:28:34.882406,8,97.3
EXP421110,India,H1B,IL,Allianz,89.28,63.15,29.3,Auto+Health,True,1,7,2026-06-25 16:28:34.882422,10,97.2
EXP815247,India,H1B,FL,IMG Global,96.2,73.68,23.4,Health,True,3,9,2026-07-20 16:28:34.882438,10,99.1
EXP835202,India,B1,NY,AIG,78.78,59.22,24.8,Auto,True,3,10,2026-07-07 16:28:34.882454,10,98.5
EXP545101,India,E2,FL,ICICI Lombard,85.07,60.22,29.2,Renter,True,3,12,2026-07-03 16:28:34.882469,7,97.5
EXP452431,India,E2,FL,CHUBB,116.9,80.73,30.9,Renter,True,2,9,2026-06-08 16:28:34.882485,8,98.6
EXP325759,India,B1,MI,HDFC ERGO,133.92,103.78,22.5,Renter,True,2,11,2026-07-19 16:28:34.882501,7,97.3
EXP543794,India,F1,MA,IMG Global,110.98,74.27,33.1,Auto,True,1,14,2026-08-10 16:28:34.882517,9,97.1
EXP920334,India,H1B,CA,Allianz,115.97,79.73,31.2,Health,True,1,10,2026-08-18 16:28:34.882533,7,99.5
EXP939521,India,F1,NC,IMG Global,128.51,95.27,25.9,Auto+Health,True,1,7,2026-08-25 16:28:34.882549,8,98.4
EXP890523,India,F1,CA,Allianz,85.98,62.5,27.3,Health,True,2,8,2026-07-31 16:28:34.882567,8,97.5
EXP884812,India,L1,PA,CHUBB,127.63,91.94,28.0,Auto,True,1,11,2026-08-01 16:28:34.882583,10,98.7
EXP610549,India,L1,MA,IMG Global,113.05,87.09,23.0,Health,True,1,10,2026-06-19 16:28:34.882599,7,98.4
EXP295441,India,F1,FL,HDFC ERGO,83.84,56.88,32.2,Health,False,1,8,2026-08-09 16:28:34.882615,7,97.0
EXP620323,India,B1,MI,ICICI Lombard,122.23,85.17,30.3,Auto,False,2,12,2026-07-15 16:28:34.882631,9,97.5
EXP615028,India,L1,IL,IMG Global,99.63,66.13,33.6,Health,True,1,12,2026-08-12 16:28:34.882647,9,99.2
EXP814490,India,F1,WA,HDFC ERGO,100.38,68.14,32.1,Renter,True,2,11,2026-08-06 16:28:34.882663,10,98.4
EXP849229,India,F1,WA,AIG,77.59,55.99,27.8,Renter,True,3,9,2026-08-02 16:28:34.882679,10,97.1
EXP111768,India,F1,CA,IMG Global,103.81,75.64,27.1,Auto,True,3,7,2026-06-07 16:28:34.882694,8,97.4
EXP935308,India,B1,GA,CHUBB,132.91,99.87,24.9,Health,True,2,14,2026-06-10 16:28:34.882710,7,97.1
EXP874511,India,L1,NY,ICICI Lombard,104.38,70.69,32.3,Health,True,2,9,2026-06-19 16:28:34.882727,8,98.0
EXP980378,India,B1,NY,CHUBB,139.26,94.26,32.3,Auto,True,2,7,2026-05-30 16:28:34.882742,10,98.7
EXP448853,India,F1,WA,ICICI Lombard,82.2,54.0,34.3,Auto+Health,True,3,10,2026-06-08 16:28:34.882760,9,99.5
EXP112082,India,E2,CA,CHUBB,144.16,105.09,27.1,Auto+Health,True,1,8,2026-08-25 16:28:34.882776,10,97.4
EXP135219,India,E2,WA,AIG,79.63,52.74,33.8,Auto+Health,True,3,14,2026-07-29 16:28:34.882792,9,98.4
EXP729998,India,F1,TX,IMG Global,99.27,72.82,26.6,Auto+Health,True,1,9,2026-08-08 16:28:34.882808,10,97.2
EXP332975,India,L1,GA,CHUBB,83.29,61.57,26.1,Renter,False,2,13,2026-08-26 16:28:34.882824,10,97.1
EXP641440,India,B1,NY,ICICI Lombard,95.96,63.04,34.3,Renter,False,2,12,2026-06-19 16:28:34.882840,9,99.3
EXP697493,India,F1,CA,HDFC ERGO,85.34,66.76,21.8,Health,True,3,9,2026-08-05 16:28:34.882858,10,98.5
EXP989915,India,B1,CA,Allianz,130.23,94.09,27.7,Auto+Health,True,3,8,2026-06-09 16:28:34.882874,9,98.0
EXP737572,India,F1,FL,HDFC ERGO,145.25,102.47,29.5,Renter,True,2,8,2026-06-08 16:28:34.882890,10,99.1
EXP370098,India,F1,PA,AIG,137.19,92.0,32.9,Auto+Health,True,1,7,2026-08-23 16:28:34.882906,10,97.7
EXP861911,India,F1,MI,Allianz,119.0,78.87,33.7,Auto+Health,True,3,14,2026-07-22 16:28:34.882922,8,98.4
EXP392916,India,H1B,GA,HDFC ERGO,124.78,96.36,22.8,Health,True,2,10,2026-06-28 16:28:34.882938,8,97.6
EXP472027,India,E2,FL,HDFC ERGO,144.31,99.55,31.0,Renter,True,2,7,2026-08-12 16:28:34.882954,9,98.7
EXP542569,India,L1,NY,IMG Global,144.68,101.66,29.7,Auto,True,1,7,2026-06-07 16:28:34.882971,8,99.3
EXP491403,India,B1,MA,Allianz,107.47,82.8,23.0,Auto,True,1,12,2026-07-01 16:28:34.882987,10,98.7
EXP635451,India,F1,WA,ICICI Lombard,146.33,104.63,28.5,Auto,True,1,11,2026-08-26 16:28:34.883003,8,99.1
EXP898008,India,L1,MA,CHUBB,128.44,90.71,29.4,Auto+Health,True,3,9,2026-07-02 16:28:34.883019,10,98.6
EXP956513,India,B1,NC,CHUBB,106.99,72.85,31.9,Health,True,2,9,2026-07-06 16:28:34.883035,7,98.3
EXP907536,India,H1B,NC,AIG,105.77,77.16,27.1,Renter,False,2,14,2026-08-07 16:28:34.883051,8,98.7
EXP358437,India,H1B,CA,HDFC ERGO,149.35,110.47,26.0,Auto+Health,False,3,14,2026-07-03 16:28:34.883067,9,99.1
EXP417991,India,L1,NC,AIG,134.39,102.8,23.5,Auto+Health,True,3,10,2026-07-25 16:28:34.883083,9,97.7
EXP437113,India,F1,FL,Allianz,75.38,52.21,30.7,Auto+Health,True,2,8,2026-07-06 16:28:34.883099,7,98.5
EXP853952,India,E2,IL,CHUBB,114.88,79.89,30.5,Renter,True,3,10,2026-07-08 16:28:34.883115,7,99.0
EXP757504,India,H1B,MA,CHUBB,133.43,101.19,24.2,Auto,True,3,12,2026-08-25 16:28:34.883131,8,98.3
EXP804115,India,H1B,NY,CHUBB,112.16,79.05,29.5,Health,True,1,10,2026-06-25 16:28:34.883148,10,98.9
EXP974061,India,E2,NC,IMG Global,103.15,72.29,29.9,Auto+Health,True,2,14,2026-07-12 16:28:34.883164,10,98.6
EXP458745,India,F1,CA,Allianz,95.44,71.63,25.0,Health,False,2,9,2026-08-05 16:28:34.883180,9,97.8
EXP661645,India,H1B,PA,Allianz,121.58,94.8,22.0,Renter,False,2,14,2026-07-05 16:28:34.883196,10,97.2
EXP903817,India,H1B,GA,ICICI Lombard,108.86,80.1,26.4,Renter,True,3,7,2026-08-03 16:28:34.883212,7,99.5
EXP671711,India,E2,MI,AIG,111.72,79.15,29.2,Health,False,3,11,2026-06-29 16:28:34.883228,8,98.0
EXP219012,India,E2,IL,HDFC ERGO,86.74,66.91,22.9,Health,True,2,13,2026-07-08 16:28:34.883244,10,97.5
EXP331746,India,H1B,NC,HDFC ERGO,109.41,71.86,34.3,Auto+Health,False,2,8,2026-08-05 16:28:34.883260,9,98.3
EXP650245,India,H1B,NY,Allianz,133.78,88.33,34.0,Auto,True,2,9,2026-07-18 16:28:34.883276,9,99.2
EXP483881,India,B1,FL,AIG,97.04,70.24,27.6,Auto,True,2,10,2026-08-18 16:28:34.883292,10,99.0
EXP138991,India,H1B,NC,Allianz,127.27,87.06,31.6,Auto,True,1,12,2026-06-01 16:28:34.883308,8,98.8
EXP305623,India,H1B,GA,ICICI Lombard,128.96,100.98,21.7,Renter,False,3,11,2026-07-08 16:28:34.883324,9,99.1
EXP644393,India,E2,NY,ICICI Lombard,147.28,107.37,27.1,Auto,True,2,7,2026-07-04 16:28:34.883339,7,97.5
EXP233403,India,B1,NC,AIG,128.52,101.18,21.3,Auto+Health,False,1,8,2026-08-27 16:28:34.883356,9,99.3
EXP859291,India,F1,CA,Allianz,98.09,77.97,20.5,Health,True,3,11,2026-06-09 16:28:34.883372,8,97.8
EXP787086,India,L1,MA,HDFC ERGO,116.9,92.76,20.7,Auto+Health,True,2,9,2026-06-09 16:28:34.883388,8,97.6
EXP750757,India,H1B,TX,HDFC ERGO,97.96,76.46,22.0,Renter,True,1,13,2026-08-02 16:28:34.883406,10,97.9
EXP406557,India,F1,IL,ICICI Lombard,115.02,90.26,21.5,Renter,True,3,13,2026-07-29 16:28:34.883422,9,97.6
EXP454259,India,E2,GA,HDFC ERGO,85.81,61.3,28.6,Renter,True,2,13,2026-06-21 16:28:34.883438,9,98.2
EXP678963,India,E2,CA,CHUBB,107.64,72.79,32.4,Auto+Health,True,2,7,2026-06-02 16:28:34.883454,8,99.0
EXP547554,India,F1,CA,HDFC ERGO,97.59,63.7,34.7,Auto+Health,True,3,8,2026-07-10 16:28:34.883470,7,98.9
EXP896022,India,E2,NY,CHUBB,142.44,102.98,27.7,Health,True,3,7,2026-07-03 16:28:34.883486,7,97.6
EXP686626,India,L1,WA,ICICI Lombard,98.72,70.85,28.2,Renter,True,3,7,2026-07-21 16:28:34.883502,7,99.3
EXP949176,India,H1B,CO,HDFC ERGO,145.57,101.19,30.5,Renter,True,1,13,2026-08-22 16:28:34.883518,9,98.0
EXP799712,India,E2,NC,IMG Global,142.96,102.52,28.3,Auto+Health,True,3,7,2026-06-30 16:28:34.883534,10,97.8
EXP379519,India,E2,CO,IMG Global,132.59,87.14,34.3,Auto+Health,False,2,7,2026-06-28 16:28:34.883550,10,99.4
EXP612149,India,L1,MI,IMG Global,86.0,58.61,31.8,Auto+Health,True,3,11,2026-06-24 16:28:34.883566,9,98.1
EXP905236,India,E2,FL,HDFC ERGO,113.72,78.87,30.6,Auto+Health,True,3,7,2026-06-05 16:28:34.883582,9,97.8
EXP489274,India,H1B,IL,IMG Global,91.19,65.54,28.1,Health,True,3,11,2026-06-08 16:28:34.883598,7,99.4
EXP234938,India,H1B,PA,AIG,94.44,61.96,34.4,Renter,True,3,10,2026-06-29 16:28:34.883614,7,98.6
EXP729367,India,L1,GA,HDFC ERGO,142.54,113.85,20.1,Auto+Health,True,1,10,2026-07-31 16:28:34.883634,9,98.9
EXP283740,India,F1,GA,Allianz,79.3,62.33,21.4,Health,True,2,7,2026-07-20 16:28:34.883651,10,98.7
EXP459702,India,F1,NC,IMG Global,109.36,77.01,29.6,Auto+Health,True,2,7,2026-06-13 16:28:34.883667,10,97.8
EXP919509,India,B1,FL,HDFC ERGO,79.38,53.17,33.0,Auto+Health,True,3,8,2026-06-27 16:28:34.883683,8,98.4
EXP728446,India,B1,NY,CHUBB,136.08,98.61,27.5,Auto,True,2,11,2026-08-11 16:28:34.883699,8,98.8
EXP377861,India,E2,MA,IMG Global,122.95,86.45,29.7,Health,True,1,8,2026-06-11 16:28:34.883715,9,99.4
EXP874805,India,B1,IL,AIG,78.95,54.47,31.0,Health,True,1,10,2026-07-09 16:28:34.883731,10,98.2
EXP441907,India,B1,MI,AIG,142.47,100.5,29.5,Renter,True,3,12,2026-08-15 16:28:34.883747,8,97.7
EXP637152,India,B1,GA,IMG Global,140.58,96.73,31.2,Health,True,2,13,2026-08-19 16:28:34.883763,7,98.0
EXP956093,India,F1,NY,CHUBB,116.04,84.25,27.4,Renter,False,1,11,2026-08-12 16:28:34.883779,10,97.9
EXP991631,India,L1,GA,AIG,114.47,85.84,25.0,Renter,False,3,11,2026-06-14 16:28:34.883794,8,98.7
EXP599702,India,F1,IL,AIG,77.24,53.26,31.0,Renter,True,3,7,2026-07-09 16:28:34.883810,9,98.5
EXP831415,India,L1,FL,ICICI Lombard,77.01,52.45,31.9,Renter,True,1,13,2026-06-30 16:28:34.883826,10,98.2
EXP157861,India,L1,NC,IMG Global,75.66,51.48,32.0,Renter,True,3,12,2026-08-03 16:28:34.883842,8,98.7
EXP858933,India,H1B,CA,ICICI Lombard,120.0,92.44,23.0,Auto,False,1,10,2026-06-12 16:28:34.883858,10,99.4
EXP962189,India,F1,NC,IMG Global,112.36,82.56,26.5,Auto,False,3,12,2026-07-01 16:28:34.883874,8,97.3
EXP727479,India,E2,WA,HDFC ERGO,133.04,102.19,23.2,Auto+Health,False,1,13,2026-07-11 16:28:34.883890,7,99.0
EXP417268,India,H1B,WA,CHUBB,141.83,97.08,31.6,Auto,True,2,13,2026-08-17 16:28:34.883906,10,97.9
EXP423465,India,H1B,MA,Allianz,79.94,53.22,33.4,Health,False,3,13,2026-06-18 16:28:34.883922,10,98.0
EXP738970,India,F1,WA,CHUBB,107.45,77.6,27.8,Auto+Health,False,1,14,2026-08-25 16:28:34.883938,7,97.0
EXP512551,India,L1,IL,CHUBB,120.19,81.57,32.1,Auto+Health,True,2,12,2026-05-30 16:28:34.883954,7,99.3
EXP284766,India,F1,NY,HDFC ERGO,116.62,92.91,20.3,Auto,True,2,7,2026-06-23 16:28:34.883970,10,98.2
EXP895825,India,F1,NC,ICICI Lombard,114.74,81.77,28.7,Auto+Health,True,3,7,2026-05-30 16:28:34.883988,10,98.0
EXP274952,India,F1,MA,Allianz,115.74,88.48,23.6,Auto+Health,True,3,9,2026-06-13 16:28:34.884004,8,97.4
EXP469687,India,F1,FL,AIG,116.25,76.35,34.3,Auto+Health,True,2,9,2026-06-08 16:28:34.884020,7,97.6
EXP148876,India,E2,CA,IMG Global,101.45,72.34,28.7,Auto,True,2,14,2026-07-31 16:28:34.884036,7,97.9
EXP206193,India,E2,WA,HDFC ERGO,147.17,116.72,20.7,Health,True,3,13,2026-06-17 16:28:34.884053,8,99.3
EXP519858,India,H1B,WA,CHUBB,100.15,65.66,34.4,Renter,True,1,13,2026-06-19 16:28:34.884069,7,98.2
EXP102878,India,H1B,WA,IMG Global,122.73,86.23,29.7,Renter,True,3,14,2026-08-25 16:28:34.884085,7,98.7
EXP280989,India,L1,MA,IMG Global,99.91,70.5,29.4,Auto,True,1,11,2026-08-04 16:28:34.884101,10,97.7
EXP913986,India,L1,FL,ICICI Lombard,125.15,96.21,23.1,Renter,True,1,7,2026-08-06 16:28:34.884117,9,98.6
EXP204078,India,B1,TX,Allianz,147.37,100.37,31.9,Renter,False,2,14,2026-06-21 16:28:34.884133,10,98.1
EXP639259,India,H1B,MA,AIG,104.58,79.16,24.3,Auto,True,3,7,2026-06-10 16:28:34.884150,8,98.2
EXP438927,India,B1,MI,HDFC ERGO,149.09,113.07,24.2,Auto+Health,True,3,13,2026-06-07 16:28:34.884166,8,98.0
EXP345822,India,L1,CA,IMG Global,94.44,63.31,33.0,Auto,False,1,12,2026-06-10 16:28:34.884182,7,99.4
EXP818481,India,E2,GA,HDFC ERGO,114.95,75.47,34.3,Health,True,3,9,2026-08-23 16:28:34.884198,7,97.6
EXP373977,India,E2,NY,CHUBB,96.9,69.87,27.9,Auto+Health,True,1,11,2026-07-07 16:28:34.884215,8,98.8
EXP852400,India,F1,WA,CHUBB,122.62,85.94,29.9,Auto,True,1,10,2026-06-23 16:28:34.884230,7,99.0
EXP383978,India,F1,GA,CHUBB,116.26,76.43,34.3,Health,True,1,7,2026-08-27 16:28:34.884246,7,98.8
EXP180507,India,F1,PA,HDFC ERGO,80.06,53.75,32.9,Renter,True,2,12,2026-06-24 16:28:34.884264,9,98.1
EXP177199,India,B1,CO,HDFC ERGO,128.07,87.09,32.0,Auto+Health,True,2,10,2026-07-20 16:28:34.884280,9,98.7
EXP172627,India,H1B,PA,CHUBB,132.89,95.77,27.9,Health,True,2,9,2026-06-02 16:28:34.884296,10,97.1
EXP283734,India,E2,NY,CHUBB,112.11,81.54,27.3,Renter,True,3,10,2026-07-24 16:28:34.884312,8,97.2
EXP742230,India,L1,IL,AIG,108.26,73.91,31.7,Renter,True,3,11,2026-07-26 16:28:34.884328,7,97.4
EXP426078,India,L1,MI,AIG,118.22,83.1,29.7,Auto+Health,True,1,13,2026-07-14 16:28:34.884344,8,99.3
EXP282445,India,E2,WA,AIG,114.85,89.77,21.8,Auto+Health,True,3,12,2026-08-13 16:28:34.884360,10,98.5
EXP179756,India,F1,MI,AIG,77.89,62.1,20.3,Health,True,1,12,2026-06-11 16:28:34.884376,10,97.2
EXP472566,India,E2,CO,AIG,115.08,82.13,28.6,Renter,True,2,7,2026-08-11 16:28:34.884392,9,97.9
EXP908100,India,H1B,MI,Allianz,118.22,83.84,29.1,Auto,True,2,12,2026-08-02 16:28:34.884408,9,98.1
EXP317858,India,H1B,IL,ICICI Lombard,124.24,83.67,32.7,Auto+Health,False,2,7,2026-08-04 16:28:34.884424,8,97.9
EXP282618,India,B1,MI,HDFC ERGO,95.36,71.33,25.2,Auto+Health,True,3,11,2026-08-14 16:28:34.884440,7,97.6
EXP548611,India,E2,MI,Allianz,144.43,101.15,30.0,Auto+Health,True,3,11,2026-08-24 16:28:34.884456,10,98.3
EXP549179,India,H1B,WA,HDFC ERGO,123.83,91.31,26.3,Auto+Health,True,3,12,2026-08-10 16:28:34.884472,9,99.1
EXP941505,India,L1,CO,IMG Global,107.27,80.84,24.6,Renter,True,1,13,2026-07-05 16:28:34.884488,8,99.1
EXP572828,India,L1,IL,ICICI Lombard,124.41,89.13,28.4,Health,True,3,10,2026-07-04 16:28:34.884504,9,98.0
EXP257536,India,B1,CO,Allianz,146.79,105.88,27.9,Auto,True,1,12,2026-07-25 16:28:34.884520,7,98.9
EXP674254,India,H1B,TX,Allianz,138.89,93.9,32.4,Health,True,3,12,2026-08-07 16:28:34.884536,9,99.1
EXP426663,India,B1,GA,AIG,140.57,95.52,32.0,Health,False,2,14,2026-06-25 16:28:34.884552,8,97.2
EXP522635,India,F1,CO,CHUBB,87.83,59.37,32.4,Health,True,3,11,2026-05-29 16:28:34.884567,7,98.2
EXP395698,India,B1,WA,Allianz,121.11,93.41,22.9,Renter,True,3,14,2026-07-14 16:28:34.884583,7,98.7
EXP312125,India,H1B,NY,ICICI Lombard,96.01,75.48,21.4,Auto+Health,False,3,14,2026-07-21 16:28:34.884599,10,99.0
EXP444898,India,F1,IL,AIG,117.36,83.29,29.0,Renter,True,2,14,2026-06-26 16:28:34.884615,10,98.3
EXP530853,India,H1B,PA,ICICI Lombard,138.57,104.71,24.4,Renter,True,2,8,2026-08-14 16:28:34.884631,9,98.2
EXP818965,India,F1,NC,Allianz,76.53,51.18,33.1,Auto+Health,True,2,13,2026-08-09 16:28:34.884646,8,97.4
EXP586161,India,B1,IL,AIG,122.6,84.92,30.7,Renter,True,1,12,2026-07-27 16:28:34.884662,10,97.0
EXP434035,India,B1,FL,HDFC ERGO,130.73,87.39,33.1,Renter,True,1,9,2026-08-06 16:28:34.884681,9,98.5
EXP130908,India,F1,NC,CHUBB,85.5,67.02,21.6,Auto,True,3,14,2026-07-07 16:28:34.884698,9,99.4
EXP712641,India,B1,WA,AIG,92.32,67.45,26.9,Renter,True,2,12,2026-06-06 16:28:34.884716,9,97.4
EXP167653,India,E2,PA,CHUBB,123.13,83.06,32.5,Auto,True,3,10,2026-08-24 16:28:34.884739,9,99.3
EXP467347,India,E2,TX,AIG,144.38,100.67,30.3,Auto+Health,True,2,10,2026-07-19 16:28:34.884761,7,97.1
EXP704601,India,H1B,IL,AIG,76.98,50.51,34.4,Health,True,2,14,2026-07-26 16:28:34.884780,8,98.5
EXP494821,India,F1,IL,AIG,99.75,72.25,27.6,Health,True,2,11,2026-08-08 16:28:34.884796,7,99.0
EXP944804,India,L1,GA,ICICI Lombard,122.68,79.94,34.8,Auto+Health,False,3,10,2026-06-14 16:28:34.884812,8,97.4
EXP373208,India,L1,TX,IMG Global,129.56,99.21,23.4,Health,True,1,11,2026-07-10 16:28:34.884827,8,98.9
EXP927834,India,H1B,NY,Allianz,131.13,96.2,26.6,Auto+Health,True,1,13,2026-06-20 16:28:34.884843,7,97.4
EXP785055,India,E2,TX,IMG Global,106.33,70.82,33.4,Auto+Health,True,2,14,2026-08-15 16:28:34.884859,7,97.2
EXP342514,India,E2,IL,AIG,119.34,91.19,23.6,Auto+Health,True,2,8,2026-06-29 16:28:34.884874,10,98.9
EXP373644,India,F1,TX,Allianz,128.97,91.73,28.9,Renter,True,2,12,2026-06-08 16:28:34.884892,10,97.1
EXP599913,India,F1,NC,IMG Global,86.11,63.16,26.7,Auto+Health,True,2,9,2026-07-04 16:28:34.884908,8,97.4
EXP342714,India,L1,GA,AIG,109.67,81.67,25.5,Renter,True,3,14,2026-07-04 16:28:34.884923,9,99.1
EXP866227,India,F1,GA,AIG,86.9,68.98,20.6,Renter,False,3,9,2026-06-22 16:28:34.884939,8,98.2
EXP298971,India,F1,NC,AIG,143.26,104.86,26.8,Renter,True,2,11,2026-06-25 16:28:34.884955,8,99.0
EXP585333,India,H1B,FL,HDFC ERGO,112.0,82.37,26.5,Health,True,1,10,2026-06-03 16:28:34.884971,7,98.2
EXP289395,India,H1B,MA,AIG,95.91,72.28,24.6,Renter,True,2,14,2026-08-13 16:28:34.884987,10,99.2
EXP871724,India,F1,CA,HDFC ERGO,90.78,60.16,33.7,Health,True,1,12,2026-05-30 16:28:34.885003,9,97.8
EXP347560,India,E2,NC,Allianz,133.21,102.31,23.2,Health,False,1,11,2026-06-02 16:28:34.885019,8,97.1
EXP582255,India,F1,TX,HDFC ERGO,92.82,67.1,27.7,Health,False,2,12,2026-07-14 16:28:34.885035,8,97.5
EXP582352,India,B1,GA,AIG,75.03,59.93,20.1,Health,True,1,14,2026-07-14 16:28:34.885050,8,98.1
EXP995527,India,L1,PA,IMG Global,93.33,62.93,32.6,Renter,False,1,13,2026-08-12 16:28:34.885066,10,99.0
EXP903154,India,E2,CO,AIG,88.7,66.61,24.9,Health,True,1,8,2026-08-11 16:28:34.885082,10,99.2
EXP762979,India,F1,MI,IMG Global,141.02,93.84,33.5,Health,True,3,8,2026-07-27 16:28:34.885098,7,99.4
EXP669964,India,F1,CA,CHUBB,115.22,79.93,30.6,Renter,True,1,13,2026-06-07 16:28:34.885114,8,99.1
EXP856215,India,H1B,CO,IMG Global,98.05,71.15,27.4,Auto,True,1,9,2026-06-27 16:28:34.885129,7,97.5
EXP385866,India,E2,CO,ICICI Lombard,132.8,86.57,34.8,Renter,False,1,14,2026-06-19 16:28:34.885145,9,99.2
EXP479462,India,B1,CO,ICICI Lombard,146.2,98.8,32.4,Renter,False,2,7,2026-07-10 16:28:34.885161,9,98.6
EXP405171,India,L1,TX,IMG Global,85.33,62.91,26.3,Auto+Health,True,3,14,2026-06-03 16:28:34.885177,10,98.9
EXP573353,India,H1B,MA,Allianz,79.13,56.48,28.6,Auto+Health,True,2,7,2026-06-03 16:28:34.885193,8,98.6
EXP666658,India,E2,NC,CHUBB,131.63,87.0,33.9,Health,True,2,7,2026-06-11 16:28:34.885209,10,99.5
EXP643807,India,F1,PA,CHUBB,117.02,92.45,21.0,Auto,False,3,10,2026-07-02 16:28:34.885225,8,98.2
EXP726410,India,H1B,NY,HDFC ERGO,116.85,92.95,20.5,Auto,False,3,11,2026-06-07 16:28:34.885240,10,98.1
EXP707867,India,L1,MI,AIG,122.97,83.86,31.8,Renter,True,2,9,2026-07-04 16:28:34.885256,10,99.5
EXP964952,India,B1,NC,HDFC ERGO,133.76,91.39,31.7,Auto,True,3,11,2026-07-01 16:28:34.885272,7,97.5
EXP343756,India,B1,MI,IMG Global,88.71,60.95,31.3,Auto+Health,False,3,11,2026-08-10 16:28:34.885288,10,98.7
EXP227588,India,B1,WA,CHUBB,117.34,87.55,25.4,Health,True,3,9,2026-05-30 16:28:34.885304,8,97.3
EXP509103,India,B1,CO,ICICI Lombard,75.5,53.34,29.3,Auto+Health,False,2,11,2026-07-25 16:28:34.885320,10,99.3
EXP941780,India,H1B,GA,AIG,119.48,90.29,24.4,Auto,True,2,7,2026-06-08 16:28:34.885336,9,98.5
EXP431339,India,E2,NY,AIG,91.45,68.82,24.7,Auto+Health,True,1,8,2026-07-25 16:28:34.885353,9,97.2
EXP228688,India,L1,IL,HDFC ERGO,147.28,98.29,33.3,Auto+Health,True,3,9,2026-08-03 16:28:34.885369,10,97.3
EXP479431,India,E2,FL,AIG,112.12,84.17,24.9,Auto,True,3,8,2026-06-15 16:28:34.885385,9,98.3
EXP258064,India,L1,PA,HDFC ERGO,149.21,107.74,27.8,Health,True,3,9,2026-06-17 16:28:34.885401,9,99.0
EXP808318,India,H1B,PA,Allianz,90.44,64.79,28.4,Auto,True,3,13,2026-07-13 16:28:34.885417,10,99.3
EXP716299,India,F1,CA,CHUBB,102.6,72.69,29.2,Auto,False,2,14,2026-07-04 16:28:34.885433,9,99.3
EXP110254,India,L1,PA,Allianz,116.95,79.77,31.8,Health,True,2,9,2026-06-04 16:28:34.885449,7,99.3
EXP787599,India,B1,MI,Allianz,147.46,103.39,29.9,Auto+Health,True,3,10,2026-06-15 16:28:34.885464,10,99.2
EXP471303,India,B1,MI,Allianz,76.9,59.59,22.5,Renter,False,3,11,2026-06-23 16:28:34.885480,10,99.4
EXP697968,India,F1,MI,IMG Global,140.66,109.57,22.1,Renter,True,2,13,2026-06-03 16:28:34.885496,8,97.4
EXP401030,India,E2,TX,CHUBB,132.15,87.9,33.5,Auto+Health,True,3,11,2026-06-19 16:28:34.885512,7,97.3
EXP921132,India,F1,TX,IMG Global,134.91,90.18,33.2,Health,False,3,14,2026-06-29 16:28:34.885528,8,99.3
EXP381729,India,B1,NC,ICICI Lombard,136.15,102.47,24.7,Health,True,1,8,2026-08-12 16:28:34.885544,7,98.5
EXP532460,India,E2,FL,ICICI Lombard,113.8,83.25,26.8,Auto+Health,True,2,8,2026-06-18 16:28:34.885560,8,97.3
EXP750489,India,E2,CA,IMG Global,76.9,52.02,32.3,Health,True,1,8,2026-07-16 16:28:34.885576,7,97.3
EXP824617,India,F1,FL,IMG Global,129.03,101.82,21.1,Auto+Health,True,2,11,2026-07-17 16:28:34.885592,10,98.3
EXP508791,India,L1,FL,AIG,128.52,84.71,34.1,Auto+Health,True,1,14,2026-05-30 16:28:34.885608,9,97.4
EXP783010,India,H1B,FL,HDFC ERGO,128.78,90.67,29.6,Auto,True,3,7,2026-06-18 16:28:34.885624,7,98.8
EXP442522,India,L1,IL,HDFC ERGO,105.83,69.99,33.9,Renter,True,1,8,2026-07-20 16:28:34.885640,8,98.8
EXP672400,India,H1B,TX,Allianz,96.29,75.41,21.7,Auto,False,1,14,2026-08-03 16:28:34.885656,9,98.1
EXP973649,India,F1,IL,CHUBB,128.31,95.51,25.6,Health,True,3,10,2026-07-04 16:28:34.885679,9,98.5
EXP123521,India,B1,TX,CHUBB,143.18,101.25,29.3,Renter,True,3,14,2026-08-22 16:28:34.885695,9,98.7
EXP317259,India,E2,GA,ICICI Lombard,125.28,99.19,20.8,Health,True,2,11,2026-06-29 16:28:34.885712,8,97.5
EXP619794,India,E2,MA,CHUBB,110.23,78.96,28.4,Health,True,2,11,2026-07-24 16:28:34.885727,7,99.3
EXP412807,India,F1,MI,Allianz,120.54,87.97,27.0,Renter,True,1,14,2026-08-04 16:28:34.885744,9,98.5
EXP796995,India,B1,TX,CHUBB,107.76,81.12,24.7,Auto+Health,False,3,11,2026-08-22 16:28:34.885760,8,98.3
EXP238400,India,E2,NC,Allianz,138.36,99.03,28.4,Renter,True,3,8,2026-08-02 16:28:34.885776,8,98.7
EXP794692,India,F1,MI,Allianz,90.24,61.06,32.3,Renter,True,2,11,2026-07-01 16:28:34.885791,10,99.3
EXP633064,India,H1B,WA,HDFC ERGO,95.98,70.02,27.0,Renter,True,3,10,2026-06-22 16:28:34.885808,10,99.3
EXP634599,India,H1B,MA,IMG Global,84.26,66.83,20.7,Auto+Health,True,2,12,2026-07-15 16:28:34.885823,9,99.3
EXP245852,India,F1,NY,CHUBB,86.88,69.46,20.0,Auto,False,1,9,2026-06-13 16:28:34.885840,9,97.8
EXP909800,India,H1B,GA,CHUBB,132.14,93.87,29.0,Auto+Health,True,2,12,2026-07-04 16:28:34.885856,7,97.7
EXP402817,India,E2,PA,HDFC ERGO,148.95,115.81,22.2,Auto+Health,True,1,12,2026-06-22 16:28:34.885871,7,98.2
EXP414629,India,L1,CO,HDFC ERGO,98.72,65.14,34.0,Renter,False,3,7,2026-07-10 16:28:34.885888,10,98.2
EXP138696,India,F1,CO,IMG Global,128.46,97.52,24.1,Auto+Health,True,3,12,2026-07-04 16:28:34.885904,7,98.7
EXP323876,India,H1B,PA,HDFC ERGO,143.96,103.42,28.2,Auto,True,2,7,2026-07-23 16:28:34.885920,9,98.2
EXP810002,India,L1,IL,AIG,134.38,103.52,23.0,Health,True,3,10,2026-08-12 16:28:34.885936,8,98.6
EXP967448,India,E2,FL,HDFC ERGO,97.96,68.16,30.4,Auto+Health,True,1,12,2026-06-26 16:28:34.885952,10,97.9
EXP289394,India,H1B,WA,IMG Global,138.09,105.6,23.5,Renter,False,1,8,2026-07-10 16:28:34.885968,7,97.3
EXP216707,India,F1,CA,IMG Global,118.82,94.87,20.2,Auto+Health,True,2,12,2026-06-28 16:28:34.885984,7,99.2
EXP251968,India,E2,MA,CHUBB,144.27,112.1,22.3,Health,True,2,9,2026-08-01 16:28:34.886002,9,98.7
EXP560941,India,B1,IL,HDFC ERGO,144.44,114.91,20.4,Auto+Health,True,2,10,2026-08-08 16:28:34.886017,7,99.2
EXP499286,India,H1B,WA,CHUBB,107.13,80.28,25.1,Auto+Health,True,1,11,2026-06-06 16:28:34.886034,10,97.2
EXP995687,India,F1,MI,IMG Global,115.59,83.35,27.9,Auto+Health,False,1,7,2026-06-26 16:28:34.886050,8,97.3
EXP319434,India,B1,TX,AIG,110.46,71.98,34.8,Renter,True,2,12,2026-06-17 16:28:34.886066,9,97.2
EXP359456,India,L1,IL,ICICI Lombard,101.28,80.5,20.5,Renter,True,2,11,2026-07-25 16:28:34.886082,9,99.4
EXP438520,India,F1,CO,Allianz,107.51,82.85,22.9,Auto+Health,True,2,10,2026-08-18 16:28:34.886098,10,98.2
EXP714823,India,E2,CO,AIG,148.01,103.65,30.0,Auto+Health,True,3,9,2026-06-17 16:28:34.886114,8,98.5
EXP385920,India,L1,TX,IMG Global,91.22,72.44,20.6,Auto,True,1,9,2026-08-04 16:28:34.886130,10,97.2
EXP861294,India,L1,PA,CHUBB,101.44,74.88,26.2,Health,True,2,7,2026-08-07 16:28:34.886145,9,98.4
EXP949513,India,H1B,GA,ICICI Lombard,94.22,70.11,25.6,Health,False,1,12,2026-07-02 16:28:34.886161,8,99.0
EXP730509,India,E2,CO,IMG Global,122.9,95.12,22.6,Auto,True,1,11,2026-06-28 16:28:34.886177,7,98.3
EXP391488,India,F1,GA,Allianz,77.66,60.49,22.1,Renter,True,1,13,2026-08-09 16:28:34.886193,9,98.4
EXP326198,India,F1,FL,Allianz,75.44,51.28,32.0,Renter,True,1,12,2026-07-18 16:28:34.886208,8,97.4
EXP310858,India,B1,GA,CHUBB,102.59,66.88,34.8,Renter,True,2,8,2026-07-26 16:28:34.886226,8,98.1
EXP821760,India,E2,WA,ICICI Lombard,78.45,58.59,25.3,Renter,True,2,8,2026-08-24 16:28:34.886242,7,98.0
EXP470852,India,L1,CO,HDFC ERGO,134.1,87.74,34.6,Health,True,3,10,2026-07-06 16:28:34.886258,10,98.4
EXP760794,India,H1B,FL,Allianz,138.08,103.73,24.9,Health,True,2,10,2026-07-27 16:28:34.886273,10,98.6
EXP843323,India,F1,GA,HDFC ERGO,79.82,63.21,20.8,Renter,True,3,10,2026-08-10 16:28:34.886290,7,98.6
EXP785348,India,E2,IL,CHUBB,92.31,61.79,33.1,Auto,True,3,13,2026-07-03 16:28:34.886306,10,99.0
EXP945895,India,B1,PA,AIG,114.25,87.05,23.8,Auto,False,2,12,2026-06-11 16:28:34.886322,7,99.5
EXP662855,India,F1,MA,CHUBB,137.59,103.65,24.7,Auto,True,3,13,2026-07-28 16:28:34.886338,10,98.9
EXP940795,India,F1,TX,CHUBB,118.87,91.27,23.2,Auto,True,2,11,2026-08-23 16:28:34.886354,10,97.1
EXP848764,India,E2,MA,AIG,77.43,55.25,28.6,Auto,False,3,14,2026-06-21 16:28:34.886370,8,97.4
EXP217182,India,B1,CO,CHUBB,143.51,97.34,32.2,Auto,True,2,7,2026-06-05 16:28:34.886386,7,98.6
EXP819722,India,F1,CA,IMG Global,90.6,66.37,26.7,Auto,True,3,10,2026-08-19 16:28:34.886402,9,98.1
EXP996105,India,E2,TX,HDFC ERGO,101.53,77.9,23.3,Auto+Health,True,3,12,2026-06-25 16:28:34.886419,8,97.9
EXP416095,India,F1,MA,Allianz,81.88,55.99,31.6,Auto+Health,False,3,14,2026-08-20 16:28:34.886435,10,99.1
EXP547292,India,H1B,FL,HDFC ERGO,119.06,79.34,33.4,Renter,True,3,8,2026-06-18 16:28:34.886451,10,98.7
EXP279634,India,E2,GA,CHUBB,96.46,75.65,21.6,Auto,False,2,10,2026-07-17 16:28:34.886467,10,98.6
EXP273944,India,L1,CA,Allianz,105.28,80.67,23.4,Health,True,2,10,2026-07-26 16:28:34.886483,8,98.3
EXP549388,India,H1B,MI,Allianz,117.73,88.67,24.7,Renter,True,3,8,2026-06-29 16:28:34.886499,10,99.1
EXP901302,India,L1,CO,AIG,80.34,53.96,32.8,Auto+Health,True,3,10,2026-08-18 16:28:34.886522,7,98.8
EXP825192,India,L1,FL,IMG Global,100.12,69.42,30.7,Renter,False,1,7,2026-08-09 16:28:34.886538,9,98.2
EXP490239,India,B1,PA,AIG,137.74,99.63,27.7,Health,True,3,8,2026-05-29 16:28:34.886554,8,98.8
EXP502516,India,L1,TX,IMG Global,128.61,102.33,20.4,Health,True,2,9,2026-08-09 16:28:34.886570,9,98.4
EXP164305,India,F1,NC,AIG,83.6,59.26,29.1,Auto,True,2,9,2026-08-25 16:28:34.886586,10,97.5
EXP529655,India,F1,NC,Allianz,79.96,61.06,23.6,Auto+Health,True,2,13,2026-08-21 16:28:34.886602,7,97.8
EXP673370,India,E2,TX,IMG Global,91.31,72.37,20.7,Auto+Health,True,1,11,2026-06-11 16:28:34.886618,8,97.4
EXP321622,India,H1B,TX,CHUBB,82.96,61.09,26.4,Auto+Health,True,2,9,2026-06-08 16:28:34.886634,10,99.3
EXP803827,India,B1,GA,HDFC ERGO,122.95,89.79,27.0,Renter,True,2,10,2026-06-03 16:28:34.886651,10,97.8
EXP870505,India,L1,GA,Allianz,93.9,63.39,32.5,Renter,True,2,7,2026-06-19 16:28:34.886666,7,97.8
EXP548374,India,F1,CO,Allianz,118.17,80.96,31.5,Auto+Health,False,3,11,2026-07-10 16:28:34.886682,9,99.3
EXP607638,India,F1,WA,IMG Global,145.51,107.06,26.4,Renter,True,1,8,2026-06-12 16:28:34.886698,7,98.9
EXP494612,India,L1,MI,AIG,112.8,87.02,22.9,Auto,True,2,13,2026-08-21 16:28:34.886714,9,98.3
EXP111507,India,H1B,NC,AIG,137.63,103.26,25.0,Auto+Health,False,3,9,2026-06-04 16:28:34.886730,8,99.3
EXP350141,India,H1B,GA,AIG,110.25,86.29,21.7,Auto+Health,True,2,12,2026-06-13 16:28:34.886746,9,98.6
EXP357629,India,E2,CO,ICICI Lombard,83.36,54.54,34.6,Auto+Health,False,3,7,2026-08-17 16:28:34.886762,8,99.4
EXP826529,India,B1,CO,HDFC ERGO,83.64,58.26,30.3,Health,True,1,8,2026-07-08 16:28:34.886778,8,98.6
EXP357593,India,L1,WA,AIG,78.0,53.27,31.7,Health,False,1,12,2026-08-25 16:28:34.886794,10,98.9
EXP210441,India,B1,MI,IMG Global,101.24,78.17,22.8,Health,True,1,10,2026-06-11 16:28:34.886810,9,98.5
EXP521964,India,L1,MA,AIG,128.22,97.51,24.0,Health,False,1,14,2026-07-13 16:28:34.886826,9,98.4
EXP968344,India,L1,TX,ICICI Lombard,102.5,71.44,30.3,Auto+Health,True,2,11,2026-06-25 16:28:34.886842,8,98.8
EXP978678,India,H1B,WA,IMG Global,121.07,93.11,23.1,Auto+Health,True,1,8,2026-05-30 16:28:34.886858,10,97.1
EXP153118,India,B1,MA,Allianz,112.79,89.27,20.9,Health,False,1,8,2026-07-30 16:28:34.886873,9,98.5
EXP307883,India,L1,MI,AIG,124.64,86.77,30.4,Renter,True,3,12,2026-05-31 16:28:34.886889,10,98.8
EXP172201,India,E2,NY,AIG,123.62,93.71,24.2,Auto,True,1,9,2026-07-18 16:28:34.886905,8,98.2
EXP106538,India,E2,MI,AIG,112.43,85.62,23.8,Renter,True,2,10,2026-07-28 16:28:34.886921,9,97.8
EXP279925,India,B1,CO,CHUBB,122.67,89.29,27.2,Health,True,1,10,2026-07-01 16:28:34.886937,8,98.1
EXP556111,India,B1,TX,CHUBB,134.7,101.28,24.8,Renter,True,2,9,2026-06-06 16:28:34.886953,9,98.5
EXP548539,India,E2,PA,ICICI Lombard,124.96,84.16,32.6,Auto,False,3,7,2026-07-22 16:28:34.886969,8,97.4
EXP985352,India,B1,WA,CHUBB,137.69,106.65,22.5,Renter,True,1,12,2026-06-03 16:28:34.886986,9,98.4
EXP588993,India,H1B,TX,CHUBB,137.34,93.07,32.2,Auto+Health,True,1,7,2026-08-23 16:28:34.887002,7,97.3
EXP640636,India,L1,IL,IMG Global,138.44,100.06,27.7,Health,True,3,10,2026-08-01 16:28:34.887019,8,99.1
EXP503879,India,L1,IL,ICICI Lombard,107.43,85.7,20.2,Renter,True,1,14,2026-07-26 16:28:34.887036,8,97.4
EXP406424,India,L1,FL,Allianz,125.65,84.26,32.9,Auto,True,3,13,2026-07-29 16:28:34.887052,9,98.6
EXP339064,India,E2,GA,CHUBB,145.26,113.23,22.0,Auto,True,2,9,2026-06-30 16:28:34.887068,9,97.1
EXP682672,India,E2,WA,IMG Global,133.93,89.21,33.4,Health,True,2,7,2026-07-10 16:28:34.887084,7,98.8
EXP846582,India,H1B,MI,HDFC ERGO,88.19,66.43,24.7,Renter,False,3,11,2026-08-21 16:28:34.887100,7,98.9
EXP719324,India,H1B,MA,AIG,105.49,77.35,26.7,Auto+Health,True,1,13,2026-07-22 16:28:34.887116,7,97.5
EXP854016,India,E2,CO,CHUBB,148.25,109.81,25.9,Renter,True,2,8,2026-07-19 16:28:34.887132,7,97.7
EXP949332,India,E2,NC,Allianz,105.84,84.2,20.4,Renter,False,1,7,2026-08-19 16:28:34.887149,8,99.3
EXP453342,India,L1,NY,AIG,139.59,110.53,20.8,Auto,True,2,11,2026-06-25 16:28:34.887165,7,98.2
EXP434449,India,L1,WA,AIG,113.53,87.03,23.3,Health,True,1,10,2026-07-01 16:28:34.887182,7,98.0
EXP636814,India,F1,FL,Allianz,93.15,71.81,22.9,Renter,False,2,14,2026-07-06 16:28:34.887199,7,98.8
EXP636016,India,H1B,MA,Allianz,88.09,66.92,24.0,Auto+Health,True,1,13,2026-06-20 16:28:34.887215,8,98.4
EXP716619,India,B1,IL,HDFC ERGO,117.29,85.26,27.3,Health,True,2,7,2026-07-08 16:28:34.887231,7,97.8
EXP236972,India,L1,CO,AIG,76.87,51.37,33.2,Health,True,3,9,2026-06-03 16:28:34.887247,10,97.9
EXP402082,India,B1,WA,IMG Global,87.09,67.08,23.0,Auto+Health,True,3,9,2026-06-13 16:28:34.887263,10,98.7
EXP895809,India,F1,MA,IMG Global,149.9,119.01,20.6,Auto+Health,False,2,14,2026-08-22 16:28:34.887279,7,98.7
EXP241444,India,L1,NC,IMG Global,124.55,91.98,26.2,Health,True,2,8,2026-07-22 16:28:34.887296,7,97.7
EXP387918,India,H1B,NC,HDFC ERGO,130.46,94.77,27.4,Renter,False,3,13,2026-08-17 16:28:34.887312,10,98.6
EXP278144,India,E2,CA,ICICI Lombard,130.78,86.19,34.1,Health,True,1,12,2026-07-28 16:28:34.887328,8,99.1
EXP820220,India,H1B,GA,HDFC ERGO,112.22,89.48,20.3,Health,True,1,14,2026-07-08 16:28:34.887343,10,98.8
EXP329093,India,B1,IL,ICICI Lombard,92.14,70.79,23.2,Renter,False,1,11,2026-06-13 16:28:34.887359,9,99.0
EXP993906,India,F1,CO,Allianz,112.2,86.45,22.9,Auto,False,2,12,2026-08-02 16:28:34.887375,9,97.6
EXP919954,India,E2,TX,ICICI Lombard,99.82,70.16,29.7,Auto+Health,True,1,9,2026-07-22 16:28:34.887391,9,99.1
EXP897926,India,H1B,PA,HDFC ERGO,94.68,71.55,24.4,Health,False,2,11,2026-07-14 16:28:34.887408,7,99.4
EXP971167,India,H1B,MA,AIG,82.66,53.84,34.9,Auto+Health,True,3,7,2026-07-29 16:28:34.887424,8,98.7
EXP670962,India,H1B,CO,CHUBB,135.57,104.85,22.7,Health,True,2,14,2026-06-25 16:28:34.887440,7,99.4
EXP192341,India,E2,TX,ICICI Lombard,102.67,73.42,28.5,Auto,True,3,9,2026-08-22 16:28:34.887456,9,97.1
EXP514728,India,B1,PA,Allianz,87.06,63.34,27.2,Health,True,1,11,2026-07-22 16:28:34.887471,7,98.0
EXP225166,India,F1,PA,CHUBB,94.38,63.9,32.3,Auto+Health,False,3,9,2026-07-21 16:28:34.887488,9,97.8
EXP607681,India,F1,MI,AIG,113.09,76.33,32.5,Auto,False,3,8,2026-05-30 16:28:34.887503,9,99.3
EXP182261,India,B1,MA,AIG,129.44,94.71,26.8,Renter,True,3,8,2026-08-23 16:28:34.887520,10,98.5
EXP893911,India,H1B,GA,IMG Global,136.31,106.31,22.0,Health,False,3,12,2026-07-13 16:28:34.887536,8,99.5
EXP527614,India,B1,TX,Allianz,94.71,73.28,22.6,Auto,False,2,13,2026-08-25 16:28:34.887552,10,97.2
EXP856166,India,E2,CO,CHUBB,129.85,102.6,21.0,Renter,False,3,8,2026-08-23 16:28:34.887567,10,97.3
EXP229699,India,L1,MI,CHUBB,85.16,60.86,28.5,Auto,True,2,8,2026-08-10 16:28:34.887583,9,98.5
EXP148664,India,L1,TX,HDFC ERGO,117.52,89.03,24.2,Auto,True,1,14,2026-08-13 16:28:34.887599,9,98.2
EXP980154,India,L1,TX,CHUBB,123.91,80.82,34.8,Auto,True,1,13,2026-06-07 16:28:34.887615,8,99.2
EXP189075,India,E2,GA,IMG Global,87.18,61.0,30.0,Auto,True,1,10,2026-07-28 16:28:34.887631,8,98.8
EXP327841,India,L1,GA,ICICI Lombard,99.23,78.7,20.7,Auto,True,1,8,2026-06-06 16:28:34.887647,7,99.3
EXP136666,India,B1,NY,HDFC ERGO,143.95,110.14,23.5,Auto,True,2,13,2026-08-20 16:28:34.887663,7,97.1
EXP769761,India,F1,CO,AIG,76.6,51.09,33.3,Renter,True,2,8,2026-07-21 16:28:34.887679,8,97.4
EXP395843,India,E2,NY,HDFC ERGO,107.96,70.21,35.0,Auto,True,2,13,2026-08-11 16:28:34.887695,7,98.7
EXP189838,India,B1,WA,ICICI Lombard,107.29,73.71,31.3,Health,True,2,12,2026-06-13 16:28:34.887711,8,98.0
EXP559246,India,B1,MA,HDFC ERGO,143.51,98.29,31.5,Auto,True,2,14,2026-06-28 16:28:34.887727,9,98.9
EXP337668,India,E2,PA,HDFC ERGO,91.17,66.44,27.1,Auto+Health,True,1,12,2026-08-10 16:28:34.887742,10,97.1
